distance_km,traffic_ratio,weather_severity,vehicle_load,driver_fatigue,historical_delay,hub_congestion,product_type,priority,road_quality,temperature_celsius,precipitation_mm,wind_speed_kmh,is_peak_hour,active_incidents,vehicle_type_risk,actual_delay_minutes
175.59,2.64,0.31,0.8,0.38,1.87,0.25,perishable,standard,0.8,25.3,22.1,15.8,0,0,1.2,52.92
134.43,1.32,0.38,0.34,0.09,2.48,7.24,general,critical,0.79,25.3,26.9,16.4,1,0,1.0,21.29
187.78,1.34,0.3,0.58,0.28,6.51,1.7,medicine,standard,0.71,32.4,15.8,14.1,0,0,1.2,16.26
86.54,2.42,0.25,0.47,0.09,4.09,2.4,general,high,0.83,28.5,14.7,10.9,0,1,1.0,19.05
269.98,2.24,0.3,0.51,0.72,2.02,2.19,general,standard,0.74,23.8,15.6,12.6,1,0,1.0,41.67
64.61,2.55,0.32,0.19,0.16,2.65,0.73,general,high,0.84,24.2,24.7,12.1,1,1,1.0,18.0
230.45,1.78,0.5,0.61,0.34,11.21,5.85,medicine,standard,0.72,31.2,27.5,19.4,1,0,1.2,48.89
98.36,1.29,0.19,0.67,0.18,3.66,3.7,general,critical,0.83,32.2,13.6,7.7,0,0,1.0,7.58
112.59,1.47,0.27,0.14,0.53,10.81,1.69,perishable,low,0.86,25.2,21.5,15.5,0,1,1.2,16.1
198.88,1.16,0.79,0.22,0.62,4.46,0.14,hazmat,high,0.86,26.3,47.9,46.3,0,0,1.4,22.71
255.0,2.29,0.4,0.16,0.1,3.94,0.09,perishable,standard,0.68,27.0,22.6,14.4,0,0,1.2,57.88
51.95,1.62,0.29,0.28,0.13,17.31,1.13,general,high,0.76,26.2,17.5,12.5,1,1,1.0,16.06
173.22,1.98,0.49,0.16,0.51,0.42,0.7,perishable,standard,0.77,29.6,35.2,25.0,1,2,1.2,44.57
145.89,2.19,0.57,0.47,0.24,2.92,4.7,general,critical,0.65,28.2,32.9,27.5,1,1,1.0,41.67
71.29,1.91,0.76,0.33,0.6,0.62,2.39,general,standard,0.78,30.7,60.5,36.4,0,2,1.0,19.0
178.94,1.26,0.4,0.77,0.15,7.1,1.73,general,high,0.73,28.3,29.1,21.8,0,1,1.0,10.26
73.29,1.47,0.52,0.94,0.4,4.46,1.06,furniture,standard,0.84,33.9,31.1,23.6,1,0,1.0,27.88
153.16,1.07,0.04,0.57,0.37,2.34,8.19,hazmat,low,0.83,30.8,3.0,1.6,0,0,1.4,4.73
97.31,1.11,0.19,0.42,0.05,2.51,0.62,furniture,low,0.87,30.0,10.7,10.0,1,0,1.0,6.25
115.66,1.6,0.18,0.6,0.18,0.77,3.03,luxury,high,0.83,29.6,10.1,6.7,0,1,1.0,16.15
124.75,1.87,0.08,0.23,0.26,1.54,4.12,general,standard,0.73,31.2,6.2,3.9,0,1,1.0,19.71
196.52,2.51,0.6,0.83,0.33,7.3,2.72,perishable,high,0.75,29.4,43.5,21.8,1,0,1.2,63.91
77.2,1.81,0.69,0.59,0.19,8.65,11.16,luxury,low,0.9,29.8,48.1,26.9,0,1,1.0,24.32
159.08,1.99,0.4,0.12,0.56,9.21,7.43,furniture,low,0.88,26.2,21.3,18.3,1,0,1.0,19.77
107.85,1.14,0.64,0.55,0.51,0.28,5.55,general,standard,0.95,31.3,45.4,27.8,1,0,1.0,21.58
108.43,2.21,0.44,0.66,0.43,1.04,4.19,perishable,low,0.58,36.6,31.1,16.7,0,0,1.2,36.47
175.05,1.56,0.42,0.23,0.46,2.74,0.84,perishable,standard,0.89,29.9,26.6,14.9,0,1,1.2,24.17
102.12,1.86,0.71,0.45,0.29,2.95,4.5,furniture,critical,0.82,33.0,37.2,34.7,0,2,1.0,21.55
107.41,2.37,0.1,0.35,0.31,1.57,3.35,medicine,standard,0.94,30.2,7.3,4.1,0,1,1.2,20.68
143.06,1.79,0.46,0.54,0.09,19.98,10.63,medicine,standard,0.79,31.6,26.6,20.5,0,0,1.2,34.13
64.65,1.58,0.59,0.53,0.33,12.95,1.63,luxury,critical,0.92,33.4,30.2,30.6,0,1,1.0,15.78
109.37,2.08,0.07,0.89,0.17,0.46,1.17,general,high,0.94,30.7,3.8,3.8,0,1,1.0,20.25
157.67,2.09,0.04,0.9,0.49,6.14,8.26,furniture,critical,0.62,32.2,2.5,1.9,1,0,1.0,21.5
31.03,1.25,0.26,0.35,0.12,1.2,1.7,luxury,high,0.62,32.8,19.3,15.4,0,1,1.0,8.69
60.78,1.72,0.56,0.77,0.46,17.34,5.6,general,standard,0.81,31.6,37.3,27.0,0,0,1.0,18.58
111.81,1.74,0.13,0.22,0.48,5.71,2.06,hazmat,standard,0.86,33.6,6.5,6.7,0,0,1.4,15.0
166.93,2.15,0.32,0.43,0.36,0.37,1.42,general,high,0.83,29.9,16.5,11.5,0,0,1.0,30.91
285.43,1.64,0.19,0.43,0.35,0.2,2.44,perishable,low,0.67,29.3,10.7,7.2,0,0,1.2,40.36
98.63,1.44,0.4,0.86,0.61,1.93,3.65,medicine,standard,0.91,26.7,30.1,22.1,1,0,1.2,29.93
44.49,1.64,0.63,0.17,0.39,4.04,0.31,medicine,high,0.83,30.3,31.7,29.2,0,1,1.2,14.35
42.38,1.26,0.46,0.56,0.21,3.98,1.78,general,high,0.7,26.6,22.6,27.0,1,0,1.0,4.55
101.64,1.06,0.31,0.49,0.3,3.8,2.02,furniture,low,0.69,31.6,23.6,12.5,0,1,1.0,5.98
255.17,1.77,0.07,0.64,0.08,7.07,3.7,perishable,critical,0.88,27.3,5.4,3.3,0,1,1.2,23.68
39.74,1.56,0.4,0.88,0.45,8.07,10.14,hazmat,low,0.78,35.0,25.3,24.0,1,0,1.4,36.94
118.0,1.72,0.29,0.16,0.48,1.18,7.66,hazmat,standard,0.62,34.9,22.3,14.3,1,0,1.4,32.4
154.58,1.91,0.68,0.98,0.52,0.26,4.02,medicine,low,0.72,31.2,38.5,28.4,0,1,1.2,38.22
85.59,1.87,0.52,0.69,0.58,0.39,2.59,furniture,standard,0.78,32.9,28.7,22.5,0,1,1.0,17.11
196.54,2.3,0.22,0.79,0.32,9.31,0.35,general,standard,0.94,26.7,13.5,12.1,1,1,1.0,41.93
214.25,1.62,0.37,0.46,0.32,4.03,3.3,hazmat,standard,0.8,29.5,23.7,14.7,0,0,1.4,30.48
54.5,2.51,0.42,0.95,0.49,2.37,1.21,perishable,high,0.92,29.2,24.0,23.2,0,1,1.2,25.76
173.51,2.11,0.12,0.4,0.28,6.57,2.18,luxury,high,0.84,31.9,7.5,4.5,1,0,1.0,20.24
163.29,1.55,0.13,0.8,0.39,9.82,5.61,general,standard,0.66,31.6,8.9,4.8,0,0,1.0,19.33
117.02,1.98,0.19,0.84,0.3,5.64,0.14,luxury,high,0.83,32.2,11.4,9.2,1,0,1.0,14.91
82.47,1.39,0.39,0.72,0.5,0.26,10.13,furniture,standard,0.7,26.2,28.1,21.9,0,0,1.0,13.65
224.28,2.02,0.23,0.78,0.21,11.88,6.45,perishable,low,0.92,33.8,12.5,12.7,0,0,1.2,48.32
57.27,1.48,0.7,0.23,0.05,2.91,1.39,general,high,0.74,26.4,37.2,34.1,0,1,1.0,16.12
94.01,1.94,0.06,0.2,0.34,2.99,3.15,perishable,high,0.6,27.1,4.6,3.1,1,0,1.2,20.97
170.67,2.28,0.2,0.6,0.14,10.86,0.4,hazmat,high,0.7,33.1,14.8,11.7,1,1,1.4,49.24
168.85,2.0,0.18,0.41,0.42,8.62,0.34,hazmat,critical,0.92,28.7,11.8,6.4,1,1,1.4,34.66
225.5,1.88,0.21,0.87,0.37,9.28,0.15,furniture,high,0.89,23.7,16.6,9.1,0,0,1.0,24.87
76.6,2.12,0.37,0.3,0.07,0.25,9.26,general,critical,0.93,26.8,29.2,20.3,0,1,1.0,19.48
209.2,1.93,0.68,0.7,0.18,3.41,0.26,general,high,0.73,30.1,45.5,25.9,0,1,1.0,36.28
150.57,2.66,0.37,0.32,0.64,9.64,2.63,medicine,critical,0.69,31.1,18.8,15.0,0,0,1.2,41.43
143.9,2.02,0.54,0.25,0.21,7.26,0.1,furniture,high,0.9,36.4,31.1,20.3,0,0,1.0,18.26
124.95,2.16,0.21,0.27,0.64,21.47,1.92,perishable,standard,0.94,27.6,15.7,12.5,1,0,1.2,32.24
220.67,1.77,0.51,0.36,0.09,2.94,2.19,general,high,0.63,31.0,27.9,22.5,1,0,1.0,31.37
53.1,1.42,0.07,0.84,0.2,8.62,1.0,furniture,standard,0.65,29.0,3.5,2.7,1,0,1.0,6.27
41.31,1.68,0.24,1.0,0.28,12.57,3.02,general,standard,0.87,24.6,15.0,13.0,0,0,1.0,13.42
239.08,1.11,0.17,0.57,0.15,2.18,8.49,luxury,standard,0.94,30.2,11.3,7.6,0,1,1.0,10.31
176.4,1.44,0.09,0.21,0.11,0.21,4.7,medicine,high,0.78,32.2,4.7,4.7,0,0,1.2,14.47
225.97,1.03,0.11,0.82,0.58,0.7,2.91,perishable,low,0.85,30.3,7.0,4.1,0,3,1.2,19.96
194.73,1.24,0.56,0.21,0.1,3.39,1.41,furniture,high,0.85,27.1,37.8,29.2,1,0,1.0,23.54
107.98,1.2,0.27,0.32,0.33,6.48,1.04,perishable,high,0.65,32.0,18.1,12.4,0,1,1.2,9.97
214.94,1.76,0.11,0.96,0.34,2.76,9.41,perishable,high,0.63,29.2,6.1,4.9,0,1,1.2,34.87
166.17,1.67,0.22,0.29,0.07,3.68,1.77,general,standard,0.79,28.8,14.6,8.2,1,0,1.0,16.75
103.9,1.25,0.73,0.61,0.49,10.81,8.34,furniture,high,0.81,33.9,50.6,36.1,0,0,1.0,19.16
139.24,1.9,0.35,0.91,0.29,1.38,1.63,medicine,standard,0.71,25.9,20.2,17.3,0,1,1.2,34.65
76.85,1.69,0.54,0.74,0.18,15.21,1.56,perishable,critical,0.91,27.2,32.9,23.2,0,0,1.2,16.06
338.05,1.95,0.42,0.79,0.58,0.61,9.39,furniture,standard,0.92,26.3,31.4,15.7,0,1,1.0,47.93
37.77,2.31,0.07,0.32,0.64,3.43,4.91,perishable,standard,0.92,32.5,3.7,3.9,0,0,1.2,10.57
28.28,1.65,0.56,0.85,0.41,3.12,2.24,perishable,standard,0.74,24.6,28.8,33.2,0,0,1.2,18.51
85.54,1.71,0.21,0.37,0.37,3.35,4.8,furniture,high,0.92,26.6,14.4,8.4,0,0,1.0,9.29
162.5,1.2,0.75,0.56,0.24,5.61,0.39,general,standard,0.97,28.8,54.1,33.4,0,1,1.0,18.04
61.72,1.5,0.24,0.53,0.3,1.76,0.77,furniture,standard,0.67,30.6,16.1,10.3,0,0,1.0,11.37
66.37,1.8,0.5,0.54,0.09,3.01,5.56,perishable,standard,0.9,23.0,35.4,29.3,0,1,1.2,21.94
159.19,1.59,0.56,0.83,0.05,2.02,7.63,furniture,high,0.97,31.4,35.8,33.1,1,0,1.0,25.76
126.36,2.29,0.43,0.48,0.27,14.58,0.6,hazmat,critical,0.92,33.9,21.8,21.3,0,1,1.4,40.73
145.05,1.51,0.22,0.85,0.28,1.8,2.77,medicine,standard,0.56,35.3,13.3,9.5,0,0,1.2,20.0
204.46,2.0,0.19,0.92,0.53,1.46,3.21,furniture,standard,0.93,32.6,14.8,8.7,0,1,1.0,29.29
102.9,2.23,0.16,0.88,0.5,1.01,0.28,furniture,high,0.75,26.2,8.1,9.6,1,0,1.0,24.7
119.62,1.94,0.46,0.92,0.77,2.62,1.26,hazmat,standard,0.99,31.3,33.6,21.1,1,0,1.4,40.55
91.29,2.78,0.21,0.28,0.15,1.57,2.39,general,standard,0.91,24.7,11.7,8.3,1,1,1.0,20.59
126.72,1.2,0.39,0.79,0.31,3.05,10.22,perishable,standard,0.95,31.0,31.2,15.8,0,0,1.2,17.5
123.64,1.32,0.68,0.5,0.34,1.0,3.71,medicine,standard,0.96,27.9,43.4,34.5,0,0,1.2,23.5
175.4,1.19,0.61,0.82,0.27,18.65,0.98,general,high,0.81,25.5,30.3,30.7,0,1,1.0,17.5
193.77,1.87,0.53,0.45,0.2,4.93,4.58,furniture,high,0.85,25.7,34.6,27.9,1,0,1.0,33.03
185.73,1.36,0.49,0.64,0.43,5.31,1.91,perishable,standard,0.68,34.7,26.9,22.8,0,0,1.2,21.85
53.72,1.5,0.12,0.2,0.53,5.43,4.06,furniture,critical,0.88,30.4,5.9,6.9,0,0,1.0,6.41
109.84,1.2,0.24,0.56,0.41,1.6,0.04,hazmat,standard,0.71,34.0,15.2,10.5,0,0,1.4,11.5
91.92,2.9,0.51,0.35,0.12,7.84,2.24,medicine,high,0.73,34.4,29.6,22.3,0,3,1.2,35.67
128.23,2.99,0.2,0.54,0.43,1.51,4.91,luxury,high,0.81,29.5,15.8,9.6,0,0,1.0,33.26
239.75,1.3,0.54,0.81,0.14,1.25,5.87,furniture,standard,0.65,30.9,31.5,24.2,0,1,1.0,24.42
76.08,1.78,0.14,0.36,0.25,0.18,11.62,luxury,standard,0.86,33.9,9.2,6.3,0,0,1.0,11.79
89.61,1.57,0.47,0.82,0.34,0.72,2.54,luxury,high,0.87,32.3,25.7,18.3,1,0,1.0,16.63
128.42,1.35,0.19,0.83,0.7,3.52,10.48,medicine,standard,0.79,28.7,10.7,7.0,0,0,1.2,11.35
105.17,1.7,0.17,0.87,0.43,4.43,6.59,luxury,high,0.7,27.7,11.1,6.7,0,0,1.0,14.74
89.65,1.05,0.3,0.18,0.37,5.62,2.47,general,standard,0.9,27.6,20.4,14.2,1,2,1.0,11.71
151.13,1.09,0.3,0.1,0.18,9.15,4.19,medicine,high,0.9,34.1,23.7,16.0,0,2,1.2,14.9
137.27,1.58,0.35,0.67,0.35,9.37,10.31,hazmat,critical,0.94,31.6,17.3,17.2,0,1,1.4,24.87
84.86,1.04,0.28,0.15,0.25,2.48,1.75,general,high,0.91,34.6,16.4,10.1,0,1,1.0,6.96
38.17,1.63,0.33,0.47,0.44,1.79,10.79,perishable,low,0.59,29.4,18.4,16.8,0,1,1.2,22.46
222.4,1.26,0.69,0.91,0.23,1.41,5.7,perishable,low,0.91,34.8,53.9,31.2,1,0,1.2,33.78
90.52,1.64,0.04,0.33,0.44,0.63,0.49,perishable,low,0.67,33.5,3.1,2.4,0,0,1.2,17.71
277.43,1.59,0.22,0.34,0.33,0.9,6.76,general,high,0.74,26.4,13.8,11.9,1,0,1.0,22.32
245.3,2.34,0.07,0.62,0.48,6.9,1.42,furniture,low,0.71,35.1,4.9,3.0,0,1,1.0,55.4
181.34,1.64,0.23,0.99,0.09,1.66,0.16,general,critical,0.88,29.0,17.5,10.7,0,0,1.0,16.84
63.47,2.04,0.11,0.19,0.14,2.94,2.85,perishable,standard,1.0,35.4,6.6,5.9,0,0,1.2,15.17
82.68,1.17,0.27,0.97,0.21,9.24,12.02,medicine,standard,0.79,30.1,16.1,12.7,1,0,1.2,15.91
135.69,1.78,0.59,0.67,0.34,2.24,7.19,perishable,standard,0.87,29.6,47.2,28.4,0,0,1.2,27.45
84.88,1.68,0.37,0.78,0.35,2.73,3.45,luxury,standard,0.63,31.8,20.8,15.8,1,0,1.0,14.17
121.18,1.71,0.11,0.26,0.37,1.6,11.13,hazmat,standard,0.77,31.3,7.8,4.4,1,1,1.4,22.61
27.17,1.67,0.22,0.64,0.21,1.64,1.54,general,high,0.88,28.3,15.4,11.2,0,0,1.0,5.21
217.35,2.4,0.3,0.24,0.17,10.96,2.63,perishable,high,0.73,29.0,23.8,11.9,0,1,1.2,57.5
168.12,1.93,0.05,0.54,0.41,2.69,7.26,general,critical,0.79,35.5,2.9,3.0,0,3,1.0,27.98
115.93,1.84,0.33,0.48,0.21,0.94,0.57,general,high,0.91,26.7,20.7,12.0,0,1,1.0,17.73
291.51,1.52,0.22,0.78,0.11,2.97,1.36,medicine,high,0.67,25.4,16.9,12.1,1,0,1.2,31.09
91.4,1.99,0.7,0.43,0.05,11.72,3.83,general,critical,0.77,32.7,34.8,30.7,0,0,1.0,15.8
290.86,2.38,0.17,0.17,0.4,0.47,2.65,perishable,low,0.96,28.3,11.7,8.3,0,0,1.2,81.84
40.22,1.84,0.05,0.95,0.65,0.56,3.09,general,low,0.76,27.3,2.9,2.4,0,0,1.0,13.87
26.64,1.54,0.64,0.23,0.54,0.36,3.2,furniture,standard,0.75,30.4,31.4,25.8,1,1,1.0,24.2
214.88,1.93,0.59,0.44,0.2,4.49,1.13,general,high,0.86,27.0,43.8,35.2,1,1,1.0,41.54
94.21,1.56,0.01,0.57,0.18,1.04,5.53,luxury,low,0.88,32.8,0.7,0.5,1,2,1.0,13.75
144.94,2.16,0.33,0.9,0.32,11.77,11.0,perishable,low,0.82,29.1,19.6,14.8,1,0,1.2,48.85
191.11,1.65,0.1,0.19,0.48,18.84,3.82,perishable,standard,0.78,36.3,6.3,4.8,0,1,1.2,29.43
238.52,1.32,0.22,0.71,0.2,10.56,1.6,luxury,high,0.9,32.6,13.0,10.3,0,1,1.0,17.75
85.1,2.82,0.46,0.49,0.71,5.11,9.0,hazmat,standard,0.84,27.9,23.4,25.9,0,1,1.4,42.05
141.81,2.42,0.65,0.81,0.49,0.9,5.45,perishable,standard,0.78,28.4,51.4,23.5,0,1,1.2,57.06
132.28,2.24,0.37,0.88,0.56,0.97,2.19,luxury,critical,0.83,30.0,24.2,21.8,1,0,1.0,30.66
26.78,1.71,0.65,0.29,0.08,5.07,0.97,luxury,standard,0.95,26.7,47.7,37.3,0,0,1.0,11.33
157.03,1.64,0.34,0.65,0.33,4.26,9.64,hazmat,standard,0.9,30.1,25.6,13.6,0,0,1.4,27.54
184.41,2.29,0.74,0.57,0.59,3.76,12.55,luxury,standard,0.73,35.7,53.5,35.5,0,1,1.0,46.59
169.48,1.22,0.27,0.62,0.18,11.12,1.82,furniture,low,0.69,30.2,15.2,13.9,0,0,1.0,8.12
154.39,1.84,0.3,0.87,0.39,4.15,4.55,furniture,high,0.76,33.1,15.0,12.5,0,0,1.0,22.42
187.69,1.61,0.1,0.37,0.25,1.46,3.13,luxury,standard,0.71,30.1,5.0,5.2,1,1,1.0,18.62
192.08,1.44,0.08,0.37,0.09,0.77,6.39,furniture,standard,0.78,26.5,4.0,2.9,0,0,1.0,18.78
79.69,1.39,0.26,0.75,0.39,4.2,14.34,perishable,standard,0.77,33.4,15.9,10.8,0,1,1.2,12.89
269.01,2.55,0.08,0.56,0.55,0.08,0.66,perishable,high,0.81,25.9,5.3,3.0,0,0,1.2,61.62
208.61,2.23,0.39,0.64,0.43,10.89,1.82,medicine,standard,0.79,30.7,31.2,22.2,0,0,1.2,36.92
104.52,1.38,0.65,0.8,0.45,0.04,6.64,hazmat,standard,0.85,25.5,36.0,29.3,0,0,1.4,22.35
94.8,1.14,0.62,0.44,0.33,1.74,2.6,general,high,0.95,34.7,37.6,36.5,1,0,1.0,18.69
105.06,1.09,0.12,0.39,0.48,9.48,1.79,general,critical,0.65,29.5,6.8,5.4,0,1,1.0,3.48
177.87,1.93,0.55,0.47,0.15,2.08,0.42,hazmat,standard,0.85,27.2,40.6,26.0,0,1,1.4,47.86
219.58,3.1,0.38,0.12,0.31,0.98,3.93,general,high,0.84,35.1,27.0,14.5,1,2,1.0,71.85
267.26,1.78,0.07,0.84,0.29,0.6,4.48,luxury,standard,0.8,33.4,5.6,4.1,0,1,1.0,36.49
111.92,1.21,0.51,0.45,0.36,4.53,1.88,furniture,standard,0.71,29.2,25.6,24.9,0,0,1.0,12.39
57.27,1.96,0.23,0.48,0.6,0.73,0.17,hazmat,standard,0.6,32.3,11.8,8.7,0,1,1.4,22.95
98.19,1.52,0.74,0.81,0.24,2.77,0.17,medicine,high,0.74,29.6,47.7,36.2,1,0,1.2,33.06
81.12,1.54,0.11,0.28,0.2,1.51,0.58,luxury,standard,0.73,28.8,6.2,4.3,0,0,1.0,5.92
190.0,1.95,0.19,0.23,0.42,8.43,1.56,general,high,0.76,32.3,13.5,8.6,0,0,1.0,22.12
108.26,1.14,0.52,0.92,0.2,4.47,0.54,general,high,0.75,30.6,36.4,23.8,0,0,1.0,7.96
95.68,2.68,0.29,0.93,0.44,1.59,1.92,general,high,0.73,25.8,16.5,16.0,1,0,1.0,32.34
112.48,1.83,0.18,0.81,0.29,0.22,5.27,general,critical,0.97,27.2,13.7,10.2,0,0,1.0,15.8
95.12,1.86,0.37,0.24,0.31,2.75,1.58,medicine,low,0.87,32.4,20.0,13.7,1,1,1.2,24.62
78.53,1.4,0.57,0.84,0.29,2.26,0.77,perishable,critical,0.8,30.7,43.3,30.0,0,0,1.2,15.52
248.85,1.14,0.36,0.94,0.17,1.9,3.45,perishable,low,0.9,27.9,23.2,20.8,0,1,1.2,24.0
74.03,1.7,0.47,0.87,0.49,1.65,3.56,general,high,0.68,26.1,24.6,21.9,0,2,1.0,16.23
189.54,1.48,0.19,0.46,0.47,2.78,9.05,perishable,standard,0.91,28.0,11.9,10.8,0,1,1.2,22.49
48.71,2.21,0.09,0.18,0.09,0.55,3.66,furniture,standard,0.96,33.2,7.2,3.6,1,0,1.0,7.96
172.48,1.2,0.2,0.44,0.04,2.65,5.56,furniture,low,0.59,32.8,14.2,7.9,1,1,1.0,13.89
270.73,2.43,0.68,0.1,0.49,0.25,0.83,medicine,standard,0.96,26.4,51.3,31.2,0,1,1.2,54.85
81.43,1.07,0.43,0.57,0.47,5.69,4.24,general,high,0.86,24.8,26.4,25.2,0,0,1.0,4.21
71.02,1.9,0.83,0.11,0.43,2.75,2.67,general,standard,0.79,26.8,60.1,29.8,0,0,1.0,18.9
117.68,1.24,0.35,0.6,0.13,3.46,5.86,perishable,high,0.61,28.4,22.5,18.2,1,0,1.2,12.56
55.0,1.13,0.21,0.5,0.23,10.11,3.03,perishable,standard,0.73,29.6,16.3,9.7,0,2,1.2,14.57
66.46,1.78,0.14,0.41,0.61,1.48,3.85,luxury,standard,0.81,28.5,10.4,4.9,1,0,1.0,15.03
311.3,1.6,0.64,0.37,0.35,1.07,1.04,furniture,critical,0.59,26.2,38.4,29.6,0,1,1.0,33.93
206.81,3.09,0.18,0.85,0.35,0.07,0.74,medicine,standard,0.77,28.6,11.2,6.7,1,0,1.2,76.17
64.6,1.57,0.37,0.56,0.16,5.09,12.93,furniture,critical,0.79,29.9,20.9,21.8,0,0,1.0,10.86
225.63,1.98,0.15,0.36,0.14,19.48,5.41,perishable,low,0.67,32.0,10.5,8.6,0,1,1.2,48.06
99.83,1.36,0.26,0.71,0.31,5.29,7.38,luxury,standard,0.83,29.7,19.5,10.2,0,1,1.0,12.63
158.79,1.84,0.28,0.64,0.45,11.56,3.98,perishable,low,0.81,27.4,20.5,14.8,0,1,1.2,48.25
127.01,1.66,0.62,0.39,0.31,1.48,0.2,hazmat,critical,0.83,31.5,45.4,31.0,0,0,1.4,29.25
209.46,2.04,0.58,0.99,0.39,3.49,2.46,general,high,0.81,30.8,46.0,25.3,0,0,1.0,33.15
166.64,1.25,0.05,0.8,0.47,0.23,13.46,general,standard,0.82,26.8,3.0,2.7,1,2,1.0,15.06
83.32,1.1,0.03,0.72,0.58,7.86,3.06,perishable,high,0.77,32.5,1.6,1.8,1,0,1.2,0.64
66.52,1.51,0.35,0.19,0.43,4.95,0.03,general,high,0.76,28.9,27.6,12.7,0,0,1.0,4.96
49.49,1.29,0.19,0.23,0.47,9.84,0.5,luxury,low,0.81,32.3,10.6,9.7,1,1,1.0,13.65
184.39,1.8,0.21,0.62,0.6,3.63,11.95,luxury,standard,0.73,26.5,11.8,10.7,1,1,1.0,28.34
47.88,1.34,0.73,0.92,0.35,1.23,10.89,general,high,0.71,27.8,52.7,38.0,0,0,1.0,14.52
131.75,1.89,0.5,0.52,0.66,3.0,2.1,luxury,standard,0.7,26.1,33.9,22.4,0,0,1.0,21.62
130.12,1.84,0.35,0.23,0.16,9.81,0.76,hazmat,high,0.83,32.7,22.2,17.9,0,0,1.4,35.35
114.69,1.19,0.31,0.58,0.44,13.38,2.56,furniture,low,0.87,28.2,19.2,11.3,0,1,1.0,7.79
163.25,2.07,0.37,0.95,0.31,1.63,8.92,hazmat,high,0.59,28.4,21.4,13.5,0,0,1.4,50.03
55.93,1.07,0.33,0.61,0.52,0.55,12.19,medicine,high,0.79,34.8,17.0,16.5,0,1,1.2,13.04
59.8,1.7,0.71,0.86,0.47,2.07,3.05,perishable,standard,0.77,31.6,40.6,38.9,1,2,1.2,37.91
174.87,2.43,0.7,0.87,0.39,9.76,1.04,general,low,0.8,32.3,45.4,28.4,0,0,1.0,32.18
87.08,1.83,0.06,0.29,0.09,9.42,6.36,furniture,high,0.62,31.4,3.5,2.9,0,0,1.0,15.18
180.77,2.01,0.29,0.58,0.23,17.6,0.37,hazmat,standard,0.93,34.2,19.0,10.2,0,1,1.4,40.19
131.56,2.27,0.51,0.16,0.16,1.04,13.44,perishable,critical,0.92,31.9,28.7,18.3,1,0,1.2,40.54
175.15,3.1,0.35,0.23,0.36,0.95,7.06,furniture,high,0.74,25.3,18.1,13.8,0,0,1.0,41.4
103.79,1.18,0.96,0.46,0.38,4.12,0.06,perishable,critical,0.81,27.9,76.2,50.5,1,0,1.2,19.39
78.78,1.58,0.43,0.16,0.55,6.89,1.16,hazmat,high,0.61,30.0,22.1,18.3,1,0,1.4,18.56
281.54,1.63,0.53,0.21,0.52,0.44,0.63,hazmat,standard,0.81,27.6,34.9,30.6,0,0,1.4,38.88
293.3,1.19,0.18,0.3,0.26,4.21,2.42,general,high,0.6,31.9,12.8,9.5,0,1,1.0,11.95
255.41,1.97,0.27,0.74,0.41,20.35,2.46,luxury,standard,0.92,28.1,17.6,12.6,0,0,1.0,33.13
156.48,2.19,0.11,0.2,0.3,10.37,5.74,perishable,standard,0.78,33.3,6.7,4.9,0,0,1.2,31.87
132.14,1.62,0.65,0.8,0.39,2.08,1.63,furniture,critical,0.73,30.8,49.9,32.9,0,1,1.0,22.7
35.85,1.46,0.37,0.6,0.44,3.34,2.05,medicine,critical,0.87,31.8,20.2,14.1,1,2,1.2,16.66
154.71,1.18,0.53,0.99,0.52,1.25,0.85,luxury,high,0.92,31.1,37.7,26.5,1,2,1.0,17.09
81.2,1.58,0.39,0.17,0.12,6.67,0.84,luxury,high,0.76,24.9,21.6,14.7,0,1,1.0,15.67
49.28,1.89,0.61,0.82,0.45,3.1,5.44,medicine,low,0.89,33.2,45.6,24.3,0,1,1.2,23.6
153.72,1.99,0.3,0.52,0.6,2.12,2.86,luxury,low,0.88,33.2,23.6,11.7,0,1,1.0,31.42
293.1,2.01,0.67,0.14,0.11,4.15,3.21,luxury,critical,0.93,33.1,36.0,27.5,0,2,1.0,44.83
47.06,2.13,0.43,0.85,0.48,6.07,0.4,general,high,0.88,31.2,27.0,24.6,1,1,1.0,29.16
120.05,1.65,0.1,0.57,0.34,0.68,6.57,general,high,0.94,30.1,7.7,3.8,0,1,1.0,10.67
87.5,1.88,0.04,0.48,0.22,8.49,2.32,general,standard,0.68,26.0,2.1,1.8,0,1,1.0,15.49
174.4,2.13,0.37,0.68,0.52,0.54,7.27,hazmat,critical,0.77,24.5,25.4,14.7,1,3,1.4,72.54
181.37,2.22,0.22,0.45,0.38,9.57,3.33,perishable,standard,0.82,23.0,11.0,9.0,0,0,1.2,48.12
97.16,2.25,0.21,0.52,0.4,0.77,4.09,perishable,high,0.93,31.4,11.3,10.5,1,1,1.2,23.42
94.46,1.33,0.54,0.39,0.14,0.04,2.22,general,high,0.86,27.8,29.5,28.8,1,0,1.0,16.74
199.36,1.17,0.65,0.35,0.27,3.89,4.68,perishable,standard,0.92,26.0,47.2,36.5,0,0,1.2,9.32
78.93,2.62,0.06,0.5,0.53,1.45,2.26,perishable,high,0.78,31.0,3.9,2.7,0,0,1.2,28.75
46.71,1.72,0.68,0.49,0.46,4.69,2.94,general,standard,0.79,27.8,53.7,29.8,1,0,1.0,24.15
156.19,1.77,0.06,0.19,0.36,0.39,2.34,perishable,low,0.77,26.6,3.6,2.8,0,0,1.2,25.62
135.06,1.76,0.2,0.35,0.41,3.19,4.18,medicine,low,0.71,28.5,14.3,11.3,0,0,1.2,25.81
144.61,1.12,0.49,0.23,0.32,5.17,6.56,luxury,standard,0.85,35.3,36.3,25.6,0,1,1.0,17.16
214.41,1.92,0.36,0.39,0.24,3.28,10.24,general,high,0.92,28.7,22.3,15.3,1,0,1.0,29.3
201.15,1.22,0.61,0.56,0.28,1.89,6.04,perishable,high,0.68,32.8,39.3,27.9,1,1,1.2,28.45
134.49,2.16,0.41,0.61,0.63,4.39,10.41,furniture,standard,0.87,32.6,25.4,16.2,0,0,1.0,29.58
125.65,2.69,0.38,0.85,0.13,27.4,7.13,perishable,high,0.7,32.9,24.4,22.0,1,0,1.2,44.48
73.02,1.94,0.46,0.54,0.32,1.31,1.17,medicine,standard,0.91,31.6,29.5,23.7,0,0,1.2,23.59
44.9,1.73,0.26,0.28,0.62,1.57,3.95,furniture,standard,0.86,27.9,18.8,9.7,1,0,1.0,5.63
136.82,2.01,0.16,0.51,0.25,5.21,0.94,perishable,standard,0.86,25.7,8.4,9.4,0,0,1.2,19.8
186.15,1.35,0.11,0.96,0.53,10.73,4.36,furniture,standard,0.85,27.4,7.3,4.6,0,0,1.0,12.62
227.27,2.54,0.75,0.87,0.39,1.95,4.94,perishable,high,0.81,28.4,58.9,35.0,0,0,1.2,56.08
239.09,1.81,0.57,0.74,0.34,4.29,0.4,furniture,standard,0.91,30.9,36.3,31.4,1,1,1.0,41.42
239.69,2.23,0.04,0.46,0.11,9.57,10.07,general,standard,0.91,30.9,3.0,1.6,0,0,1.0,39.74
176.77,2.43,0.47,0.35,0.26,11.66,5.12,perishable,standard,0.78,28.3,24.4,24.0,0,1,1.2,65.34
90.42,1.76,0.23,0.51,0.21,10.37,12.82,general,critical,0.95,26.6,14.6,12.4,0,1,1.0,16.68
108.8,1.62,0.03,0.7,0.32,3.36,4.58,perishable,high,0.83,35.5,1.8,1.7,0,1,1.2,21.18
189.59,1.54,0.14,0.9,0.8,1.62,6.68,general,standard,0.9,26.5,9.2,5.6,0,1,1.0,14.18
152.85,1.75,0.39,0.95,0.18,2.44,6.83,general,standard,0.74,31.4,22.4,15.6,0,0,1.0,19.74
203.81,1.46,0.39,0.79,0.29,2.95,0.18,luxury,critical,0.89,30.1,20.0,23.0,0,0,1.0,10.82
135.72,2.44,0.27,0.67,0.55,2.86,1.41,furniture,critical,0.73,29.4,17.0,12.7,0,0,1.0,30.81
140.92,1.53,0.19,0.16,0.13,0.59,3.75,medicine,standard,0.9,30.7,13.8,8.6,1,0,1.2,14.27
128.08,1.2,0.4,0.67,0.22,4.6,0.67,hazmat,critical,0.6,34.9,29.3,15.8,0,1,1.4,14.61
109.07,1.69,0.49,0.77,0.24,4.0,3.06,luxury,standard,0.59,37.0,24.2,26.7,0,4,1.0,29.74
262.13,1.83,0.23,0.86,0.79,19.11,4.35,furniture,standard,0.67,28.9,15.7,11.3,1,0,1.0,35.53
100.76,1.21,0.27,0.49,0.48,9.56,1.71,medicine,critical,0.71,25.0,15.4,13.8,0,0,1.2,9.13
167.92,2.52,0.25,0.12,0.42,0.89,2.83,medicine,standard,0.67,31.9,17.6,14.3,1,0,1.2,58.51
88.47,1.79,0.72,0.24,0.14,6.57,7.29,general,high,0.76,27.5,39.2,25.9,1,0,1.0,28.43
257.7,2.3,0.16,0.44,0.26,3.47,1.33,hazmat,high,0.64,28.8,8.2,7.6,0,0,1.4,63.74
65.44,1.52,0.64,0.72,0.32,1.03,11.81,perishable,low,0.72,31.5,45.9,34.8,0,0,1.2,22.31
78.7,1.49,0.4,0.56,0.3,0.54,4.01,luxury,critical,0.92,31.1,25.1,19.1,0,0,1.0,7.62
208.07,1.72,0.08,0.68,0.28,2.11,8.09,hazmat,high,0.65,28.3,6.1,4.0,1,0,1.4,28.09
162.08,2.07,0.16,0.61,0.1,5.95,0.38,hazmat,high,0.92,30.4,8.5,9.5,0,0,1.4,31.75
108.57,1.82,0.13,0.95,0.76,2.67,0.62,medicine,standard,0.74,33.6,9.6,5.0,0,1,1.2,23.89
186.01,2.48,0.03,0.81,0.3,12.69,10.64,general,high,0.9,29.4,1.5,1.4,0,0,1.0,41.87
129.14,2.24,0.43,0.83,0.38,2.54,0.15,furniture,high,0.69,25.0,27.1,19.6,0,1,1.0,27.29
104.29,1.16,0.1,0.73,0.39,10.21,4.91,hazmat,low,0.93,31.2,8.0,4.2,0,0,1.4,13.63
111.55,1.81,0.11,0.17,0.45,0.71,6.0,hazmat,high,0.89,30.0,5.9,4.4,1,0,1.4,26.11
236.46,1.62,0.52,0.98,0.12,2.8,8.27,general,standard,0.77,29.6,33.3,24.3,1,0,1.0,42.76
195.04,1.48,0.1,0.16,0.16,20.1,10.67,perishable,critical,0.79,32.0,5.3,4.2,0,0,1.2,16.89
173.86,1.5,0.52,0.42,0.35,4.3,1.81,hazmat,high,0.79,33.1,39.7,27.5,0,2,1.4,35.25
143.15,1.35,0.17,0.83,0.21,13.87,1.45,medicine,standard,0.85,33.9,10.4,7.8,1,1,1.2,16.88
119.11,1.14,0.13,0.38,0.47,0.18,1.58,medicine,low,0.97,27.4,7.2,7.3,1,3,1.2,22.89
96.23,2.46,0.75,0.67,0.63,1.4,0.13,hazmat,low,0.82,24.3,45.4,36.3,1,0,1.4,66.72
222.15,1.9,0.34,0.91,0.12,2.02,0.56,perishable,standard,0.9,34.4,17.8,18.6,0,1,1.2,43.52
54.22,1.87,0.3,0.83,0.51,16.91,6.79,perishable,standard,0.84,29.3,16.7,18.0,1,1,1.2,19.53
40.49,2.03,0.53,0.61,0.36,4.31,2.44,furniture,high,0.91,30.5,40.5,25.2,0,0,1.0,12.08
182.41,1.57,0.46,0.56,0.14,0.77,0.28,luxury,standard,0.63,31.0,24.4,26.1,1,0,1.0,22.45
104.09,1.51,0.54,0.29,0.31,0.13,2.82,medicine,low,0.89,26.8,31.8,27.2,0,0,1.2,15.06
233.68,2.44,0.72,0.64,0.3,1.96,1.37,general,high,0.86,32.9,51.8,38.7,0,0,1.0,41.16
201.29,1.7,0.06,0.72,0.36,7.38,2.73,furniture,high,0.81,35.0,3.2,3.4,0,1,1.0,22.05
134.82,2.21,0.44,0.65,0.3,7.6,12.87,perishable,low,0.78,31.0,33.2,24.3,1,1,1.2,59.29
202.94,2.18,0.26,0.31,0.57,4.05,5.83,medicine,critical,0.8,29.8,18.1,10.1,0,0,1.2,37.36
218.13,2.6,0.43,0.88,0.29,12.12,21.33,perishable,high,0.83,31.0,22.2,20.7,0,1,1.2,62.47
227.6,1.27,0.44,0.58,0.48,0.65,9.07,hazmat,standard,0.65,27.9,23.6,22.7,1,0,1.4,31.57
114.65,1.53,0.21,0.19,0.75,7.08,0.38,general,high,0.88,29.5,14.9,7.7,1,0,1.0,13.23
39.82,1.6,0.3,0.23,0.55,7.88,1.95,perishable,high,0.87,24.3,21.2,16.1,0,0,1.2,16.66
12.08,1.07,0.38,0.87,0.45,3.0,2.4,general,standard,0.69,30.1,21.3,21.2,0,1,1.0,7.56
219.94,1.78,0.62,0.38,0.23,6.85,2.27,perishable,low,0.66,25.2,34.2,21.8,0,1,1.2,51.88
134.85,1.26,0.24,0.61,0.68,1.36,0.62,luxury,high,0.89,30.6,19.2,14.0,0,1,1.0,4.69
73.37,1.74,0.49,0.52,0.17,3.4,6.94,general,standard,0.77,32.1,37.8,22.3,0,0,1.0,12.54
152.33,1.38,0.26,0.56,0.38,1.17,3.16,perishable,high,0.71,33.2,18.3,13.9,1,1,1.2,15.0
146.37,2.09,0.66,0.74,0.45,3.51,4.05,perishable,critical,0.94,30.7,32.9,26.3,1,0,1.2,38.01
149.78,1.4,0.48,0.79,0.66,5.73,20.05,perishable,critical,0.58,29.1,31.1,26.1,0,0,1.2,24.54
111.21,2.98,0.53,0.97,0.03,0.01,4.95,general,standard,0.61,30.3,34.2,27.0,1,0,1.0,59.23
189.21,1.7,0.6,0.73,0.26,0.48,0.81,general,high,0.8,28.8,42.9,28.1,0,0,1.0,20.48
66.82,2.1,0.17,0.38,0.12,3.3,11.7,perishable,low,0.97,36.4,10.3,9.3,0,1,1.2,21.28
117.28,2.74,0.04,0.68,0.27,0.52,0.72,general,high,0.75,34.3,2.4,1.9,0,1,1.0,27.28
82.99,1.65,0.47,0.63,0.33,2.16,2.28,furniture,standard,0.64,26.7,24.4,26.8,1,0,1.0,20.75
186.77,1.09,0.41,0.58,0.28,10.43,4.93,medicine,high,0.66,29.5,30.8,22.8,1,0,1.2,20.94
86.43,1.26,0.24,0.11,0.31,5.1,2.5,general,high,0.73,26.4,12.1,14.2,0,1,1.0,9.13
51.59,1.89,0.67,0.83,0.19,1.47,0.18,perishable,high,0.99,31.4,39.6,28.7,0,1,1.2,16.81
162.62,1.8,0.26,0.94,0.04,0.16,3.14,luxury,standard,0.91,30.0,16.3,12.6,0,0,1.0,21.22
158.9,1.22,0.42,0.35,0.24,1.85,0.29,general,standard,0.93,25.9,25.1,17.2,1,0,1.0,19.81
51.91,1.98,0.24,0.16,0.33,16.9,2.76,general,high,0.72,29.6,16.4,10.7,1,0,1.0,14.03
213.09,2.01,0.31,0.26,0.37,2.14,1.51,general,critical,0.7,28.8,23.4,15.5,0,0,1.0,25.06
147.69,1.52,0.75,1.0,0.52,1.07,9.85,general,standard,0.93,30.1,42.6,34.0,0,3,1.0,21.08
106.5,2.93,0.31,0.68,0.2,2.88,2.19,perishable,low,0.73,30.8,16.2,17.3,0,2,1.2,49.76
24.26,1.41,0.35,0.44,0.18,6.73,5.75,furniture,high,0.81,27.1,22.9,19.2,1,1,1.0,9.15
190.94,1.83,0.37,0.34,0.19,9.76,1.46,medicine,critical,0.86,28.3,22.0,16.5,1,0,1.2,29.96
155.29,1.27,0.31,0.99,0.2,0.41,1.97,luxury,standard,0.92,30.7,21.6,17.2,1,0,1.0,9.6
167.57,1.3,0.28,0.27,0.35,2.03,2.53,furniture,high,0.83,29.8,21.1,11.3,0,0,1.0,8.71
178.68,1.34,0.17,0.27,0.13,9.83,3.53,furniture,standard,0.79,31.4,10.7,6.8,0,0,1.0,7.45
35.63,1.92,0.44,0.49,0.56,2.26,0.93,perishable,high,0.65,32.3,33.6,20.1,1,0,1.2,32.4
113.04,1.45,0.2,0.43,0.09,2.44,2.57,furniture,standard,0.93,35.3,13.2,9.3,0,1,1.0,11.37
219.74,1.54,0.21,0.25,0.47,9.62,1.49,hazmat,low,0.87,35.7,14.8,12.2,1,0,1.4,29.68
56.61,1.94,0.3,0.75,0.23,3.08,2.34,medicine,standard,0.71,25.1,15.0,12.2,0,0,1.2,21.13
132.74,1.22,0.49,0.98,0.5,0.74,3.66,general,high,0.76,25.9,27.3,26.3,0,1,1.0,15.04
54.35,1.47,0.28,0.32,0.31,1.74,2.23,perishable,low,0.76,32.8,15.0,10.0,1,0,1.2,14.5
185.67,2.12,0.46,0.64,0.12,5.39,0.3,furniture,standard,0.84,33.3,28.2,25.3,0,0,1.0,28.55
135.0,2.69,0.72,0.31,0.47,2.07,1.91,luxury,high,0.8,27.9,53.6,31.6,0,0,1.0,37.88
186.08,2.15,0.54,0.54,0.16,4.09,0.49,perishable,low,0.91,27.6,37.5,30.1,0,1,1.2,63.49
174.23,1.62,0.75,0.82,0.69,1.85,8.28,hazmat,standard,0.77,29.5,38.5,35.0,0,1,1.4,46.53
251.02,2.0,0.28,0.54,0.44,10.84,1.44,hazmat,standard,0.92,30.3,20.5,16.6,1,0,1.4,42.15
257.26,1.94,0.09,0.85,0.28,7.67,4.47,hazmat,high,0.72,24.6,6.9,4.5,0,1,1.4,52.55
46.63,2.02,0.08,0.62,0.64,1.12,16.84,perishable,low,0.94,29.2,4.2,3.2,0,0,1.2,18.54
164.49,1.67,0.28,0.98,0.28,5.19,1.67,furniture,standard,0.96,27.1,19.5,15.3,1,1,1.0,24.19
258.15,1.31,0.43,0.58,0.54,0.46,0.47,luxury,critical,0.79,34.6,27.1,18.2,0,0,1.0,17.81
146.15,1.78,0.16,0.76,0.19,2.26,0.29,perishable,standard,0.84,31.6,9.1,8.4,0,1,1.2,29.39
280.95,3.04,0.36,0.29,0.42,4.13,4.39,perishable,high,0.9,33.9,18.5,21.1,0,0,1.2,104.44
118.33,2.11,0.57,0.3,0.37,15.36,6.22,perishable,standard,0.76,33.9,44.2,23.7,0,1,1.2,37.45
203.96,1.68,0.05,0.42,0.15,7.2,3.26,perishable,low,0.91,30.5,2.5,2.5,0,1,1.2,28.6
270.07,2.32,0.25,0.3,0.27,2.21,8.74,perishable,high,0.73,30.0,19.1,10.5,0,0,1.2,62.67
70.43,1.11,0.34,0.11,0.23,13.47,2.09,furniture,standard,0.78,31.8,22.5,19.2,0,1,1.0,13.41
125.94,1.56,0.2,0.29,0.47,1.18,1.25,general,standard,0.66,27.9,10.8,11.8,1,0,1.0,12.57
266.01,2.09,0.5,0.54,0.24,8.95,0.02,medicine,standard,0.94,34.3,35.4,24.2,0,0,1.2,47.88
171.77,2.3,0.45,0.7,0.18,3.58,5.88,perishable,standard,0.62,24.7,36.1,16.9,0,0,1.2,52.38
179.92,1.41,0.04,0.6,0.8,14.29,6.69,furniture,standard,0.65,33.3,3.2,1.4,0,0,1.0,11.63
212.67,1.2,0.62,0.27,0.47,3.09,1.51,medicine,high,0.86,33.3,44.3,34.6,0,1,1.2,13.95
129.2,1.98,0.27,0.22,0.56,0.07,8.4,luxury,low,0.75,33.2,14.0,15.8,1,0,1.0,25.43
187.83,1.6,0.46,0.85,0.57,2.01,0.83,medicine,high,0.66,30.0,35.0,20.6,0,0,1.2,33.83
168.83,2.09,0.14,0.8,0.19,1.57,12.73,hazmat,high,0.85,32.0,8.6,7.7,1,0,1.4,49.02
101.73,1.8,0.16,0.32,0.36,20.12,3.22,perishable,high,0.88,35.0,12.5,8.3,0,0,1.2,13.21
128.16,1.96,0.53,0.57,0.2,2.07,0.02,perishable,high,0.92,30.7,34.2,24.2,1,0,1.2,34.32
277.72,1.82,0.29,0.71,0.58,2.86,2.0,perishable,standard,0.81,25.6,16.3,14.4,0,0,1.2,42.38
84.43,1.93,0.34,0.72,0.43,15.12,0.22,perishable,low,0.77,27.6,20.4,19.0,0,0,1.2,26.88
224.91,1.14,0.64,0.51,0.26,10.33,0.06,perishable,critical,0.9,33.8,44.1,29.7,0,0,1.2,19.37
153.43,1.35,0.91,0.53,0.76,0.82,1.05,general,high,0.79,29.5,60.3,41.1,1,1,1.0,25.72
208.32,1.83,0.18,0.53,0.35,9.12,1.05,luxury,standard,0.84,27.2,9.8,8.3,0,0,1.0,22.42
210.53,1.32,0.56,0.61,0.31,5.29,0.36,furniture,high,0.57,27.3,34.3,23.3,1,0,1.0,25.24
164.2,2.49,0.13,0.52,0.26,0.44,10.9,hazmat,high,0.66,25.5,9.4,4.9,1,1,1.4,61.61
106.5,1.77,0.36,0.54,0.2,0.09,1.96,medicine,low,0.58,26.1,21.2,16.6,1,0,1.2,19.57
252.3,2.42,0.16,0.84,0.2,12.86,2.18,luxury,high,0.78,30.7,8.3,8.9,0,0,1.0,32.37
218.72,1.19,0.25,0.29,0.52,2.77,0.52,medicine,standard,0.9,30.3,18.0,9.6,0,0,1.2,11.34
160.98,2.64,0.29,0.52,0.45,7.87,2.74,luxury,high,0.84,24.4,20.7,14.8,0,0,1.0,30.73
158.29,1.36,0.28,0.72,0.27,0.34,1.59,hazmat,critical,0.82,25.6,19.3,15.7,1,2,1.4,25.68
82.32,1.08,0.27,0.59,0.44,9.25,5.88,medicine,high,0.81,30.7,21.1,15.4,0,1,1.2,9.33
199.72,1.26,0.14,0.37,0.32,4.19,11.43,medicine,standard,0.82,32.1,9.5,8.0,1,1,1.2,18.94
254.62,2.78,0.24,0.19,0.2,1.11,2.99,perishable,standard,0.66,24.8,12.9,14.2,0,0,1.2,73.59
73.12,1.62,0.14,0.7,0.44,1.47,4.36,general,high,0.75,30.6,9.7,6.0,0,0,1.0,9.0
80.36,1.75,0.06,0.74,0.12,20.28,4.2,general,high,0.72,29.6,4.3,2.8,1,0,1.0,14.56
139.85,1.57,0.31,0.16,0.27,3.47,3.52,hazmat,standard,0.91,34.1,21.2,11.4,0,1,1.4,24.41
92.81,1.79,0.63,0.75,0.4,0.95,4.84,medicine,high,0.73,36.3,49.5,30.4,0,1,1.2,32.04
136.42,2.37,0.6,0.84,0.33,5.46,4.9,luxury,low,0.77,28.7,39.9,24.9,1,0,1.0,58.5
134.15,1.81,0.41,0.91,0.3,0.41,8.53,perishable,standard,0.82,25.7,31.8,24.1,1,1,1.2,41.74
76.34,2.44,0.35,0.99,0.28,7.05,5.18,medicine,high,0.86,26.1,20.0,19.5,1,1,1.2,36.28
264.98,1.89,0.57,0.63,0.28,10.49,2.84,furniture,high,0.81,31.1,37.6,25.9,0,0,1.0,33.24
73.83,1.45,0.12,0.98,0.35,1.05,13.07,general,low,0.89,25.5,7.3,6.3,0,1,1.0,13.67
137.08,1.77,0.29,0.59,0.31,3.12,19.52,perishable,critical,0.69,28.7,17.8,11.8,0,0,1.2,30.29
89.58,1.21,0.56,0.71,0.28,11.15,1.48,luxury,standard,0.78,28.4,34.4,31.7,0,1,1.0,11.45
236.81,1.47,0.91,0.72,0.36,8.16,2.93,luxury,standard,0.63,26.6,64.0,35.7,0,0,1.0,22.33
149.76,1.74,0.19,0.76,0.14,0.17,5.91,general,low,0.85,30.7,11.2,8.5,1,0,1.0,22.81
149.36,1.66,0.8,0.79,0.11,0.76,9.56,furniture,high,0.92,29.7,47.0,43.1,0,0,1.0,16.75
255.24,1.74,0.17,0.61,0.21,20.63,5.2,perishable,standard,0.77,32.8,9.3,6.6,0,2,1.2,49.37
118.94,2.34,0.12,0.79,0.43,1.49,9.85,medicine,standard,0.76,31.0,8.8,4.8,1,1,1.2,37.86
167.03,1.43,0.29,0.33,0.13,3.74,0.37,furniture,standard,0.81,30.0,17.6,16.3,0,1,1.0,15.8
88.7,2.01,0.35,0.56,0.16,0.19,0.58,furniture,high,0.9,29.4,17.4,14.1,1,0,1.0,15.88
138.37,1.71,0.2,0.26,0.17,0.79,3.88,perishable,low,0.89,25.6,10.6,9.4,1,0,1.2,20.11
185.98,2.49,0.49,0.48,0.13,2.77,5.56,general,standard,0.72,27.9,28.6,18.4,1,0,1.0,44.75
78.19,1.22,0.42,0.45,0.38,1.23,9.82,general,critical,0.76,28.4,23.0,20.3,0,1,1.0,11.5
123.1,2.62,0.25,0.12,0.57,4.54,1.94,hazmat,standard,0.68,26.3,19.6,11.0,0,1,1.4,56.56
166.76,1.42,0.66,0.35,0.06,14.63,1.36,luxury,standard,0.9,29.9,37.2,33.8,1,0,1.0,24.74
55.66,1.29,0.07,0.73,0.21,6.31,1.35,perishable,standard,0.82,26.3,3.5,2.9,0,1,1.2,9.06
185.75,2.44,0.38,0.51,0.36,4.55,2.19,medicine,standard,0.67,31.0,24.3,16.2,1,0,1.2,43.47
165.18,1.74,0.18,0.93,0.38,0.15,6.27,perishable,critical,0.89,32.5,10.1,8.8,0,0,1.2,19.14
112.25,2.32,0.68,0.46,0.17,9.07,1.78,perishable,standard,0.68,30.5,44.9,37.5,0,1,1.2,39.84
147.62,1.3,0.64,0.51,0.03,4.47,0.79,general,critical,0.92,27.3,50.0,23.8,0,0,1.0,14.22
274.43,1.21,0.1,0.8,0.29,1.28,3.8,furniture,standard,0.78,31.7,6.4,4.0,0,0,1.0,6.59
61.29,1.47,0.44,0.18,0.24,6.28,3.31,medicine,high,0.86,32.9,29.4,17.2,0,0,1.2,13.28
134.47,1.14,0.11,0.93,0.22,6.34,11.2,perishable,high,0.82,32.1,8.3,6.4,0,0,1.2,8.78
276.37,1.46,0.14,0.55,0.56,5.08,1.45,general,low,0.93,30.5,7.7,6.4,1,2,1.0,32.06
87.53,2.4,0.02,0.76,0.54,5.05,9.42,furniture,standard,0.77,31.2,1.6,1.2,1,0,1.0,23.45
110.7,1.86,0.57,0.74,0.25,3.41,0.56,general,high,0.87,30.1,29.4,29.5,0,0,1.0,17.63
214.55,1.64,0.14,0.38,0.42,3.11,3.45,hazmat,high,0.88,33.2,9.4,5.0,1,0,1.4,30.29
157.15,1.52,0.31,1.0,0.65,0.14,1.06,luxury,standard,0.9,29.0,24.4,14.9,1,1,1.0,12.03
128.57,1.38,0.02,0.13,0.48,8.66,6.91,general,high,0.93,32.8,1.5,1.0,0,0,1.0,15.03
62.16,1.73,0.22,0.94,0.31,13.96,3.09,furniture,standard,0.95,27.4,15.0,8.4,0,1,1.0,11.28
205.59,1.34,0.67,0.19,0.51,14.26,0.2,luxury,high,0.91,34.7,39.5,27.6,1,0,1.0,37.24
273.42,1.86,0.64,0.38,0.7,4.7,4.72,hazmat,high,0.83,25.3,47.1,33.0,0,0,1.4,52.92
140.91,2.07,0.13,0.91,0.22,5.13,6.09,perishable,high,0.74,28.9,7.7,6.8,0,0,1.2,36.02
204.31,1.1,0.39,0.29,0.47,4.2,0.93,medicine,critical,0.7,31.6,20.3,16.5,0,0,1.2,11.7
106.27,2.16,0.15,0.16,0.63,2.43,8.82,perishable,high,0.99,25.5,11.2,8.7,0,1,1.2,24.81
91.86,1.46,0.1,0.75,0.33,9.47,10.1,furniture,high,0.78,24.1,6.7,4.7,0,0,1.0,13.8
57.07,1.09,0.72,0.36,0.35,0.0,2.42,medicine,critical,0.91,29.7,41.5,38.8,0,0,1.2,11.08
170.64,1.76,0.32,0.46,0.48,1.59,4.01,perishable,low,0.74,27.1,23.6,16.6,0,0,1.2,29.71
237.05,2.12,0.21,0.5,0.53,12.96,0.05,perishable,high,0.95,31.6,13.8,8.0,0,0,1.2,31.78
129.36,1.32,0.28,0.71,0.54,0.9,10.18,perishable,high,0.93,28.7,20.7,14.6,0,0,1.2,11.97
202.03,1.06,0.46,0.76,0.12,10.69,1.75,perishable,low,0.87,32.8,30.2,19.8,0,0,1.2,12.44
124.08,1.19,0.28,0.4,0.49,7.64,15.82,furniture,high,0.89,26.1,21.1,12.1,0,0,1.0,10.89
188.86,1.22,0.12,0.91,0.43,5.18,1.7,perishable,critical,0.88,31.4,8.7,4.8,0,1,1.2,13.74
136.63,1.33,0.23,0.29,0.65,4.99,2.54,perishable,high,0.74,34.4,16.5,11.0,0,0,1.2,10.45
32.22,2.66,0.27,0.78,0.28,2.77,12.62,general,low,0.81,29.1,19.5,11.4,1,0,1.0,14.16
86.22,2.08,0.5,0.75,0.54,0.14,4.48,luxury,high,0.75,24.8,37.8,20.1,1,1,1.0,26.89
107.92,1.79,0.29,0.57,0.41,4.94,3.2,furniture,standard,0.84,26.5,18.8,16.9,0,1,1.0,16.0
131.6,1.44,0.43,0.97,0.22,1.35,4.27,hazmat,low,0.9,34.8,30.6,20.9,0,0,1.4,25.01
172.53,1.72,0.7,0.52,0.29,1.16,4.38,perishable,high,0.75,34.4,39.7,28.1,1,1,1.2,43.56
48.79,2.22,0.4,0.87,0.3,1.66,2.42,perishable,standard,0.77,29.2,32.1,19.3,1,1,1.2,35.21
58.36,2.33,0.13,0.16,0.11,2.11,0.62,furniture,standard,0.67,32.6,9.4,5.7,0,0,1.0,20.96
127.45,1.64,0.54,0.46,0.33,1.04,8.74,general,low,0.9,30.8,34.2,25.3,1,0,1.0,29.45
231.08,1.44,0.46,0.29,0.42,19.64,7.08,perishable,standard,0.78,34.3,29.7,21.4,1,0,1.2,37.79
168.68,1.77,0.21,0.87,0.17,5.06,0.83,general,standard,0.89,31.7,12.5,8.2,0,0,1.0,18.77
69.02,1.79,0.58,0.49,0.37,2.56,2.95,perishable,high,0.74,32.2,42.0,31.4,0,2,1.2,17.32
42.85,1.29,0.24,0.57,0.39,0.24,1.55,general,standard,0.85,25.5,12.2,9.6,1,3,1.0,12.23
109.43,1.62,0.39,0.7,0.29,9.26,0.52,luxury,critical,0.92,30.8,31.4,22.3,0,0,1.0,17.39
138.5,1.75,0.37,0.46,0.59,2.26,3.69,furniture,standard,0.85,33.3,20.6,19.9,1,0,1.0,19.6
227.27,2.08,0.27,0.43,0.28,4.95,3.7,luxury,standard,0.98,28.6,18.4,13.1,1,0,1.0,34.67
56.71,1.52,0.7,0.4,0.35,7.29,1.31,perishable,low,0.82,29.3,40.0,41.4,0,0,1.2,23.22
197.14,1.25,0.31,0.79,0.52,5.0,1.91,perishable,high,0.83,29.8,16.0,14.2,0,0,1.2,19.8
86.74,1.39,0.22,0.99,0.2,6.18,3.54,furniture,critical,0.84,31.1,11.2,8.2,0,0,1.0,6.87
238.19,1.68,0.17,0.39,0.45,3.04,2.23,perishable,standard,0.62,28.4,8.6,8.0,0,0,1.2,30.03
197.28,1.17,0.22,0.71,0.26,0.27,2.3,general,critical,0.84,30.6,11.8,10.0,0,0,1.0,5.73
195.77,1.12,0.33,0.89,0.25,10.34,0.81,furniture,low,0.93,27.8,25.5,17.1,0,0,1.0,11.47
220.18,1.66,0.24,0.99,0.41,0.69,3.85,perishable,standard,0.75,31.4,12.3,8.7,0,1,1.2,41.49
106.77,1.09,0.59,0.62,0.25,14.58,12.0,furniture,critical,0.78,30.9,34.0,35.0,0,0,1.0,10.54
256.36,2.12,0.38,0.26,0.63,6.82,2.53,furniture,low,0.6,29.5,23.9,20.1,1,0,1.0,54.84
129.4,1.88,0.16,0.59,0.21,5.47,1.54,luxury,high,0.97,33.2,10.4,9.5,1,2,1.0,21.51
189.36,1.44,0.8,0.69,0.32,3.86,0.34,perishable,high,0.67,30.5,58.2,40.7,0,0,1.2,31.81
246.37,1.48,0.41,0.53,0.31,10.15,12.82,furniture,standard,0.87,36.0,21.3,23.0,0,0,1.0,20.85
36.43,1.92,0.57,0.38,0.25,8.37,3.52,furniture,standard,0.73,31.0,33.5,31.4,1,1,1.0,31.11
215.76,1.43,0.86,0.38,0.3,1.87,0.22,furniture,high,0.78,34.3,56.8,47.8,0,0,1.0,22.63
205.44,1.37,0.46,0.82,0.33,2.65,3.19,perishable,critical,0.74,30.4,30.3,25.6,0,0,1.2,21.95
198.86,1.58,0.05,0.97,0.43,1.53,10.1,medicine,standard,0.93,27.5,2.8,2.5,0,0,1.2,17.56
72.28,2.69,0.18,0.72,0.38,1.4,0.01,furniture,standard,0.76,27.8,10.2,8.0,0,0,1.0,24.53
81.76,1.11,0.73,0.51,0.07,5.57,0.06,general,high,0.66,34.4,58.4,37.8,0,0,1.0,6.7
127.32,1.44,0.51,0.39,0.24,12.76,5.02,perishable,critical,0.82,27.6,25.1,18.2,0,0,1.2,11.86
141.7,1.51,0.2,0.25,0.71,9.69,6.21,furniture,high,0.73,26.8,14.4,8.9,1,0,1.0,11.83
107.03,1.97,0.26,0.37,0.25,1.28,7.6,perishable,critical,0.85,25.4,17.5,12.9,1,0,1.2,12.63
233.9,1.94,0.29,0.12,0.31,13.67,3.32,hazmat,high,0.83,32.4,17.8,10.5,1,0,1.4,42.56
11.73,1.65,0.32,0.4,0.13,2.98,5.05,perishable,standard,0.82,28.1,18.9,16.9,0,0,1.2,9.92
118.03,1.25,0.16,0.26,0.47,2.0,0.02,perishable,critical,0.98,28.3,8.5,9.5,0,0,1.2,1.84
59.34,1.82,0.27,0.12,0.2,1.14,0.73,perishable,critical,0.86,26.5,17.0,14.8,0,0,1.2,10.22
255.64,1.41,0.43,0.21,0.4,5.45,15.7,general,standard,0.93,30.6,30.6,24.9,0,0,1.0,24.48
168.28,1.89,0.4,0.91,0.07,2.96,0.79,medicine,low,0.67,35.6,22.5,16.4,0,0,1.2,43.03
130.54,1.37,0.14,0.35,0.12,3.55,6.19,furniture,standard,0.66,29.1,11.0,7.8,0,0,1.0,7.87
72.15,1.27,0.77,0.58,0.45,1.46,13.61,hazmat,low,0.75,35.2,53.4,36.1,1,1,1.4,49.26
168.65,1.25,0.44,0.32,0.44,5.57,0.02,perishable,low,0.54,29.8,25.2,22.2,1,1,1.2,36.51
58.36,2.07,0.08,0.69,0.08,0.62,3.61,general,high,0.71,30.1,5.7,3.2,0,0,1.0,12.14
160.5,1.21,0.25,0.24,0.5,11.19,0.67,hazmat,standard,0.68,28.8,12.9,13.8,0,1,1.4,19.93
251.86,1.52,0.56,0.5,0.47,4.61,16.51,perishable,high,0.76,24.3,41.1,31.6,1,0,1.2,50.13
247.82,1.85,0.06,0.3,0.44,3.05,1.47,perishable,standard,0.7,30.0,4.0,2.7,0,0,1.2,37.65
82.58,2.04,0.1,0.59,0.33,0.93,1.42,furniture,high,0.86,30.7,5.5,4.5,0,0,1.0,8.4
240.45,1.44,0.38,0.19,0.61,4.08,1.94,perishable,standard,0.82,32.4,20.7,19.7,0,0,1.2,19.63
30.74,1.68,0.76,0.63,0.32,1.68,2.55,general,standard,0.73,29.9,54.5,35.7,0,0,1.0,16.18
118.83,1.85,0.72,0.76,0.29,9.03,0.43,furniture,standard,0.77,35.7,53.6,35.6,0,1,1.0,27.29
85.72,1.2,0.63,0.5,0.22,3.62,6.58,medicine,standard,0.92,29.9,42.7,34.9,0,1,1.2,18.36
24.15,1.13,0.51,0.96,0.51,0.01,2.89,furniture,critical,0.63,28.0,36.0,22.8,0,2,1.0,10.05
196.97,1.5,0.28,0.29,0.43,2.67,1.19,general,standard,0.88,25.8,16.8,13.8,1,1,1.0,14.3
223.74,2.36,0.73,0.19,0.6,10.81,3.87,furniture,standard,0.73,28.3,47.9,35.3,0,3,1.0,76.3
215.65,1.28,0.23,0.18,0.5,1.95,2.25,hazmat,standard,0.76,31.8,14.8,12.2,0,0,1.4,17.1
164.62,2.25,0.14,0.4,0.65,1.16,6.09,general,standard,0.86,34.3,7.6,7.6,1,0,1.0,33.73
162.58,2.08,0.48,0.23,0.78,0.34,2.77,medicine,standard,0.64,28.7,34.5,16.9,0,1,1.2,42.69
269.89,1.19,0.12,0.11,0.63,2.11,2.11,furniture,critical,0.81,31.7,9.3,7.2,0,1,1.0,7.8
111.49,2.59,0.23,0.31,0.39,12.38,1.35,perishable,critical,0.78,30.5,12.9,12.3,1,1,1.2,26.26
169.0,2.36,0.48,0.31,0.81,1.77,9.31,luxury,low,0.74,28.6,29.6,18.1,0,0,1.0,48.21
93.98,1.22,0.25,0.21,0.09,1.12,4.41,perishable,high,0.89,28.9,19.7,13.0,0,0,1.2,7.66
218.23,2.16,0.04,0.45,0.1,2.68,0.59,furniture,standard,0.97,34.7,3.1,1.7,0,0,1.0,30.15
212.42,1.9,0.13,0.96,0.17,3.28,1.08,medicine,standard,0.73,24.9,8.3,4.7,1,0,1.2,36.35
160.47,1.34,0.59,0.92,0.09,13.48,1.07,perishable,low,0.69,30.1,42.7,26.3,1,0,1.2,43.48
163.38,1.75,0.23,0.12,0.45,2.79,2.35,furniture,standard,0.74,29.3,13.2,9.7,0,0,1.0,19.93
138.39,1.28,0.34,0.84,0.26,13.37,0.01,general,critical,0.75,28.1,23.4,18.2,1,2,1.0,9.47
163.93,1.1,0.61,0.3,0.16,0.12,6.3,general,standard,0.77,27.5,40.0,33.2,0,0,1.0,12.77
39.1,2.4,0.22,0.58,0.61,0.58,0.78,general,standard,0.67,34.0,14.4,10.1,0,0,1.0,18.31
169.28,2.15,0.32,0.52,0.09,1.13,1.65,medicine,standard,0.91,30.1,17.0,12.3,1,0,1.2,39.68
264.0,1.49,0.3,0.98,0.71,2.64,1.1,perishable,standard,0.64,32.2,17.9,16.7,1,0,1.2,26.72
103.33,1.22,0.27,0.64,0.25,1.33,1.75,medicine,critical,0.92,32.2,19.8,15.2,1,2,1.2,14.9
159.95,1.59,0.19,0.67,0.35,10.48,2.76,perishable,standard,0.95,28.9,12.7,8.2,1,1,1.2,20.06
125.11,2.38,0.41,0.94,0.32,0.02,1.63,hazmat,critical,0.79,28.4,21.9,17.9,1,1,1.4,39.74
99.64,1.62,0.94,0.24,0.1,25.4,1.5,perishable,high,0.63,32.1,68.2,43.9,0,2,1.2,24.33
208.13,1.01,0.47,0.54,0.3,2.45,4.29,general,critical,0.86,29.2,28.0,20.1,1,0,1.0,17.25
107.56,2.44,0.62,0.21,0.44,2.03,1.66,medicine,high,0.79,28.9,35.8,23.4,0,0,1.2,33.51
204.35,2.34,0.29,0.2,0.24,6.13,1.31,hazmat,high,0.89,27.0,17.7,15.4,0,0,1.4,56.26
151.72,2.18,0.21,0.74,0.62,4.75,13.25,furniture,standard,0.76,27.0,13.5,12.5,1,0,1.0,40.46
49.89,1.48,0.32,0.64,0.58,2.13,2.67,medicine,standard,0.77,28.3,22.1,16.3,0,0,1.2,13.47
87.71,3.16,0.1,0.2,0.39,0.35,0.96,furniture,high,0.92,27.0,6.2,5.8,0,1,1.0,31.49
152.37,2.68,0.32,0.57,0.18,8.15,0.21,medicine,standard,0.65,34.2,22.5,18.0,0,0,1.2,49.09
120.62,2.21,0.68,0.95,0.42,5.17,1.21,furniture,standard,0.7,34.5,51.4,25.1,0,0,1.0,30.9
118.7,1.97,0.51,0.23,0.21,30.0,2.09,hazmat,critical,0.86,31.5,36.4,24.0,0,0,1.4,33.67
139.59,1.75,0.13,0.25,0.12,3.76,1.27,medicine,high,0.62,33.4,8.8,7.2,0,0,1.2,25.64
94.12,2.38,0.3,0.7,0.11,0.06,8.06,perishable,standard,0.73,29.8,21.7,16.3,1,2,1.2,40.01
71.42,1.19,0.63,0.3,0.33,3.83,5.96,luxury,high,0.6,35.7,44.5,37.8,0,2,1.0,13.78
169.88,1.46,0.39,0.78,0.11,5.55,6.1,general,high,0.78,28.4,21.9,16.2,0,2,1.0,18.88
8.98,1.4,0.43,0.93,0.18,1.32,1.18,perishable,high,0.75,30.1,27.8,19.3,1,1,1.2,18.51
109.06,2.01,0.55,0.11,0.14,4.91,0.47,furniture,low,0.93,32.5,31.5,20.3,0,0,1.0,15.52
165.52,1.73,0.5,0.39,0.36,2.05,1.29,luxury,critical,0.82,31.0,39.8,17.6,1,0,1.0,23.88
241.25,1.81,0.62,0.62,0.27,5.6,1.11,general,low,0.76,26.9,44.6,28.2,0,0,1.0,37.39
124.42,2.67,0.11,0.56,0.35,18.74,12.11,medicine,standard,0.82,35.0,6.5,4.8,0,0,1.2,43.24
264.62,1.42,0.23,0.59,0.39,8.22,3.9,perishable,high,0.68,28.3,11.3,13.4,0,0,1.2,22.19
70.81,1.32,0.32,0.72,0.1,10.56,2.36,general,low,0.59,26.5,18.2,13.5,1,1,1.0,19.5
173.55,1.37,0.41,0.83,0.58,13.12,8.38,perishable,low,0.8,30.7,32.1,14.7,1,2,1.2,47.08
128.42,1.8,0.46,0.35,0.29,3.75,13.67,furniture,low,0.7,29.8,36.8,18.2,1,1,1.0,33.49
58.7,1.18,0.27,0.77,0.31,2.29,0.84,furniture,critical,0.8,30.5,13.6,11.1,1,0,1.0,4.94
205.69,1.61,0.18,0.17,0.37,15.03,12.44,perishable,low,0.8,29.2,12.3,10.2,0,0,1.2,26.76
134.44,1.73,0.24,0.73,0.43,4.83,1.11,general,high,0.68,35.9,16.3,13.8,1,0,1.0,17.64
57.7,1.06,0.35,0.85,0.62,1.56,2.69,perishable,critical,0.86,33.0,20.9,17.5,1,0,1.2,6.26
178.8,2.4,0.52,0.94,0.5,1.21,15.75,hazmat,standard,0.89,32.5,34.7,30.9,0,1,1.4,64.87
42.1,2.31,0.03,0.68,0.1,5.89,5.78,perishable,high,0.96,28.7,2.3,1.1,0,2,1.2,20.15
195.69,2.08,0.7,0.38,0.25,2.52,2.53,general,high,0.68,28.5,38.1,40.9,1,3,1.0,45.6
84.13,1.13,0.36,0.69,0.07,1.71,0.33,perishable,high,0.92,26.6,18.8,13.3,1,3,1.2,20.34
304.73,1.44,0.56,0.26,0.26,1.31,0.92,perishable,standard,0.85,28.6,30.4,23.4,0,0,1.2,25.76
97.46,2.57,0.32,0.73,0.18,0.8,7.46,furniture,standard,0.82,27.4,18.7,17.6,1,1,1.0,32.83
134.23,2.15,0.35,0.89,0.21,3.24,0.96,general,high,0.78,29.2,18.9,17.2,1,0,1.0,28.92
170.19,2.39,0.38,0.96,0.52,2.11,12.38,general,critical,0.89,32.5,26.3,22.2,0,0,1.0,32.46
98.55,1.44,0.15,0.27,0.38,3.15,0.74,perishable,high,0.81,25.3,8.6,5.6,0,0,1.2,12.76
223.15,1.32,0.03,0.66,0.66,1.44,1.65,furniture,standard,0.79,26.3,1.5,1.2,0,0,1.0,13.03
151.2,1.86,0.58,0.98,0.65,15.58,3.63,general,low,0.74,28.4,43.7,32.5,0,0,1.0,33.73
29.7,1.92,0.37,0.66,0.3,0.77,2.48,luxury,standard,0.78,33.6,26.8,20.5,1,1,1.0,27.66
48.47,1.88,0.4,0.95,0.07,14.56,4.99,luxury,high,0.71,29.8,19.9,18.8,0,0,1.0,10.34
234.12,1.47,0.3,0.49,0.6,2.84,2.83,furniture,low,0.88,29.0,22.8,17.0,0,0,1.0,19.98
128.7,1.21,0.68,0.81,0.55,3.35,2.25,medicine,standard,0.75,27.8,36.2,32.5,1,0,1.2,27.98
128.29,1.83,0.29,0.18,0.35,0.98,7.66,perishable,low,0.63,32.7,16.7,10.8,0,0,1.2,24.67
126.62,1.84,0.51,0.29,0.1,2.92,6.32,perishable,critical,0.86,26.2,31.1,19.2,1,0,1.2,38.1
73.43,2.26,0.41,0.21,0.58,0.58,4.1,general,high,0.89,27.5,31.0,16.4,0,0,1.0,16.46
126.34,2.04,0.7,0.15,0.1,16.85,1.89,general,low,0.67,34.6,36.4,34.7,0,1,1.0,34.09
124.83,1.19,0.33,0.5,0.24,2.32,12.98,furniture,standard,0.84,28.0,19.2,12.0,1,0,1.0,2.85
297.44,1.46,0.55,0.87,0.06,1.21,0.52,general,standard,0.94,28.6,43.9,25.6,0,0,1.0,24.88
151.9,1.63,0.57,0.35,0.74,6.86,1.98,general,high,0.8,30.0,28.6,29.9,1,0,1.0,26.63
141.29,2.15,0.15,0.31,0.17,2.0,5.31,perishable,standard,0.91,34.9,12.0,6.5,0,0,1.2,29.14
137.25,1.63,0.54,0.78,0.21,4.67,1.75,perishable,critical,0.81,36.1,34.2,21.5,0,1,1.2,26.47
142.59,1.25,0.05,0.34,0.26,0.7,0.03,medicine,high,0.86,25.3,3.3,2.1,1,1,1.2,8.02
126.58,2.1,0.69,0.65,0.2,3.02,0.03,perishable,standard,0.86,33.6,54.2,39.0,0,1,1.2,40.2
191.92,1.47,0.12,0.24,0.24,1.64,0.53,hazmat,standard,0.88,30.8,6.6,4.6,0,1,1.4,27.59
121.48,2.15,0.36,0.46,0.13,7.65,0.47,hazmat,standard,0.94,27.9,20.8,15.3,0,0,1.4,38.03
235.23,2.1,0.57,0.59,0.64,0.73,2.88,medicine,standard,0.86,26.2,44.7,25.8,0,1,1.2,50.68
117.3,1.77,0.63,1.0,0.22,5.04,4.21,furniture,low,0.75,26.0,34.5,28.1,1,0,1.0,36.53
213.27,1.41,0.71,0.87,0.24,0.04,5.52,general,standard,0.69,27.5,48.0,29.7,0,1,1.0,24.1
224.46,2.04,0.03,0.11,0.31,0.15,8.18,luxury,high,0.81,27.1,1.6,1.8,0,0,1.0,27.44
97.83,1.25,0.32,0.67,0.59,4.43,1.48,furniture,low,0.74,30.3,18.1,17.5,0,1,1.0,13.6
50.23,2.44,0.45,0.68,0.27,10.05,4.44,medicine,high,0.94,29.5,36.1,16.5,0,0,1.2,22.64
261.03,2.01,0.11,0.6,0.35,3.1,1.63,medicine,critical,0.65,34.2,7.2,5.0,0,0,1.2,42.95
119.12,2.73,0.65,0.12,0.65,2.72,0.39,medicine,high,0.87,30.6,45.0,25.6,0,4,1.2,56.26
150.9,1.61,0.1,0.35,0.22,0.47,2.2,furniture,standard,0.82,33.1,7.6,5.0,0,0,1.0,10.71
88.08,1.58,0.44,0.28,0.06,8.25,1.42,perishable,low,0.92,31.7,34.5,15.8,1,0,1.2,34.61
98.24,1.84,0.4,0.13,0.16,3.28,0.62,general,critical,0.75,36.4,22.5,21.9,0,0,1.0,14.91
247.07,2.51,0.55,0.9,0.17,1.36,4.76,furniture,critical,0.88,26.8,32.7,29.3,0,0,1.0,45.39
240.44,1.85,0.66,0.63,0.28,7.96,8.31,perishable,low,0.72,28.7,37.0,34.8,0,1,1.2,64.66
165.06,1.85,0.1,0.33,0.06,2.97,1.22,luxury,high,0.66,36.4,7.0,3.5,0,0,1.0,21.21
126.84,1.39,0.34,0.9,0.14,0.78,0.55,hazmat,standard,0.9,29.8,18.7,18.3,0,0,1.4,18.13
187.46,1.81,0.82,0.86,0.22,0.48,2.33,general,high,0.89,25.6,60.3,40.0,1,0,1.0,28.3
102.43,1.94,0.2,0.31,0.39,16.86,3.51,general,critical,0.93,32.6,12.6,9.2,1,0,1.0,13.57
157.18,2.17,0.56,0.31,0.71,5.14,2.21,general,high,0.86,31.2,30.3,21.7,0,0,1.0,34.02
74.5,1.91,0.4,0.26,0.38,1.4,5.31,perishable,standard,0.62,26.3,26.3,16.3,0,0,1.2,24.98
68.66,2.07,0.56,0.27,0.52,3.52,2.06,perishable,standard,0.65,29.2,30.6,32.1,1,1,1.2,37.88
168.13,2.22,0.57,0.76,0.07,7.46,5.56,perishable,standard,0.76,35.5,39.9,21.9,0,0,1.2,40.04
155.57,1.11,0.22,0.32,0.19,11.12,6.26,perishable,standard,0.66,29.3,17.0,10.1,0,1,1.2,10.65
148.79,2.03,0.68,0.85,0.4,4.49,0.78,general,standard,0.61,27.2,39.1,26.5,1,0,1.0,42.71
111.8,1.66,0.52,0.97,0.52,11.95,14.9,furniture,high,0.91,27.9,38.9,25.7,1,1,1.0,42.72
168.52,1.54,0.05,0.15,0.39,2.91,2.55,luxury,standard,0.77,32.3,3.8,2.8,0,1,1.0,13.61
100.39,2.27,0.05,0.58,0.13,9.77,1.78,hazmat,standard,0.9,27.2,2.7,2.1,0,0,1.4,23.84
28.6,2.35,0.08,0.13,0.17,0.17,7.49,furniture,critical,0.82,24.0,5.3,3.9,1,0,1.0,7.82
133.33,1.72,0.18,0.4,0.04,5.64,8.96,medicine,high,0.98,34.9,10.3,10.6,0,0,1.2,13.77
64.36,1.79,0.3,0.94,0.46,2.5,0.99,perishable,standard,0.69,24.2,21.1,15.6,0,0,1.2,12.0
197.53,1.21,0.55,0.43,0.21,6.57,7.28,luxury,high,0.82,29.1,42.1,19.5,0,0,1.0,13.84
247.47,1.47,0.5,0.72,0.2,6.16,0.33,luxury,low,0.91,31.3,34.9,23.2,0,0,1.0,25.23
279.86,1.97,0.76,0.58,0.23,4.02,5.64,perishable,standard,0.66,32.2,56.6,44.4,0,1,1.2,56.05
138.79,1.2,0.31,0.63,0.42,9.71,1.48,hazmat,high,0.86,28.2,16.7,13.5,0,0,1.4,13.54
87.61,1.75,0.68,0.99,0.07,8.66,1.26,perishable,high,0.83,34.2,47.8,28.3,1,0,1.2,39.22
149.03,2.05,0.17,0.84,0.59,19.0,9.77,medicine,low,0.95,29.6,10.9,6.6,0,0,1.2,36.63
140.65,2.04,0.46,0.93,0.1,1.51,0.78,medicine,standard,0.91,34.4,28.2,24.5,0,0,1.2,33.17
155.73,1.42,0.52,0.7,0.3,3.81,0.65,perishable,high,0.82,33.5,27.7,26.9,0,1,1.2,21.2
219.79,2.51,0.44,0.46,0.16,6.16,5.55,general,low,0.95,32.7,34.4,21.9,0,0,1.0,45.97
110.55,1.62,0.36,0.44,0.21,13.35,13.29,hazmat,low,0.79,27.6,28.4,16.1,0,0,1.4,31.21
154.63,1.11,0.12,0.97,0.05,10.1,1.73,perishable,high,0.97,27.1,8.8,6.0,0,0,1.2,9.69
76.61,1.6,0.28,0.37,0.54,3.43,4.66,perishable,high,0.87,26.7,17.9,11.6,0,0,1.2,18.66
130.92,2.42,0.25,0.27,0.19,3.55,9.64,medicine,high,0.81,32.4,17.0,9.0,0,1,1.2,40.36
287.85,1.58,0.6,0.22,0.57,0.93,17.02,general,critical,0.76,25.1,43.5,26.8,0,0,1.0,28.64
90.16,1.26,0.32,0.59,0.24,10.12,1.71,perishable,standard,0.82,24.9,24.0,15.7,0,1,1.2,12.67
203.79,1.89,0.6,0.74,0.25,1.73,0.23,perishable,critical,0.68,32.6,45.8,33.8,0,0,1.2,39.98
121.31,1.33,0.31,0.54,0.06,6.19,0.06,general,standard,0.82,33.1,17.7,11.8,0,0,1.0,11.3
206.69,2.35,0.21,0.91,0.34,4.86,1.25,furniture,standard,0.77,32.2,10.8,9.4,0,0,1.0,40.13
204.91,2.61,0.39,0.76,0.1,1.68,4.45,general,standard,0.8,23.5,31.1,17.5,0,1,1.0,64.15
78.04,2.53,0.04,0.26,0.02,12.7,3.61,perishable,critical,0.64,30.1,2.6,2.3,0,1,1.2,27.04
188.41,1.01,0.32,0.96,0.16,3.32,3.85,luxury,standard,0.66,34.5,22.9,18.2,1,0,1.0,4.6
49.91,1.02,0.15,0.69,0.39,11.3,3.52,medicine,standard,0.79,25.8,8.2,6.7,1,0,1.2,6.07
59.93,2.17,0.2,0.26,0.12,1.41,0.2,general,standard,0.74,34.4,12.3,8.9,1,1,1.0,14.75
140.88,1.95,0.41,0.5,0.18,1.0,0.38,general,standard,0.97,31.8,26.0,19.3,0,0,1.0,16.0
242.97,2.57,0.32,0.51,0.38,4.53,2.7,luxury,high,0.7,27.6,23.8,16.3,1,1,1.0,62.83
172.26,1.03,0.16,0.67,0.08,3.3,2.4,medicine,critical,0.96,29.6,11.9,9.5,1,1,1.2,7.13
83.34,1.24,0.1,0.96,0.53,2.5,0.17,perishable,low,0.74,32.3,7.4,5.4,1,2,1.2,14.79
29.72,1.7,0.33,0.45,0.33,5.64,5.2,general,high,0.79,28.9,25.0,18.9,0,1,1.0,10.31
183.51,1.34,0.57,0.63,0.57,18.56,0.22,perishable,high,0.77,28.4,31.5,24.4,0,0,1.2,16.43
136.67,1.98,0.27,0.45,0.51,1.97,8.05,furniture,critical,0.82,31.1,18.5,14.6,0,0,1.0,19.4
147.97,1.1,0.17,0.91,0.08,4.9,0.4,medicine,high,0.65,30.7,13.7,8.7,1,0,1.2,5.6
168.44,1.58,0.03,0.96,0.42,7.78,4.7,perishable,standard,0.62,35.8,1.7,1.3,0,0,1.2,25.58
214.86,2.4,0.46,0.77,0.38,1.72,0.39,hazmat,high,0.74,30.0,26.9,23.4,0,0,1.4,46.35
132.41,1.31,0.24,0.33,0.43,1.78,1.14,perishable,high,0.84,28.5,17.4,13.1,0,0,1.2,12.31
250.3,1.54,0.13,0.66,0.26,12.87,10.65,furniture,critical,0.78,26.4,9.6,4.7,0,1,1.0,19.84
89.35,1.92,0.2,0.33,0.15,0.67,4.55,hazmat,standard,0.92,32.5,12.9,9.0,1,0,1.4,26.35
41.35,1.88,0.19,0.62,0.52,1.92,2.18,general,standard,0.83,31.1,12.0,8.8,1,2,1.0,14.48
227.41,1.7,0.07,0.45,0.07,3.97,1.21,general,standard,0.93,32.5,5.3,3.0,0,0,1.0,19.93
58.87,1.35,0.33,0.79,0.4,3.49,4.98,perishable,high,0.92,32.3,20.9,14.5,0,1,1.2,18.97
147.03,1.34,0.39,0.91,0.3,5.38,0.45,perishable,high,0.79,30.2,29.4,16.2,0,0,1.2,17.92
246.47,1.05,0.22,0.11,0.31,0.56,0.63,general,low,0.69,28.0,14.3,10.8,0,0,1.0,5.49
39.46,1.07,0.27,0.92,0.11,14.35,5.03,medicine,high,0.99,30.8,19.0,11.4,0,0,1.2,10.24
180.2,1.32,0.14,0.33,0.41,2.55,0.41,hazmat,standard,0.88,24.5,7.3,5.9,0,0,1.4,13.52
39.73,2.56,0.62,0.75,0.53,5.18,1.57,general,standard,0.82,29.8,41.4,29.3,1,1,1.0,31.4
143.98,2.14,0.34,0.3,0.55,6.63,0.01,furniture,standard,0.92,28.2,22.4,12.8,0,1,1.0,25.71
12.36,1.05,0.07,0.41,0.13,5.7,14.91,general,standard,0.99,26.2,5.5,2.9,1,0,1.0,6.27
59.33,1.04,0.05,0.65,0.14,6.49,0.7,perishable,low,0.8,30.4,3.9,2.3,0,0,1.2,4.28
87.17,1.24,0.4,0.24,0.13,3.97,3.78,general,high,0.68,32.0,24.9,19.4,1,1,1.0,8.05
35.4,1.45,0.07,0.31,0.26,14.63,4.47,hazmat,standard,0.84,29.9,4.1,4.2,0,1,1.4,10.6
186.89,1.48,0.29,0.53,0.7,3.08,4.68,general,standard,0.7,26.5,14.7,14.3,0,1,1.0,17.95
162.98,2.0,0.69,0.21,0.37,9.48,1.21,perishable,critical,0.94,27.4,38.7,36.2,0,1,1.2,29.86
242.79,1.66,0.34,0.22,0.47,1.35,1.36,perishable,high,0.95,34.4,25.1,15.2,0,1,1.2,25.16
63.1,1.6,0.36,0.7,0.5,8.01,0.27,general,standard,0.67,28.8,28.8,20.9,1,0,1.0,22.93
117.77,1.85,0.36,1.0,0.74,4.97,4.8,perishable,low,0.89,31.0,27.9,15.1,0,0,1.2,25.04
46.54,1.74,0.18,0.99,0.46,10.96,1.21,medicine,critical,0.76,33.7,11.8,9.5,0,0,1.2,19.88
96.66,1.88,0.5,0.55,0.59,4.99,0.99,perishable,low,0.67,32.5,27.1,17.7,0,0,1.2,36.95
256.18,1.1,0.19,0.78,0.06,1.42,1.6,luxury,standard,0.82,26.6,12.7,10.1,0,0,1.0,4.44
192.16,1.64,0.44,0.66,0.4,0.3,1.07,perishable,high,0.65,30.5,28.0,19.1,0,0,1.2,26.68
56.65,1.16,0.57,0.11,0.32,5.93,1.86,medicine,standard,0.93,24.0,34.7,33.8,0,0,1.2,14.83
21.3,2.39,0.31,0.91,0.48,1.42,1.19,perishable,critical,0.89,27.4,21.8,16.3,0,0,1.2,13.59
19.81,1.27,0.24,0.81,0.38,12.23,3.11,luxury,low,0.88,28.4,17.4,9.6,1,0,1.0,6.32
193.9,1.54,0.31,0.31,0.57,17.22,1.5,medicine,critical,0.93,25.6,23.8,15.9,0,1,1.2,19.24
85.08,2.18,0.48,0.97,0.56,16.11,1.54,perishable,low,0.83,31.5,26.8,22.9,1,0,1.2,39.34
305.92,1.47,0.13,0.44,0.59,1.16,6.18,luxury,critical,0.88,32.6,10.4,5.7,0,2,1.0,19.08
150.84,1.11,0.2,0.45,0.34,3.93,4.55,perishable,standard,0.7,24.8,12.9,10.9,0,0,1.2,7.69
88.77,1.11,0.53,0.7,0.18,15.49,2.17,perishable,low,0.67,27.7,35.6,25.8,1,0,1.2,35.52
51.03,1.31,0.88,0.69,0.28,0.01,2.27,furniture,standard,0.75,27.2,70.2,31.1,1,1,1.0,24.1
213.04,2.1,0.16,0.71,0.47,0.75,5.04,hazmat,high,0.71,30.1,9.9,6.1,0,1,1.4,53.93
98.15,2.61,0.14,0.12,0.56,3.96,2.65,medicine,critical,0.92,30.7,7.6,7.6,0,0,1.2,21.27
169.92,1.29,0.49,0.4,0.78,2.79,6.85,hazmat,critical,0.79,26.7,25.9,19.0,0,0,1.4,13.35
140.33,1.59,0.55,0.11,0.21,0.98,2.25,medicine,standard,0.85,25.0,32.5,22.8,0,0,1.2,23.33
141.13,2.34,0.29,0.41,0.19,2.73,12.07,general,high,0.92,31.5,15.2,10.9,0,0,1.0,33.08
203.95,1.44,0.63,0.86,0.29,0.62,2.96,perishable,critical,0.94,26.9,47.3,31.7,0,0,1.2,21.15
52.01,2.6,0.45,0.34,0.72,1.8,2.4,luxury,standard,0.88,28.3,28.7,23.2,0,4,1.0,21.58
158.37,1.34,0.45,0.26,0.45,0.41,4.7,perishable,low,0.91,28.2,31.7,23.3,0,1,1.2,25.09
115.82,1.25,0.36,0.93,0.5,2.77,8.58,perishable,standard,0.88,29.5,21.4,14.6,0,1,1.2,16.82
199.66,1.83,0.51,0.31,0.8,16.67,0.34,general,low,0.81,28.4,31.2,27.7,0,0,1.0,36.34
212.92,1.1,0.36,0.53,0.34,5.97,0.85,hazmat,high,0.78,32.9,21.8,19.0,0,2,1.4,18.02
72.26,1.48,0.08,0.4,0.1,2.05,2.6,perishable,standard,0.89,27.5,6.2,4.3,1,1,1.2,14.64
184.62,1.81,0.19,0.18,0.56,9.98,1.25,furniture,standard,0.91,29.1,11.2,10.5,0,1,1.0,23.37
58.35,2.0,0.46,0.3,0.32,0.27,3.78,medicine,critical,0.76,25.8,23.7,22.3,1,1,1.2,20.1
124.7,1.21,0.39,0.67,0.6,0.91,13.81,luxury,critical,0.94,31.7,20.2,18.9,0,0,1.0,9.76
142.44,1.27,0.19,0.17,0.26,0.83,0.72,general,high,0.62,28.2,11.2,11.2,1,0,1.0,6.89
202.35,1.82,0.31,0.14,0.26,4.08,4.38,hazmat,standard,0.83,26.9,16.4,14.8,1,0,1.4,32.79
194.95,1.35,0.3,0.24,0.49,0.61,8.25,luxury,standard,0.72,24.9,21.5,11.3,0,2,1.0,20.46
56.94,2.01,0.19,0.36,0.08,0.34,6.56,general,high,0.67,29.4,10.6,7.1,1,0,1.0,10.39
184.67,1.26,0.38,0.74,0.21,15.2,0.88,perishable,standard,0.75,23.8,28.4,18.5,0,0,1.2,14.24
144.25,2.23,0.28,0.54,0.39,15.95,2.74,furniture,standard,0.71,24.2,22.3,16.4,1,0,1.0,17.18
272.4,1.61,0.33,0.55,0.23,1.84,5.39,perishable,high,0.6,29.1,26.4,12.6,0,0,1.2,32.33
94.3,2.24,0.17,0.44,0.34,16.44,2.52,perishable,standard,0.79,29.1,13.5,10.1,1,0,1.2,27.17
109.63,2.46,0.34,0.81,0.39,3.28,2.15,furniture,critical,0.55,31.6,18.5,17.0,0,0,1.0,28.94
290.91,2.45,0.21,0.14,0.45,4.91,4.6,perishable,standard,0.66,29.1,15.4,10.4,0,0,1.2,74.07
226.71,2.73,0.1,0.63,0.28,0.33,0.18,medicine,low,0.56,27.9,6.5,5.6,1,1,1.2,88.22
53.37,2.17,0.04,0.96,0.28,4.92,0.46,perishable,standard,0.65,33.2,2.7,1.5,0,0,1.2,14.68
120.27,1.26,0.29,0.61,0.08,6.55,8.19,general,standard,0.84,23.9,19.5,16.7,0,0,1.0,6.24
174.13,1.17,0.24,0.76,0.16,5.01,2.56,perishable,critical,0.92,26.7,18.3,12.6,0,0,1.2,12.05
207.11,1.72,0.4,0.23,0.38,6.95,0.55,perishable,standard,0.92,28.8,21.0,15.2,0,0,1.2,33.02
76.22,1.82,0.36,0.62,0.25,4.88,6.57,furniture,critical,0.78,26.1,18.2,17.0,0,0,1.0,12.71
248.73,1.99,0.07,0.38,0.19,8.58,0.68,furniture,standard,0.94,26.1,4.5,3.3,0,0,1.0,30.56
42.07,1.99,0.22,0.74,0.47,6.78,6.21,general,high,0.89,33.7,13.4,13.0,0,1,1.0,14.32
65.69,1.71,0.42,0.26,0.77,10.47,5.52,luxury,high,0.78,23.8,33.0,20.7,0,0,1.0,12.33
239.14,1.69,0.33,0.62,0.12,7.87,2.36,general,high,0.91,29.1,17.9,18.2,0,2,1.0,38.64
137.01,1.75,0.53,0.56,0.23,6.27,6.37,medicine,low,0.7,35.1,32.4,19.6,0,2,1.2,45.66
146.5,1.55,0.58,0.76,0.46,6.51,2.41,medicine,high,0.73,29.8,40.5,29.9,1,0,1.2,37.0
188.78,1.96,0.75,0.7,0.29,5.78,4.4,perishable,standard,0.76,28.1,39.5,34.5,0,0,1.2,51.76
82.32,1.38,0.53,0.77,0.7,1.9,6.63,general,standard,0.73,33.7,31.1,30.6,1,1,1.0,27.72
46.09,2.1,0.29,0.93,0.31,1.43,2.56,luxury,low,0.87,34.4,21.8,10.5,1,0,1.0,10.31
172.17,1.05,0.08,0.62,0.21,8.01,1.62,furniture,standard,0.82,25.5,4.1,4.7,1,1,1.0,3.16
197.81,1.38,0.65,0.46,0.32,12.99,7.65,perishable,high,0.7,32.0,49.6,27.3,0,1,1.2,23.13
147.83,2.38,0.41,0.55,0.11,10.61,1.82,luxury,standard,0.69,32.9,25.2,22.7,1,0,1.0,48.15
116.12,2.14,0.34,0.72,0.36,7.94,0.27,medicine,standard,0.93,25.7,18.9,17.8,0,1,1.2,30.19
62.9,1.14,0.63,0.31,0.27,2.58,8.27,luxury,standard,0.79,31.9,48.3,24.0,1,0,1.0,14.23
112.08,1.75,0.61,0.27,0.29,2.65,0.68,furniture,high,0.94,25.3,40.2,27.0,1,0,1.0,23.71
284.23,2.01,0.64,0.18,0.64,7.74,16.22,perishable,low,0.71,33.4,37.2,24.5,0,0,1.2,65.88
118.27,2.05,0.5,0.46,0.46,3.48,0.42,medicine,critical,0.84,29.2,26.3,24.8,0,0,1.2,18.63
117.48,2.54,0.35,0.17,0.64,10.53,5.52,furniture,low,0.8,35.5,19.9,12.8,1,0,1.0,37.98
133.1,1.66,0.08,0.2,0.2,0.24,1.08,general,standard,0.78,31.2,4.3,4.0,0,1,1.0,17.6
111.51,1.25,0.13,0.89,0.43,14.41,4.69,medicine,standard,0.91,24.6,10.2,4.6,0,1,1.2,12.05
240.82,1.21,0.52,0.64,0.39,7.79,2.52,medicine,standard,0.98,31.4,29.4,19.1,0,2,1.2,25.35
198.99,1.11,0.25,0.96,0.12,5.52,1.98,luxury,standard,0.75,28.1,19.7,13.9,0,0,1.0,7.13
96.59,1.57,0.16,0.43,0.55,1.54,4.42,perishable,standard,0.81,36.5,10.4,8.3,0,0,1.2,9.68
119.1,1.14,0.11,0.43,0.33,20.03,2.68,perishable,critical,0.77,28.7,8.7,5.2,0,1,1.2,14.37
128.72,1.28,0.52,0.87,0.66,7.92,6.71,furniture,low,0.72,31.6,29.4,20.8,0,1,1.0,11.98
142.9,1.8,0.51,0.62,0.19,4.63,1.08,perishable,standard,0.93,32.5,34.8,27.5,0,1,1.2,36.43
90.07,1.66,0.34,0.61,0.18,4.83,0.83,perishable,standard,0.96,29.9,27.0,19.8,1,0,1.2,29.95
95.44,1.16,0.31,0.6,0.67,7.34,1.77,general,standard,0.71,25.0,24.8,16.3,0,3,1.0,19.4
241.47,1.24,0.09,0.83,0.28,6.94,1.8,medicine,low,0.63,27.8,5.3,4.0,0,1,1.2,17.69
257.22,1.68,0.1,0.71,0.14,2.93,7.19,general,high,0.78,33.0,6.0,5.1,1,0,1.0,27.92
97.78,1.23,0.42,0.27,0.22,0.77,11.25,furniture,low,0.86,26.3,30.7,16.2,0,1,1.0,14.06
113.83,1.96,0.39,0.73,0.33,0.56,4.5,perishable,high,0.62,26.5,27.9,16.9,0,0,1.2,24.44
187.48,2.33,0.6,0.59,0.43,3.23,2.84,furniture,low,0.84,29.1,35.8,26.0,0,0,1.0,49.94
39.25,1.83,0.53,0.21,0.05,1.75,3.38,perishable,standard,0.92,31.1,27.3,31.3,1,2,1.2,27.03
232.16,2.97,0.42,0.39,0.22,0.48,1.57,medicine,high,0.71,31.5,25.5,19.3,0,0,1.2,59.01
88.37,1.86,0.41,0.79,0.16,3.73,5.6,perishable,high,0.68,33.3,27.0,19.7,1,0,1.2,21.88
176.86,2.48,0.59,0.94,0.28,12.23,6.44,hazmat,high,0.67,25.8,30.9,33.3,0,1,1.4,62.27
33.7,1.51,0.03,0.53,0.44,5.43,0.54,medicine,high,0.87,29.9,2.3,1.4,0,1,1.2,5.79
184.79,2.65,0.32,0.74,0.64,0.79,1.69,medicine,standard,0.71,26.9,20.0,11.9,0,0,1.2,54.37
177.87,1.08,0.34,0.14,0.42,7.61,1.36,perishable,standard,0.84,28.0,24.5,15.5,0,0,1.2,10.72
170.42,1.29,0.49,0.56,0.42,1.15,7.73,general,high,0.89,34.8,24.4,17.6,1,0,1.0,7.86
71.53,1.24,0.38,0.55,0.28,3.62,8.09,general,high,0.73,28.8,19.6,19.7,0,0,1.0,7.02
99.83,1.45,0.02,1.0,0.43,14.69,7.37,perishable,standard,0.7,27.6,1.5,1.1,0,1,1.2,21.95
150.96,1.06,0.16,1.0,0.51,6.96,7.8,furniture,critical,0.92,30.8,9.8,5.8,0,0,1.0,5.27
96.23,1.74,0.43,0.53,0.25,8.59,7.21,perishable,low,0.78,27.8,25.0,24.7,1,2,1.2,27.24
81.67,1.95,0.64,0.25,0.53,3.44,2.35,perishable,critical,0.86,34.5,42.2,30.8,1,0,1.2,20.5
230.72,1.46,0.8,0.56,0.45,30.0,4.33,perishable,standard,0.58,32.6,54.4,35.1,0,0,1.2,36.97
23.76,1.21,0.11,0.71,0.05,1.31,0.4,furniture,standard,0.73,30.4,6.6,4.1,0,0,1.0,3.43
245.86,1.47,0.26,0.77,0.32,5.97,2.89,general,high,0.79,29.5,19.7,12.1,0,0,1.0,22.09
67.37,2.59,0.59,0.27,0.38,11.13,5.47,luxury,critical,0.64,31.3,29.3,29.1,0,1,1.0,29.36
164.88,1.65,0.45,0.78,0.43,4.68,1.26,perishable,high,0.89,28.8,25.5,24.7,0,3,1.2,29.84
161.63,3.27,0.64,0.96,0.43,14.07,1.67,furniture,high,0.86,32.9,46.8,37.5,1,1,1.0,66.09
71.48,2.02,0.08,0.25,0.23,14.7,5.36,medicine,high,0.87,28.5,5.7,3.9,1,0,1.2,21.68
97.94,1.16,0.15,0.53,0.23,10.39,0.9,perishable,standard,0.81,30.4,10.7,8.8,0,0,1.2,4.1
201.31,1.05,0.15,0.88,0.59,5.99,0.79,general,low,0.9,29.9,10.8,6.8,1,0,1.0,6.28
120.96,2.5,0.14,0.37,0.3,11.21,1.12,furniture,standard,0.77,32.2,8.0,5.1,0,0,1.0,23.48
303.24,1.12,0.48,0.16,0.41,1.21,1.84,perishable,critical,0.76,27.3,30.5,20.1,0,0,1.2,15.44
86.07,1.91,0.31,0.98,0.15,5.15,9.26,furniture,low,0.83,34.3,17.3,13.7,0,2,1.0,30.82
86.08,2.77,0.18,0.75,0.36,1.58,4.91,general,critical,0.97,30.0,9.0,9.1,0,1,1.0,20.35
63.32,1.67,0.27,0.23,0.22,0.54,6.76,furniture,standard,0.93,24.4,16.7,12.2,0,1,1.0,12.02
89.55,2.24,0.38,0.51,0.35,6.58,8.46,perishable,low,0.89,35.6,27.5,19.4,0,0,1.2,26.51
132.13,1.13,0.17,0.63,0.2,1.41,1.95,luxury,standard,0.68,30.7,9.4,7.3,0,0,1.0,6.42
307.6,1.66,0.49,0.93,0.25,0.73,6.73,general,high,0.82,33.9,24.5,23.3,0,0,1.0,34.01
90.66,1.66,0.28,0.36,0.19,4.05,1.36,hazmat,standard,0.89,27.7,14.4,16.5,0,1,1.4,23.49
24.49,1.25,0.35,0.84,0.11,0.62,13.68,general,standard,0.71,29.1,21.3,17.3,0,0,1.0,7.77
105.99,2.43,0.32,0.1,0.18,4.1,3.1,luxury,high,0.71,33.1,18.3,11.8,1,1,1.0,22.68
132.11,1.73,0.42,0.89,0.11,6.25,7.37,furniture,standard,0.66,36.2,27.2,16.2,0,0,1.0,20.31
242.25,1.2,0.08,0.78,0.5,0.36,6.86,luxury,standard,0.66,32.7,6.4,4.4,1,0,1.0,12.66
141.6,1.75,0.53,0.95,0.17,5.65,11.0,hazmat,high,0.83,25.4,28.6,23.7,0,1,1.4,35.46
103.61,1.7,0.12,0.46,0.37,4.93,3.53,general,high,0.53,32.7,6.2,6.6,0,1,1.0,15.95
87.04,1.49,0.28,0.97,0.16,0.99,7.55,luxury,low,0.75,31.9,14.5,11.3,0,0,1.0,9.55
182.51,1.24,0.61,0.82,0.04,5.98,12.76,furniture,standard,0.81,29.4,43.9,22.9,0,0,1.0,13.61
133.66,1.28,0.25,0.23,0.39,5.92,1.47,luxury,high,0.87,30.9,14.2,9.8,0,1,1.0,10.24
179.94,2.03,0.41,0.31,0.26,3.02,0.33,furniture,standard,0.92,29.7,32.4,19.5,1,1,1.0,36.98
61.31,1.85,0.42,0.82,0.44,2.87,0.73,perishable,standard,0.67,35.1,21.6,18.5,0,0,1.2,20.41
113.26,1.07,0.25,0.51,0.09,2.73,1.71,medicine,low,0.66,29.0,12.5,13.1,0,0,1.2,8.67
198.34,2.07,0.1,0.78,0.6,0.82,1.58,perishable,low,0.85,32.9,6.6,3.6,0,0,1.2,42.82
43.26,1.79,0.82,0.51,0.28,19.87,0.41,general,standard,0.67,28.4,63.3,48.8,1,1,1.0,41.13
67.38,1.39,0.1,0.66,0.45,1.95,8.86,furniture,critical,0.84,30.7,5.2,5.6,1,1,1.0,8.84
122.5,1.22,0.22,0.4,0.3,9.63,3.68,luxury,standard,0.78,28.7,13.3,7.7,1,0,1.0,6.16
228.2,1.63,0.1,0.53,0.52,2.11,7.63,furniture,high,0.84,33.1,6.2,3.7,0,0,1.0,17.24
256.77,2.35,0.69,0.86,0.36,6.67,0.13,hazmat,standard,0.82,26.0,41.3,33.4,0,1,1.4,77.79
73.15,1.68,0.23,0.55,0.27,12.56,1.83,furniture,high,0.8,29.6,11.7,8.3,1,1,1.0,10.08
191.32,1.86,0.22,0.72,0.02,2.86,2.07,furniture,standard,0.68,34.8,17.6,9.7,0,2,1.0,31.6
253.35,1.22,0.26,0.29,0.37,1.1,1.75,luxury,standard,0.63,29.4,20.3,15.0,0,2,1.0,11.36
195.17,1.16,0.41,0.72,0.09,1.86,8.54,perishable,standard,0.68,30.9,32.2,18.4,0,0,1.2,13.26
142.73,2.11,0.17,0.19,0.18,2.56,2.63,luxury,high,0.77,29.8,10.1,7.4,0,0,1.0,17.68
152.83,2.08,0.8,0.65,0.52,1.65,2.42,perishable,critical,0.87,32.0,46.2,36.6,0,1,1.2,25.84
83.02,1.83,0.11,0.59,0.27,4.34,18.17,perishable,critical,0.79,31.4,6.8,5.9,1,0,1.2,17.17
98.4,1.34,0.32,0.48,0.22,9.62,1.44,perishable,low,0.55,27.9,17.0,17.5,0,2,1.2,20.19
116.2,1.3,0.37,0.84,0.15,4.48,1.26,general,high,0.84,28.7,23.4,14.2,1,2,1.0,10.83
112.88,1.31,0.25,0.62,0.2,8.02,1.27,luxury,standard,0.53,29.3,17.3,13.1,0,1,1.0,8.68
107.37,2.49,0.25,0.33,0.39,0.7,0.18,medicine,low,0.66,29.2,12.8,10.8,0,0,1.2,37.3
63.62,2.19,0.51,0.56,0.19,4.68,6.42,general,high,0.88,30.2,25.8,21.3,0,1,1.0,23.35
250.51,1.43,0.58,0.82,0.7,0.66,1.54,furniture,high,0.91,31.1,38.7,24.1,0,1,1.0,21.45
130.55,1.41,0.04,0.87,0.34,12.86,25.0,medicine,high,0.81,29.2,3.0,2.0,0,0,1.2,16.54
107.62,1.59,0.51,0.38,0.57,16.27,0.28,perishable,standard,0.71,29.3,34.5,30.5,0,0,1.2,27.25
49.87,2.14,0.57,0.17,0.42,1.28,3.3,furniture,high,0.92,26.5,34.4,30.0,1,3,1.0,31.31
179.74,1.65,0.28,0.33,0.24,5.32,4.26,general,standard,0.9,28.3,22.0,13.4,0,1,1.0,23.94
84.99,1.98,0.52,0.9,0.12,1.08,4.17,furniture,low,0.82,29.0,35.1,22.5,0,2,1.0,22.52
95.73,1.52,0.18,0.7,0.4,5.2,1.34,luxury,high,0.93,35.0,12.1,6.9,0,1,1.0,14.05
94.93,2.36,0.13,0.97,0.62,1.78,3.21,hazmat,standard,0.74,28.5,6.9,5.6,0,1,1.4,34.17
186.22,1.89,0.15,0.14,0.51,9.31,8.15,perishable,standard,0.72,31.9,9.0,6.7,0,0,1.2,34.96
159.42,1.92,0.14,0.42,0.48,4.32,0.26,perishable,critical,0.75,34.4,9.6,7.5,0,1,1.2,28.25
32.49,2.42,0.09,0.47,0.07,0.71,1.77,perishable,standard,0.74,30.3,6.1,4.2,0,0,1.2,11.26
227.61,1.7,0.2,0.4,0.16,2.59,3.0,general,high,0.91,34.0,11.1,9.8,0,0,1.0,17.62
172.77,1.17,0.13,0.33,0.52,3.59,5.12,furniture,high,0.82,30.5,8.1,5.0,0,1,1.0,8.71
144.67,2.23,0.14,0.51,0.42,10.2,1.15,medicine,high,0.76,29.6,10.1,7.7,1,0,1.2,31.62
77.76,2.19,0.31,0.71,0.22,7.64,6.69,general,low,0.86,34.5,19.6,13.2,0,0,1.0,25.55
214.89,1.95,0.34,0.26,0.59,3.22,4.14,furniture,standard,0.66,28.9,20.8,13.4,0,0,1.0,42.66
135.46,1.67,0.11,0.81,0.33,0.23,0.4,perishable,high,0.82,28.4,6.3,5.1,1,0,1.2,14.48
97.64,1.47,0.27,0.29,0.44,0.63,4.29,perishable,critical,0.84,29.2,14.9,10.9,0,0,1.2,15.62
52.26,1.77,0.26,0.97,0.11,3.39,4.68,furniture,high,0.96,29.9,14.6,11.6,0,0,1.0,6.07
125.28,1.78,0.09,0.8,0.44,3.58,4.61,luxury,standard,0.89,34.1,4.9,3.3,1,0,1.0,21.49
237.48,2.3,0.35,0.39,0.31,1.07,3.77,furniture,standard,0.74,29.5,27.4,12.9,0,0,1.0,53.99
104.92,2.22,0.22,0.63,0.13,0.88,5.69,perishable,standard,0.98,33.0,15.8,8.1,0,1,1.2,22.27
44.83,1.35,0.47,0.44,0.21,1.01,2.05,medicine,critical,0.77,30.7,28.8,28.1,0,0,1.2,9.08
103.53,1.52,0.09,1.0,0.19,0.09,0.96,general,standard,0.91,31.6,5.8,5.2,0,1,1.0,10.9
98.94,1.6,0.08,0.53,0.38,4.67,8.83,general,high,0.67,30.9,5.6,4.3,0,0,1.0,8.92
139.14,1.8,0.04,0.71,0.26,1.24,3.12,furniture,low,0.74,29.9,2.7,2.2,0,2,1.0,22.91
77.7,1.87,0.1,0.67,0.28,1.85,1.03,general,low,0.79,29.7,8.0,4.6,0,0,1.0,14.25
89.6,1.2,0.64,0.37,0.36,0.73,2.43,luxury,standard,0.94,34.1,45.6,34.0,0,0,1.0,9.77
47.56,1.9,0.24,0.45,0.61,2.27,7.75,perishable,low,0.85,34.8,18.5,9.6,0,1,1.2,24.46
166.34,1.37,0.23,0.55,0.41,0.57,0.74,medicine,high,0.8,33.4,11.3,11.9,0,0,1.2,16.36
86.61,1.43,0.16,0.32,0.54,2.87,6.86,medicine,high,0.78,31.6,11.5,7.5,1,0,1.2,14.21
72.9,1.59,0.16,0.28,0.51,2.77,0.56,perishable,critical,0.75,27.8,11.2,8.2,0,0,1.2,8.42
213.39,1.52,0.11,0.97,0.52,18.7,5.45,hazmat,high,0.68,26.8,8.5,4.2,0,0,1.4,35.96
237.02,1.33,0.15,0.35,0.55,1.95,9.15,general,low,0.78,28.9,11.2,5.9,0,0,1.0,17.87
166.29,2.04,0.05,0.41,0.46,3.55,3.22,furniture,standard,0.81,29.1,3.1,2.6,0,2,1.0,26.29
247.57,1.3,0.31,0.84,0.4,2.14,0.12,perishable,high,0.85,30.0,23.8,11.1,0,0,1.2,13.89
216.01,2.1,0.14,0.81,0.65,4.4,1.43,perishable,high,0.78,30.6,9.5,6.4,0,0,1.2,32.87
124.7,1.4,0.22,0.24,0.22,6.73,0.5,luxury,standard,0.87,35.5,14.8,9.2,0,1,1.0,14.07
62.49,1.04,0.38,0.25,0.12,1.33,6.22,medicine,high,0.76,28.7,28.0,19.6,1,0,1.2,16.75
101.88,1.72,0.03,0.25,0.38,11.66,5.54,general,low,0.58,32.5,2.1,1.3,0,0,1.0,18.0
85.16,1.31,0.46,0.61,0.29,9.88,0.44,perishable,low,0.83,27.5,31.9,18.3,1,0,1.2,32.15
179.71,1.85,0.24,0.84,0.24,8.56,0.54,furniture,critical,0.79,29.4,12.1,13.6,1,1,1.0,13.48
115.42,1.3,0.09,0.76,0.27,1.15,0.56,luxury,standard,0.84,28.9,5.5,3.7,0,0,1.0,11.31
33.41,1.9,0.29,0.45,0.37,2.43,1.72,perishable,low,0.82,27.4,14.2,12.7,0,1,1.2,19.32
107.52,1.58,0.55,0.62,0.31,15.11,0.7,perishable,standard,0.71,31.2,38.4,21.8,0,0,1.2,21.84
75.69,2.17,0.07,0.73,0.55,0.03,2.55,perishable,critical,0.79,28.3,4.1,4.1,0,0,1.2,19.93
131.74,2.1,0.61,0.11,0.3,1.46,0.12,general,critical,0.64,31.3,46.9,24.9,1,0,1.0,33.61
208.54,1.23,0.07,0.84,0.12,0.13,5.54,furniture,high,0.95,26.0,5.5,3.4,1,0,1.0,4.48
51.24,1.18,0.5,0.81,0.55,2.34,2.88,general,standard,0.91,24.3,39.0,27.7,1,0,1.0,19.32
232.68,1.03,0.25,0.76,0.41,4.99,5.6,furniture,high,0.84,31.0,15.4,10.0,0,0,1.0,4.31
139.57,2.21,0.06,0.97,0.38,0.77,2.59,medicine,standard,0.97,28.5,3.4,3.6,1,0,1.2,31.02
181.06,1.33,0.55,0.11,0.29,10.23,0.27,luxury,standard,0.8,30.4,29.2,23.6,0,0,1.0,10.25
87.47,1.16,0.18,0.84,0.26,3.5,1.05,general,high,0.77,26.9,10.1,10.5,1,2,1.0,5.86
127.46,1.99,0.68,0.52,0.4,0.87,0.29,general,standard,0.77,31.9,40.7,26.7,0,1,1.0,31.13
230.98,1.68,0.76,0.78,0.15,7.86,0.64,hazmat,high,0.88,23.8,59.8,31.3,1,0,1.4,49.81
221.17,1.1,0.41,0.13,0.49,9.28,3.99,perishable,standard,0.7,28.5,21.6,21.5,0,0,1.2,11.37
139.48,1.26,0.27,0.15,0.23,4.12,5.47,hazmat,high,0.91,26.1,20.5,10.6,0,0,1.4,12.96
112.1,3.04,0.39,0.21,0.44,11.23,0.37,furniture,high,0.9,27.4,21.8,20.7,1,0,1.0,31.37
156.52,2.64,0.33,0.27,0.48,1.82,0.1,furniture,high,0.74,35.0,22.3,14.8,0,0,1.0,41.55
151.64,2.38,0.05,0.23,0.42,5.95,5.19,medicine,standard,0.84,31.1,3.1,2.1,1,0,1.2,36.34
249.67,1.71,0.55,0.41,0.56,2.45,1.1,medicine,high,0.75,24.7,29.8,21.2,0,0,1.2,31.9
84.32,1.89,0.34,0.38,0.43,4.98,9.43,perishable,standard,0.8,29.5,17.3,13.0,0,0,1.2,18.82
83.42,1.9,0.23,0.29,0.49,11.37,1.54,luxury,critical,0.7,35.4,13.6,11.9,1,0,1.0,14.52
110.97,2.06,0.47,0.24,0.25,0.2,1.64,furniture,standard,0.84,24.9,23.1,26.5,0,0,1.0,18.94
64.12,1.44,0.49,0.71,0.59,0.49,0.36,perishable,standard,0.9,29.1,33.0,28.7,0,0,1.2,7.69
169.0,2.31,0.25,0.53,0.51,13.35,7.65,general,low,0.82,31.5,20.0,11.2,1,1,1.0,37.69
38.55,1.87,0.44,0.96,0.08,0.69,4.56,furniture,standard,0.71,25.4,32.6,22.3,1,1,1.0,28.45
261.84,1.04,0.13,0.84,0.09,0.74,1.72,medicine,critical,0.97,26.2,9.9,5.8,1,1,1.2,7.99
161.86,1.84,0.43,0.78,0.16,3.11,7.04,hazmat,standard,0.94,31.0,28.9,21.8,0,0,1.4,18.54
191.5,2.27,0.2,0.18,0.51,1.0,7.93,luxury,critical,0.58,29.3,12.5,8.8,0,0,1.0,31.59
31.91,1.6,0.4,0.92,0.34,8.85,3.36,general,high,0.99,29.5,30.3,20.6,0,0,1.0,10.17
186.11,1.2,0.46,0.98,0.25,5.98,0.27,general,high,0.63,22.7,27.1,25.1,0,1,1.0,12.94
160.65,1.55,0.23,0.17,0.22,0.26,3.85,general,low,0.89,26.7,13.2,11.8,0,0,1.0,18.74
166.98,1.45,0.36,0.85,0.27,1.02,6.67,perishable,standard,0.98,32.5,20.2,16.1,1,0,1.2,19.37
125.42,1.72,0.45,0.48,0.53,10.15,5.97,furniture,critical,0.77,30.8,32.5,26.8,0,1,1.0,20.69
192.42,2.64,0.06,0.39,0.5,0.15,5.19,luxury,standard,0.79,31.5,3.8,2.5,0,0,1.0,54.3
75.28,1.98,0.25,0.71,0.16,3.7,2.15,furniture,high,0.76,27.1,14.9,10.3,1,2,1.0,13.56
166.72,1.56,0.56,0.38,0.17,1.47,1.08,hazmat,standard,0.63,27.8,30.5,22.4,1,0,1.4,49.74
48.88,2.38,0.4,0.2,0.24,1.39,1.78,medicine,high,0.7,25.7,27.8,21.0,0,1,1.2,27.31
54.5,1.22,0.42,0.73,0.15,0.95,8.01,perishable,standard,0.77,30.8,27.8,20.6,1,0,1.2,24.69
258.79,1.36,0.21,0.69,0.51,3.9,1.2,general,high,0.85,30.7,13.0,12.5,0,0,1.0,10.71
81.12,1.17,0.61,0.81,0.64,5.14,2.79,luxury,standard,0.66,27.1,42.0,26.4,1,0,1.0,27.57
66.07,1.53,0.46,0.6,0.41,5.23,2.87,medicine,standard,0.84,34.2,34.1,27.5,0,1,1.2,20.79
229.71,1.24,0.13,0.82,0.64,0.34,0.41,furniture,high,0.62,32.8,7.3,7.5,0,0,1.0,10.77
230.72,3.02,0.14,0.11,0.18,2.85,2.61,general,high,0.59,30.6,10.2,7.9,0,0,1.0,58.69
104.61,1.14,0.84,0.79,0.3,2.35,4.75,medicine,standard,0.72,31.4,42.8,35.8,0,0,1.2,13.58
308.39,1.16,0.3,0.49,0.53,0.74,7.63,luxury,high,0.82,33.2,21.6,12.9,1,0,1.0,9.36
93.46,1.27,0.79,0.61,0.51,0.45,0.43,general,standard,0.87,25.0,45.6,44.7,0,1,1.0,16.96
220.88,2.71,0.4,0.9,0.71,2.62,3.84,general,low,0.88,30.8,26.3,14.1,0,1,1.0,54.52
155.89,1.2,0.21,0.8,0.54,0.15,15.83,perishable,high,0.7,28.5,14.1,11.4,0,1,1.2,13.07
102.03,1.53,0.08,0.69,0.75,15.22,1.19,perishable,critical,0.93,32.2,6.2,3.3,1,0,1.2,8.99
198.36,1.23,0.31,0.23,0.67,2.22,5.73,perishable,standard,0.86,30.9,20.7,13.4,1,1,1.2,23.23
46.62,1.27,0.24,0.33,0.47,12.11,0.31,perishable,low,0.65,29.1,15.0,13.9,0,0,1.2,13.9
145.49,2.08,0.1,0.41,0.12,1.33,2.55,furniture,critical,0.96,33.8,7.7,4.2,1,1,1.0,18.56
116.77,1.51,0.78,0.94,0.34,9.39,19.03,medicine,high,0.83,24.2,53.2,37.4,0,0,1.2,28.52
194.57,2.67,0.29,0.8,0.1,0.49,2.07,perishable,high,0.78,32.7,15.4,12.3,0,1,1.2,38.23
146.32,1.35,0.2,0.55,0.36,0.96,5.03,perishable,critical,0.74,29.0,13.2,10.7,0,0,1.2,11.56
169.07,2.63,0.14,0.78,0.2,0.85,2.03,general,standard,0.85,29.1,7.4,6.3,0,0,1.0,32.88
189.91,1.16,0.27,0.34,0.36,0.89,4.3,general,high,0.97,29.4,17.7,13.9,1,1,1.0,6.64
117.41,1.33,0.24,0.23,0.11,7.57,1.45,furniture,standard,0.65,30.6,13.8,9.2,1,1,1.0,12.82
156.29,1.24,0.06,0.63,0.4,4.01,2.0,general,high,0.83,31.4,4.0,2.6,0,0,1.0,6.55
275.23,1.64,0.22,0.48,0.58,12.11,1.99,furniture,high,0.89,29.0,15.6,12.9,0,1,1.0,29.58
151.62,1.32,0.3,0.51,0.5,5.13,2.37,perishable,standard,0.74,36.8,23.7,12.2,1,0,1.2,16.73
116.45,2.09,0.31,0.25,0.34,3.5,2.59,medicine,high,0.94,29.3,18.7,11.2,0,0,1.2,28.38
213.08,2.23,0.31,0.43,0.53,5.58,5.53,hazmat,standard,0.86,26.1,20.5,16.9,1,0,1.4,64.66
116.3,2.02,0.14,0.98,0.38,2.32,2.19,general,standard,0.75,34.7,7.6,8.1,1,1,1.0,17.65
269.01,1.23,0.22,0.17,0.23,2.39,0.4,furniture,high,0.84,27.6,15.4,10.4,0,0,1.0,11.98
239.74,1.62,0.75,0.99,0.11,0.12,3.99,general,low,0.92,29.5,44.8,42.1,0,2,1.0,41.12
102.82,1.84,0.92,0.65,0.17,15.0,18.24,hazmat,high,0.85,33.3,55.9,49.4,0,0,1.4,51.03
107.35,1.79,0.21,0.47,0.42,1.32,4.42,hazmat,standard,0.68,28.6,12.3,9.2,0,0,1.4,14.07
204.11,1.16,0.21,0.1,0.69,4.03,1.24,perishable,critical,0.79,28.6,12.6,9.9,0,0,1.2,6.47
237.1,1.06,0.19,0.49,0.42,22.62,2.73,medicine,standard,0.74,27.6,13.2,10.4,0,1,1.2,13.57
216.82,1.43,0.14,0.5,0.51,0.91,0.27,perishable,high,0.63,27.2,11.1,7.6,1,0,1.2,19.81
133.28,1.06,0.18,0.31,0.65,1.1,3.67,hazmat,high,0.78,30.7,11.3,7.1,0,0,1.4,10.97
141.64,2.48,0.31,0.87,0.15,2.63,8.89,perishable,standard,0.56,34.5,18.0,13.4,1,1,1.2,52.02
125.4,1.6,0.12,0.44,0.43,8.08,15.33,general,standard,0.79,26.0,6.4,4.7,0,0,1.0,19.24
134.48,2.1,0.25,0.2,0.21,0.71,1.71,medicine,critical,0.6,31.6,12.4,14.1,0,0,1.2,24.98
97.04,1.77,0.26,0.86,0.1,16.46,0.71,perishable,high,0.89,26.3,19.9,15.1,0,2,1.2,22.63
283.9,1.38,0.78,0.69,0.09,2.24,2.91,perishable,high,0.91,32.3,49.6,41.2,0,0,1.2,32.25
185.95,1.09,0.14,0.15,0.73,3.51,9.94,luxury,low,0.8,28.0,7.7,5.3,0,0,1.0,7.97
178.37,1.51,0.66,0.17,0.62,9.08,7.05,general,standard,0.73,32.4,37.2,33.8,1,2,1.0,34.42
233.22,1.65,0.46,0.98,0.51,8.02,9.02,perishable,standard,0.91,24.8,35.5,26.4,1,0,1.2,59.14
38.91,1.52,0.67,0.88,0.14,5.31,1.84,perishable,standard,0.77,35.7,49.5,30.2,0,0,1.2,18.7
188.58,2.38,0.62,0.89,0.22,2.56,2.74,general,standard,0.84,34.2,47.7,24.2,0,0,1.0,39.43
240.41,2.17,0.57,0.19,0.34,13.02,8.47,general,standard,0.79,32.3,41.6,23.4,0,2,1.0,44.86
59.99,2.08,0.33,0.21,0.45,3.74,4.4,medicine,standard,0.77,26.8,18.8,12.6,1,0,1.2,18.83
233.28,1.89,0.43,0.99,0.08,5.68,12.6,hazmat,high,0.91,28.4,26.0,21.5,0,0,1.4,46.97
186.33,1.44,0.19,0.99,0.24,1.2,2.26,furniture,standard,0.82,31.7,14.0,6.9,0,1,1.0,18.42
147.66,2.01,0.06,0.52,0.3,1.32,2.65,general,standard,0.78,30.6,3.5,2.5,0,3,1.0,40.73
138.81,2.63,0.09,0.76,0.52,0.9,8.14,perishable,high,0.72,25.9,6.8,4.0,0,1,1.2,52.42
73.32,1.51,0.04,0.76,0.44,7.89,1.32,hazmat,high,0.91,29.4,2.5,1.7,1,1,1.4,15.73
29.32,2.1,0.68,0.99,0.37,0.5,14.14,general,critical,0.76,28.6,45.1,33.7,0,1,1.0,18.63
219.03,2.0,0.5,0.8,0.17,2.13,5.49,furniture,standard,0.62,31.5,25.3,20.7,1,0,1.0,41.63
65.28,1.7,0.13,0.39,0.29,24.1,1.45,hazmat,standard,0.7,25.1,8.0,4.6,0,1,1.4,24.54
96.56,1.49,0.15,0.69,0.24,5.57,2.24,general,standard,0.7,24.7,11.2,8.8,0,1,1.0,13.43
299.5,2.09,0.58,0.54,0.86,0.54,4.61,luxury,standard,0.71,28.4,45.3,33.9,0,0,1.0,48.73
161.78,1.4,0.89,0.5,0.35,6.06,0.64,perishable,standard,0.75,28.6,67.8,41.5,1,0,1.2,35.41
168.62,1.45,0.05,0.53,0.18,6.85,10.11,furniture,standard,0.81,35.2,3.7,1.8,0,2,1.0,18.93
113.14,1.34,0.29,0.91,0.52,10.95,0.59,furniture,critical,0.84,33.6,15.6,11.4,0,1,1.0,8.74
230.61,2.18,0.55,0.41,0.29,0.32,3.7,perishable,standard,0.79,32.0,35.2,21.0,1,2,1.2,76.33
47.93,1.56,0.11,0.69,0.44,0.91,0.93,perishable,critical,0.79,35.4,5.4,5.4,0,0,1.2,10.4
192.33,2.19,0.4,0.98,0.32,2.47,4.48,general,high,0.77,32.4,28.3,23.3,0,0,1.0,35.66
55.82,1.28,0.33,0.4,0.18,4.42,1.92,general,low,0.88,27.8,23.3,12.9,0,0,1.0,7.99
283.37,1.89,0.36,0.73,0.44,0.83,0.56,furniture,low,0.79,28.7,21.7,17.6,1,0,1.0,35.29
177.17,2.14,0.51,0.22,0.13,2.71,0.12,hazmat,high,0.82,27.8,27.7,26.1,1,0,1.4,56.0
70.66,2.04,0.11,0.87,0.54,0.65,4.83,luxury,low,0.85,25.5,6.0,5.9,0,1,1.0,20.5
138.14,1.45,0.25,0.85,0.39,1.57,1.73,furniture,low,0.8,31.8,17.6,14.8,0,1,1.0,19.68
197.88,2.38,0.48,0.29,0.31,6.37,1.45,perishable,low,0.95,30.4,37.0,19.3,0,2,1.2,66.77
102.6,1.54,0.66,0.19,0.41,8.11,2.03,furniture,critical,0.86,26.7,46.4,26.6,0,1,1.0,17.46
110.73,1.48,0.57,0.21,0.55,12.08,1.38,medicine,high,0.8,24.3,36.3,31.5,0,2,1.2,21.81
228.57,2.61,0.65,0.91,0.07,4.47,0.76,general,high,0.66,31.2,33.8,35.5,0,0,1.0,50.54
134.99,1.74,0.78,0.54,0.61,6.35,8.5,luxury,critical,0.69,31.8,54.0,42.7,0,0,1.0,15.0
232.71,1.34,0.59,0.77,0.48,8.48,7.11,medicine,high,0.93,33.9,42.5,21.3,0,0,1.2,20.18
159.25,1.19,0.32,0.54,0.37,0.83,1.06,general,low,0.87,32.0,23.4,13.7,0,1,1.0,18.56
195.77,1.65,0.58,0.89,0.1,7.63,0.3,perishable,high,0.69,26.3,37.0,34.3,0,0,1.2,30.35
235.88,1.19,0.29,0.52,0.22,5.8,7.33,luxury,high,0.87,23.3,19.6,16.1,0,1,1.0,14.26
252.06,2.2,0.76,0.88,0.57,3.84,3.95,general,standard,0.82,28.4,52.0,41.2,0,0,1.0,45.17
69.77,1.79,0.1,0.34,0.2,1.5,1.29,furniture,critical,0.76,28.6,5.3,3.7,0,1,1.0,12.09
193.39,1.47,0.15,0.16,0.42,6.95,0.66,general,high,0.87,29.1,11.6,7.1,0,0,1.0,13.12
273.3,1.24,0.21,0.36,0.35,2.37,1.01,general,low,0.84,31.4,15.1,10.7,0,1,1.0,17.55
213.12,1.17,0.48,0.66,0.39,1.65,5.66,general,critical,0.88,30.8,33.6,22.1,1,1,1.0,22.23
151.16,1.92,0.22,0.88,0.31,0.12,0.9,general,standard,0.84,31.7,12.9,12.0,1,0,1.0,16.65
232.03,1.17,0.04,0.34,0.18,11.45,5.7,perishable,standard,0.66,30.6,2.1,1.7,0,0,1.2,6.38
288.03,1.8,0.51,0.17,0.47,2.33,1.23,furniture,low,0.86,32.4,33.7,24.6,0,1,1.0,41.21
191.21,1.62,0.32,0.49,0.31,1.9,3.16,hazmat,critical,0.87,34.5,18.4,17.9,0,0,1.4,25.18
202.36,1.21,0.17,0.94,0.57,0.03,1.19,general,low,0.78,32.3,11.1,7.2,0,2,1.0,17.22
177.9,3.06,0.1,0.49,0.18,2.77,6.76,furniture,standard,0.76,29.9,6.3,5.1,0,0,1.0,53.8
48.51,1.38,0.39,0.39,0.5,4.49,17.81,hazmat,high,0.8,31.1,30.2,16.1,0,1,1.4,28.24
197.2,1.34,0.19,0.72,0.18,9.47,9.15,general,standard,0.91,28.5,12.1,10.4,1,1,1.0,15.21
59.11,2.31,0.46,0.48,0.09,0.63,9.1,perishable,standard,0.65,23.1,29.2,24.8,0,0,1.2,20.19
193.4,1.64,0.56,0.73,0.19,8.01,2.35,medicine,standard,0.77,30.8,27.6,30.1,0,0,1.2,25.89
43.8,1.37,0.16,0.21,0.03,3.97,5.34,furniture,high,0.77,24.5,10.7,8.6,0,0,1.0,7.61
65.79,1.96,0.17,0.51,0.59,6.59,1.93,furniture,high,0.6,29.3,13.4,9.9,0,0,1.0,12.57
120.58,1.99,0.14,0.17,0.59,4.6,6.5,medicine,low,0.92,27.8,7.7,8.2,0,0,1.2,32.39
107.14,2.34,0.78,0.73,0.27,11.98,0.03,medicine,high,0.84,35.5,44.2,39.5,1,0,1.2,54.98
222.56,1.1,0.34,0.78,0.67,2.97,0.38,general,low,0.95,34.2,25.1,18.7,0,1,1.0,13.3
154.88,1.57,0.34,0.23,0.18,3.83,0.06,luxury,standard,0.79,30.6,23.7,18.3,1,0,1.0,14.73
75.21,1.24,0.54,0.16,0.23,5.94,6.03,medicine,high,0.92,30.9,33.6,31.5,0,0,1.2,11.05
96.79,1.7,0.29,0.47,0.39,3.36,4.12,perishable,critical,0.79,35.3,16.2,16.7,0,0,1.2,18.95
155.71,1.08,0.55,0.85,0.24,5.25,2.53,perishable,standard,0.89,29.6,34.5,21.3,1,0,1.2,25.54
138.72,1.75,0.31,0.31,0.4,0.09,9.48,perishable,low,0.62,32.8,23.9,18.2,0,0,1.2,26.26
174.29,1.92,0.13,0.62,0.15,4.6,9.28,hazmat,standard,0.89,26.1,7.4,5.4,1,1,1.4,38.53
195.51,1.51,0.45,0.27,0.24,1.72,9.35,perishable,critical,0.84,33.0,35.5,18.4,0,1,1.2,19.15
231.7,1.59,0.73,0.69,0.25,8.94,1.34,general,critical,0.75,29.6,54.1,42.5,1,1,1.0,41.68
181.7,1.66,0.09,0.27,0.37,1.31,5.58,general,standard,0.8,28.9,6.2,5.3,0,1,1.0,19.03
136.78,1.2,0.41,0.42,0.31,6.42,0.25,general,standard,0.81,32.9,22.7,19.8,0,0,1.0,9.54
104.85,1.34,0.18,0.75,0.11,10.67,5.81,luxury,standard,0.87,27.1,13.3,8.8,1,0,1.0,8.86
268.47,1.09,0.66,0.68,0.21,0.62,4.97,hazmat,low,0.69,31.1,46.7,25.1,1,1,1.4,46.67
155.1,1.74,0.39,0.49,0.25,15.62,6.56,hazmat,low,0.86,31.5,25.7,14.2,1,0,1.4,64.64
176.59,1.97,0.23,0.42,0.47,1.09,0.61,medicine,high,0.83,29.6,13.2,12.7,1,0,1.2,34.78
112.93,1.33,0.18,0.9,0.28,6.07,1.46,medicine,critical,0.62,31.9,11.0,7.3,0,0,1.2,11.19
109.16,1.7,0.32,0.23,0.14,9.44,1.04,general,high,0.73,28.4,21.0,17.6,0,0,1.0,19.17
76.4,1.36,0.28,0.53,0.39,0.08,2.37,hazmat,high,0.77,33.2,21.4,16.3,0,1,1.4,17.29
143.22,1.05,0.52,0.55,0.38,14.58,0.19,medicine,high,0.72,34.3,35.2,23.2,0,0,1.2,12.82
95.95,2.22,0.36,0.4,0.24,2.35,0.32,hazmat,low,0.72,31.3,20.2,20.8,0,1,1.4,40.66
107.79,1.44,0.31,0.88,0.78,4.07,11.69,furniture,high,0.97,27.1,23.4,12.3,1,0,1.0,11.09
212.77,1.59,0.28,0.11,0.21,7.01,22.14,hazmat,low,0.83,29.9,22.2,12.6,0,0,1.4,40.8
51.58,1.67,0.3,0.86,0.31,2.41,0.68,medicine,high,0.94,35.4,20.2,14.1,0,0,1.2,8.43
84.53,1.07,0.25,0.32,0.61,4.0,10.67,medicine,standard,0.9,29.2,18.4,12.6,0,0,1.2,7.38
175.85,2.21,0.32,0.11,0.34,1.08,3.28,general,high,0.72,33.3,16.7,12.6,1,0,1.0,26.9
179.49,2.06,0.12,0.57,0.14,0.98,3.48,furniture,low,0.73,25.6,7.3,5.3,0,2,1.0,36.24
242.63,1.36,0.46,0.34,0.29,16.66,6.67,medicine,high,0.92,25.4,36.4,19.8,0,0,1.2,20.34
32.59,1.68,0.29,0.5,0.64,1.7,2.81,perishable,high,0.8,29.6,22.2,12.4,1,1,1.2,10.62
229.37,1.65,0.31,0.38,0.53,13.2,3.99,general,high,0.97,31.2,22.1,16.2,1,1,1.0,25.7
70.66,1.1,0.32,0.38,0.2,0.73,7.6,general,standard,0.64,32.6,25.0,16.1,0,1,1.0,11.26
121.31,1.49,0.33,0.77,0.77,3.97,2.91,general,high,0.84,29.8,25.8,15.3,0,2,1.0,13.21
47.0,1.44,0.25,0.83,0.46,0.28,6.71,hazmat,standard,0.82,27.8,12.9,10.6,1,0,1.4,18.2
15.53,2.63,0.23,0.76,0.33,5.9,0.0,general,critical,0.68,29.8,17.5,11.6,1,0,1.0,11.89
233.82,1.46,0.4,0.58,0.35,7.22,10.15,general,high,0.96,32.8,24.7,17.3,1,1,1.0,21.15
76.84,1.54,0.65,0.67,0.42,5.81,5.11,luxury,standard,0.81,31.1,37.5,26.7,1,0,1.0,23.42
195.77,2.06,0.61,0.98,0.41,9.39,0.89,perishable,standard,0.9,33.2,48.2,30.2,0,1,1.2,55.5
102.05,1.58,0.38,0.36,0.26,1.22,8.3,luxury,high,0.63,29.9,29.3,20.4,0,1,1.0,17.86
247.42,1.76,0.46,0.18,0.21,0.73,4.37,luxury,standard,0.8,29.4,26.6,20.0,0,0,1.0,20.92
112.89,1.63,0.48,0.76,0.36,3.74,1.36,luxury,high,0.76,27.1,25.5,17.7,0,1,1.0,18.08
125.51,1.9,0.04,0.4,0.47,0.65,3.96,perishable,standard,0.8,34.7,2.6,2.2,1,0,1.2,14.36
85.77,2.21,0.34,0.41,0.11,2.06,19.21,medicine,critical,0.84,28.7,26.3,12.6,0,2,1.2,31.8
68.19,1.22,0.59,0.95,0.48,0.82,4.4,perishable,low,0.73,34.7,39.5,27.8,1,1,1.2,41.96
212.29,2.41,0.37,0.35,0.15,5.23,4.31,perishable,standard,0.71,28.4,28.6,21.9,0,0,1.2,64.24
139.24,1.9,0.32,0.12,0.62,0.43,0.05,luxury,standard,0.59,28.6,17.8,15.0,0,2,1.0,20.59
22.86,1.72,0.43,0.17,0.34,1.09,3.73,furniture,standard,0.76,25.1,24.8,19.6,0,0,1.0,8.62
254.66,2.23,0.07,0.81,0.29,14.06,1.81,general,standard,0.75,27.0,5.1,2.6,0,0,1.0,53.32
164.7,2.87,0.19,0.84,0.14,3.98,1.9,medicine,standard,0.81,29.8,12.4,11.2,0,0,1.2,54.57
75.68,1.81,0.19,0.5,0.51,6.2,17.63,medicine,high,0.85,31.6,11.7,6.7,0,1,1.2,23.48
45.55,1.14,0.25,0.3,0.46,2.12,9.88,furniture,low,0.85,32.8,14.4,10.9,0,0,1.0,8.16
74.77,1.33,0.36,0.78,0.3,2.51,6.24,perishable,low,0.72,32.1,18.1,17.5,0,0,1.2,12.65
155.35,2.22,0.48,0.23,0.15,5.33,2.48,furniture,high,0.74,31.8,35.8,17.7,1,2,1.0,30.8
222.6,1.09,0.22,0.22,0.06,0.73,1.35,general,standard,0.94,28.8,13.0,9.4,1,3,1.0,12.76
119.24,1.87,0.59,0.17,0.23,1.57,1.5,furniture,high,0.8,26.5,32.6,26.4,1,3,1.0,27.58
322.4,1.16,0.13,0.17,0.17,0.34,7.27,luxury,critical,0.8,29.6,10.0,7.6,0,1,1.0,5.35
107.31,2.27,0.21,0.51,0.51,4.32,0.31,perishable,high,0.86,26.4,11.8,9.7,0,0,1.2,27.92
134.0,2.36,0.37,0.29,0.22,1.87,0.15,hazmat,low,0.65,29.9,25.1,15.5,0,0,1.4,57.5
60.2,2.28,0.75,0.34,0.42,8.44,1.88,medicine,low,0.61,35.0,51.9,42.7,1,0,1.2,50.89
129.84,2.06,0.59,0.58,0.66,9.11,0.15,medicine,low,0.83,32.2,42.5,24.1,1,0,1.2,50.94
215.87,1.88,0.42,0.5,0.57,0.1,2.79,luxury,high,0.76,33.0,28.4,20.3,1,0,1.0,37.1
276.43,1.72,0.51,0.35,0.51,0.59,15.09,luxury,high,0.94,29.4,39.5,18.4,0,0,1.0,27.31
202.39,1.74,0.16,0.97,0.53,0.52,5.02,luxury,high,0.7,31.2,12.5,8.5,0,1,1.0,27.36
32.96,1.28,0.22,0.23,0.46,1.81,1.14,medicine,high,0.89,34.1,12.9,12.2,1,0,1.2,7.34
60.51,2.88,0.06,0.66,0.66,8.85,5.83,luxury,critical,0.75,29.0,3.1,2.9,0,0,1.0,22.47
34.6,1.73,0.13,0.92,0.21,5.39,1.38,general,standard,0.73,26.7,7.2,5.1,1,2,1.0,11.64
74.04,2.4,0.3,0.13,0.33,6.85,5.02,perishable,high,0.76,31.5,16.9,12.3,0,0,1.2,21.18
85.39,2.25,0.28,0.67,0.37,0.02,2.05,medicine,high,0.82,23.4,22.5,9.8,0,0,1.2,27.25
81.88,2.09,0.07,0.87,0.69,7.32,0.23,perishable,high,0.9,35.1,4.3,2.5,1,1,1.2,25.62
179.6,1.79,0.35,0.14,0.22,8.46,1.83,hazmat,critical,0.8,27.4,26.3,14.5,1,0,1.4,36.09
58.28,2.66,0.37,0.74,0.42,1.25,1.15,furniture,high,0.87,27.1,18.7,19.7,0,1,1.0,30.8
181.87,2.2,0.05,0.81,0.17,6.26,7.51,general,critical,0.98,30.1,3.4,2.8,1,0,1.0,21.93
198.81,1.43,0.21,0.16,0.31,1.41,0.57,general,high,0.86,30.1,15.9,8.0,0,1,1.0,19.16
113.31,1.41,0.08,0.14,0.1,2.31,18.46,perishable,high,0.62,31.4,5.9,3.9,0,1,1.2,14.09
237.44,1.23,0.06,0.54,0.04,0.16,0.5,general,standard,0.83,33.4,3.4,2.7,0,0,1.0,6.09
202.16,1.43,0.09,0.74,0.17,7.95,2.0,general,standard,0.72,26.7,4.9,5.2,0,1,1.0,17.23
85.37,2.69,0.18,0.46,0.28,1.86,5.47,medicine,standard,0.75,31.8,14.3,6.9,1,0,1.2,33.04
162.24,1.02,0.46,0.84,0.67,0.78,0.12,medicine,low,0.97,25.3,24.6,27.6,0,1,1.2,15.6
107.79,1.25,0.35,0.85,0.11,13.73,0.22,general,high,0.81,31.0,25.5,14.0,0,0,1.0,9.89
200.86,2.27,0.58,0.24,0.54,1.83,0.0,hazmat,high,0.69,33.9,30.6,22.4,0,0,1.4,61.15
188.24,1.65,0.22,0.16,0.29,6.87,3.35,general,standard,0.89,29.8,12.3,10.9,0,0,1.0,17.06
171.3,2.45,0.33,0.38,0.55,10.46,0.25,general,standard,0.94,29.1,21.7,19.8,0,0,1.0,31.59
48.64,1.45,0.09,0.27,0.12,13.86,1.56,medicine,standard,0.87,29.6,5.2,3.5,1,0,1.2,10.5
92.15,2.25,0.24,0.82,0.4,2.49,2.52,general,low,0.73,29.3,13.5,9.3,1,0,1.0,23.19
85.25,2.01,0.43,0.58,0.38,1.54,8.0,perishable,standard,0.78,26.8,23.5,15.5,1,1,1.2,30.83
29.7,1.52,0.31,0.69,0.29,0.82,0.25,furniture,low,0.87,30.9,16.8,12.9,1,0,1.0,7.47
56.14,1.05,0.28,0.78,0.19,3.97,3.8,general,standard,0.78,27.7,19.4,12.0,1,0,1.0,4.81
64.92,1.36,0.18,0.88,0.7,13.48,3.56,furniture,low,0.93,35.2,13.8,8.4,0,0,1.0,10.84
112.65,1.49,0.43,0.62,0.33,9.78,6.21,perishable,standard,0.83,27.5,32.0,20.0,0,0,1.2,20.45
192.92,2.31,0.18,0.64,0.62,1.95,3.53,perishable,standard,0.81,32.7,14.4,7.1,1,0,1.2,38.24
93.29,1.6,0.33,0.71,0.36,1.81,11.53,perishable,standard,0.77,24.7,21.1,14.1,0,2,1.2,22.86
123.87,1.68,0.41,0.66,0.28,14.12,0.82,medicine,low,0.82,26.3,25.7,15.6,1,0,1.2,48.49
106.58,1.86,0.81,0.91,0.44,17.67,1.03,luxury,high,0.76,36.8,47.9,42.3,0,0,1.0,24.61
128.7,1.16,0.53,0.17,0.19,1.04,4.52,perishable,standard,0.73,34.9,32.5,19.4,0,0,1.2,13.51
131.41,2.12,0.01,0.36,0.26,12.68,4.23,luxury,low,0.98,27.5,0.7,0.4,0,0,1.0,19.04
229.83,2.16,0.01,0.12,0.3,4.79,8.18,furniture,high,0.9,34.5,0.6,0.4,1,1,1.0,35.08
111.0,2.79,0.41,0.88,0.2,1.17,1.06,luxury,high,0.57,32.8,28.3,22.1,0,1,1.0,31.75
225.59,2.25,0.39,0.54,0.18,9.49,2.88,luxury,low,0.63,27.9,29.8,16.7,0,0,1.0,56.79
136.08,2.18,0.38,0.84,0.39,3.2,0.26,luxury,low,0.69,30.3,21.0,17.3,1,0,1.0,30.07
126.7,2.17,0.2,0.63,0.25,2.12,2.03,general,standard,0.64,31.9,12.6,11.8,1,1,1.0,27.78
285.41,1.72,0.22,0.2,0.65,1.23,1.11,general,high,0.97,27.3,11.4,11.1,1,1,1.0,23.92
233.03,1.32,0.28,0.17,0.35,3.48,7.65,perishable,standard,0.85,29.9,17.6,16.0,1,0,1.2,14.56
28.52,1.39,0.53,0.14,0.56,10.29,1.92,general,standard,0.66,28.8,27.0,25.2,1,1,1.0,27.15
158.39,1.55,0.27,0.36,0.28,10.58,0.7,perishable,high,0.84,33.1,19.5,11.0,0,0,1.2,15.57
60.96,1.81,0.59,0.93,0.2,0.72,0.13,general,low,0.8,33.4,35.2,34.9,1,0,1.0,23.44
149.29,1.23,0.18,0.78,0.14,0.25,0.88,furniture,standard,0.66,31.9,10.8,9.5,1,0,1.0,8.87
80.03,1.58,0.74,0.38,0.33,8.39,4.84,medicine,standard,0.94,34.4,45.7,26.4,0,2,1.2,17.03
153.34,1.74,0.71,0.42,0.22,1.29,0.27,general,high,0.86,26.7,44.5,26.8,1,0,1.0,36.91
282.87,1.92,0.75,0.62,0.07,8.79,7.64,medicine,high,0.87,29.6,39.7,30.3,0,0,1.2,44.92
181.58,1.71,0.33,0.89,0.46,2.19,0.24,general,low,0.85,29.8,21.6,16.0,0,0,1.0,23.28
104.12,1.84,0.18,0.79,0.12,3.46,4.74,general,low,0.77,29.3,13.5,10.4,1,0,1.0,14.56
104.6,1.29,0.49,0.9,0.67,5.01,1.66,perishable,high,0.95,36.5,38.2,26.4,1,0,1.2,28.61
230.52,2.25,0.5,0.11,0.21,6.71,1.33,medicine,high,0.69,28.4,36.9,26.6,0,1,1.2,40.51
182.42,1.11,0.32,0.98,0.12,3.3,1.83,perishable,standard,0.81,27.3,25.3,11.8,0,0,1.2,8.99
241.13,1.26,0.2,0.32,0.31,1.9,0.91,general,standard,0.71,29.8,9.8,10.1,0,1,1.0,14.61
179.1,1.96,0.16,0.39,0.26,6.95,2.98,hazmat,standard,0.53,29.6,10.7,7.5,1,1,1.4,39.84
142.59,1.79,0.41,0.68,0.4,9.52,8.17,general,high,0.85,26.7,20.1,15.0,0,0,1.0,18.35
196.48,1.18,0.17,0.84,0.47,12.14,11.84,perishable,critical,0.57,35.8,10.5,8.0,0,0,1.2,11.44
288.49,1.96,0.13,0.41,0.53,5.43,3.46,medicine,standard,0.72,25.9,10.2,7.5,0,1,1.2,49.07
139.83,1.38,0.48,0.72,0.15,0.33,0.11,luxury,standard,0.99,28.8,34.4,19.0,1,0,1.0,22.92
97.37,1.12,0.41,0.93,0.29,1.95,5.19,medicine,standard,0.82,28.2,31.7,14.6,0,0,1.2,16.37
95.17,1.29,0.13,0.59,0.48,0.77,1.27,general,low,0.8,32.3,7.3,6.2,0,1,1.0,10.6
182.77,1.16,0.43,0.6,0.32,7.15,3.13,general,high,0.73,25.9,31.7,21.3,1,0,1.0,24.15
111.03,1.06,0.54,0.73,0.27,4.4,0.01,general,standard,0.64,29.4,34.0,23.1,0,1,1.0,8.37
124.81,2.12,0.68,0.22,0.04,15.47,3.21,general,standard,0.63,31.0,51.5,35.6,1,0,1.0,36.1
234.74,1.25,0.22,0.74,0.55,8.18,4.75,perishable,standard,0.86,32.2,13.6,7.9,1,2,1.2,14.55
69.73,1.93,0.47,0.24,0.45,0.53,0.3,general,high,0.7,24.7,34.7,21.2,0,0,1.0,9.86
137.46,2.61,0.25,0.96,0.38,9.39,4.02,hazmat,high,0.67,26.1,17.4,10.7,0,0,1.4,48.13
233.74,1.07,0.32,0.26,0.11,5.87,1.3,hazmat,standard,0.89,30.0,19.4,17.8,0,1,1.4,15.83
164.48,1.93,0.24,0.51,0.45,3.6,1.28,hazmat,high,0.72,31.7,16.7,12.5,0,0,1.4,35.26
150.81,1.63,0.27,0.82,0.75,7.8,1.51,perishable,standard,0.81,28.9,15.3,13.6,0,0,1.2,26.74
192.38,1.39,0.27,0.39,0.15,0.59,4.74,furniture,standard,0.65,23.7,14.5,9.7,1,0,1.0,13.64
149.68,2.64,0.43,0.57,0.42,0.43,0.44,general,low,0.74,32.8,22.0,18.1,1,0,1.0,52.22
119.9,2.2,0.61,0.16,0.32,1.26,1.61,general,low,0.97,26.7,47.9,30.2,1,2,1.0,46.36
30.7,2.77,0.09,0.76,0.56,0.69,1.81,medicine,standard,0.91,29.5,6.6,4.1,0,0,1.2,14.87
195.77,1.58,0.77,0.19,0.04,2.76,1.11,furniture,standard,0.86,31.2,48.3,42.0,0,0,1.0,26.35
48.76,2.12,0.59,0.76,0.24,12.53,2.51,luxury,standard,0.83,29.6,29.0,28.3,0,0,1.0,16.71
195.09,1.5,0.6,0.21,0.2,3.89,3.23,medicine,standard,0.95,30.5,40.9,23.3,0,0,1.2,24.04
29.75,1.72,0.41,0.22,0.39,13.41,9.93,luxury,standard,0.86,26.4,22.1,23.7,1,1,1.0,19.02
81.98,1.74,0.16,0.75,0.2,23.53,1.36,general,high,0.81,29.6,8.7,8.3,0,0,1.0,13.21
168.04,2.56,0.45,0.39,0.21,0.34,3.43,medicine,high,0.83,30.7,25.7,16.8,1,0,1.2,60.48
125.6,1.81,0.36,0.36,0.37,0.02,1.58,general,standard,0.77,23.1,27.9,12.8,1,1,1.0,32.11
109.66,2.19,0.13,0.36,0.43,6.54,2.72,general,high,0.74,29.5,9.9,6.6,0,0,1.0,26.38
291.95,1.09,0.15,0.63,0.41,18.36,0.3,luxury,standard,0.92,26.1,8.2,8.3,0,0,1.0,12.1
212.42,1.29,0.07,0.56,0.08,7.61,2.85,perishable,standard,0.76,29.9,3.6,3.1,1,0,1.2,12.77
32.6,1.72,0.35,0.17,0.23,4.21,2.57,furniture,high,0.79,31.2,22.6,14.8,0,1,1.0,9.39
245.84,1.34,0.35,0.69,0.19,8.25,3.5,perishable,high,0.82,31.9,20.7,16.2,1,0,1.2,18.89
175.4,2.03,0.11,0.78,0.06,7.07,1.36,general,standard,0.87,30.1,8.7,4.0,1,0,1.0,26.87
98.12,2.59,0.52,0.24,0.41,2.24,2.8,perishable,high,0.88,33.3,27.4,22.9,0,0,1.2,34.8
194.8,1.41,0.25,0.31,0.2,13.78,8.07,perishable,high,0.6,32.7,14.2,9.5,0,0,1.2,20.31
132.75,2.54,0.15,0.82,0.11,0.29,0.62,medicine,standard,0.8,31.1,8.4,9.0,0,3,1.2,50.75
211.28,2.44,0.45,0.52,0.27,1.13,19.33,perishable,critical,0.7,27.2,31.7,25.2,1,0,1.2,67.31
71.77,1.51,0.39,0.39,0.47,1.48,1.09,perishable,critical,0.8,33.2,19.9,18.1,0,0,1.2,13.71
93.16,1.37,0.29,0.39,0.17,0.9,1.24,luxury,high,0.64,29.2,17.1,13.4,0,1,1.0,12.65
59.88,1.65,0.51,0.97,0.35,6.02,13.91,hazmat,high,0.72,29.8,26.5,20.2,0,1,1.4,28.67
87.7,2.05,0.38,0.47,0.26,5.39,1.65,furniture,standard,0.72,28.3,28.5,14.8,0,1,1.0,23.35
95.34,1.11,0.44,0.75,0.15,16.8,2.02,perishable,standard,0.74,34.1,29.4,16.3,0,0,1.2,12.77
165.8,2.45,0.33,0.31,0.32,5.25,4.3,general,critical,0.73,28.1,23.0,17.6,0,1,1.0,39.24
80.08,1.53,0.51,0.53,0.26,3.69,2.67,medicine,low,0.95,28.8,31.1,22.2,0,3,1.2,23.69
133.88,1.65,0.2,0.93,0.15,2.15,2.27,luxury,low,0.73,33.4,14.7,10.2,0,2,1.0,19.68
219.03,1.67,0.16,0.16,0.71,13.35,2.46,hazmat,high,0.85,31.1,10.7,8.1,0,1,1.4,31.25
180.83,2.44,0.29,0.18,0.42,3.62,4.72,perishable,standard,0.7,31.4,15.7,11.1,1,0,1.2,51.47
115.86,2.13,0.08,0.7,0.15,3.97,6.08,general,high,0.77,26.2,5.6,3.5,0,0,1.0,15.33
13.63,2.14,0.57,0.15,0.05,7.01,0.4,general,standard,0.98,28.5,39.6,33.3,1,0,1.0,16.7
138.88,1.35,0.38,0.51,0.33,3.02,1.55,general,standard,0.68,31.6,23.2,22.4,0,3,1.0,23.02
110.54,1.04,0.68,0.51,0.15,3.37,0.36,hazmat,high,0.81,26.7,39.1,32.1,0,1,1.4,19.67
62.88,1.74,0.04,0.31,0.25,1.72,19.14,general,critical,0.8,30.8,2.8,2.2,0,0,1.0,7.3
146.86,1.32,0.17,0.62,0.39,4.92,5.89,general,high,0.91,26.5,11.0,9.8,0,0,1.0,13.49
217.38,1.57,0.04,0.65,0.26,0.18,3.04,perishable,high,0.82,36.5,2.5,1.7,0,0,1.2,20.75
82.74,1.48,0.19,0.18,0.16,0.62,4.55,general,high,0.88,31.9,12.5,10.1,1,1,1.0,7.34
193.6,1.24,0.25,0.69,0.64,7.84,0.87,perishable,critical,0.94,32.4,19.7,8.9,1,0,1.2,10.27
119.58,1.86,0.04,0.88,0.6,6.48,8.96,perishable,standard,0.95,34.7,2.8,1.7,0,0,1.2,23.36
155.74,2.15,0.37,0.46,0.44,5.67,0.4,medicine,high,0.93,31.3,24.7,19.1,1,0,1.2,39.34
215.21,1.87,0.62,0.11,0.18,0.49,9.94,general,standard,0.86,24.6,43.3,32.8,0,0,1.0,33.19
12.72,2.57,0.18,0.56,0.39,0.45,4.04,hazmat,critical,0.82,35.7,12.6,7.0,1,0,1.4,9.48
64.54,2.13,0.45,0.12,0.32,2.11,7.25,general,critical,0.91,32.9,25.2,15.8,0,0,1.0,18.71
25.29,1.49,0.6,0.92,0.2,2.18,1.1,general,high,0.82,31.2,39.3,24.1,0,1,1.0,11.65
63.11,1.27,0.54,0.5,0.32,2.93,4.22,perishable,standard,0.83,34.0,41.1,27.4,1,1,1.2,30.96
159.12,2.13,0.63,0.12,0.17,6.65,3.76,general,low,0.83,29.4,32.4,37.2,1,0,1.0,44.53
318.12,1.62,0.25,0.53,0.55,13.13,0.21,perishable,standard,0.59,27.1,18.0,9.0,0,1,1.2,31.67
120.43,1.86,0.09,0.62,0.21,0.76,0.07,furniture,critical,0.7,32.9,5.5,4.5,0,1,1.0,16.23
232.27,2.0,0.66,0.92,0.69,3.22,8.19,hazmat,low,0.89,31.8,44.4,38.2,0,1,1.4,78.36
154.26,2.19,0.29,0.3,0.11,1.42,0.54,furniture,standard,0.86,32.4,21.7,13.1,0,2,1.0,40.27
125.61,1.32,0.29,0.62,0.56,10.15,0.04,perishable,standard,0.87,29.2,19.0,15.1,0,1,1.2,14.51
249.24,2.01,0.23,0.58,0.18,6.61,3.86,luxury,high,0.73,30.2,13.2,9.6,0,1,1.0,36.61
228.06,2.15,0.26,0.2,0.51,3.06,4.39,general,low,0.95,29.2,18.9,12.0,0,0,1.0,37.47
66.64,1.35,0.5,0.97,0.25,16.46,2.4,luxury,standard,0.81,33.6,35.4,19.4,0,1,1.0,13.7
250.15,1.65,0.66,0.38,0.29,3.45,0.28,hazmat,low,0.74,28.2,35.1,35.7,0,0,1.4,50.39
8.01,1.54,0.26,0.75,0.2,1.04,9.84,hazmat,critical,0.65,28.6,16.2,10.4,0,0,1.4,11.94
114.22,2.43,0.4,0.81,0.38,0.06,4.89,perishable,standard,0.97,31.6,27.6,19.3,1,1,1.2,49.38
139.22,2.71,0.27,0.72,0.58,1.01,0.42,hazmat,standard,0.62,24.9,18.0,10.5,1,0,1.4,63.46
116.02,1.04,0.05,0.21,0.23,30.0,4.28,hazmat,high,0.76,28.4,3.6,2.2,0,0,1.4,13.46
139.39,1.19,0.15,0.44,0.49,15.46,6.18,furniture,high,0.9,28.6,11.5,8.1,1,1,1.0,7.8
90.75,1.72,0.05,0.85,0.04,13.66,1.29,general,low,0.88,30.4,2.9,2.2,1,2,1.0,16.35
129.75,1.63,0.03,0.84,0.58,0.35,1.57,perishable,standard,0.81,33.8,2.2,1.5,1,0,1.2,17.1
212.99,2.21,0.36,0.32,0.59,0.85,5.23,medicine,standard,0.75,27.4,21.3,14.6,0,0,1.2,45.72
162.78,2.98,0.19,0.58,0.45,11.2,0.04,hazmat,high,0.68,24.5,14.8,11.0,0,1,1.4,67.1
280.77,2.92,0.66,0.84,0.35,7.67,6.36,perishable,standard,0.96,33.4,33.3,27.8,0,0,1.2,94.01
147.34,1.35,0.05,0.65,0.53,5.47,0.97,furniture,standard,0.84,30.8,3.2,2.8,0,0,1.0,7.7
127.74,1.87,0.16,0.29,0.13,8.16,0.66,general,high,0.76,30.2,11.3,9.5,0,0,1.0,15.26
312.16,2.04,0.36,0.82,0.37,4.46,0.85,medicine,standard,0.76,26.5,25.8,20.0,0,0,1.2,55.35
223.4,2.24,0.29,0.85,0.42,3.7,1.05,general,critical,0.65,32.0,16.1,10.7,1,0,1.0,35.55
184.64,1.34,0.55,0.93,0.15,0.68,7.98,furniture,critical,0.89,25.9,34.7,22.6,1,0,1.0,21.53
38.36,1.85,0.17,0.85,0.7,6.16,5.83,medicine,high,0.64,36.8,11.7,6.2,1,0,1.2,9.5
261.87,1.18,0.43,0.67,0.49,3.18,1.78,general,low,0.95,29.3,29.6,20.7,1,1,1.0,21.45
206.88,2.19,0.44,0.52,0.23,18.3,0.92,general,critical,0.8,26.5,26.4,19.2,0,0,1.0,27.69
72.13,1.74,0.14,1.0,0.37,0.49,2.0,perishable,high,0.55,32.4,10.9,7.0,0,1,1.2,16.44
171.37,1.94,0.67,0.98,0.23,3.78,0.91,furniture,low,0.83,27.0,35.5,36.6,0,1,1.0,34.78
71.06,1.63,0.05,0.53,0.56,3.55,15.53,general,low,0.64,30.0,3.5,2.3,0,1,1.0,18.79
244.95,1.37,0.29,0.78,0.12,11.3,8.64,general,standard,0.76,32.5,19.2,11.2,1,2,1.0,26.69
244.58,1.71,0.25,0.4,0.51,5.0,3.47,furniture,low,0.9,32.3,13.2,12.0,0,0,1.0,29.85
242.9,1.76,0.29,0.27,0.06,0.88,13.38,medicine,high,0.77,30.4,14.8,10.9,1,0,1.2,40.23
104.96,2.03,0.38,0.92,0.32,4.48,7.61,perishable,standard,0.75,31.3,28.6,19.5,0,0,1.2,28.76
221.26,1.81,0.41,0.14,0.15,7.42,2.36,medicine,standard,0.91,29.7,25.7,21.9,1,1,1.2,52.2
47.03,1.25,0.39,0.77,0.51,0.18,0.57,luxury,low,0.92,28.4,19.9,15.6,1,1,1.0,12.51
140.94,1.11,0.25,0.86,0.44,6.09,6.91,general,standard,0.72,29.1,19.6,13.3,1,1,1.0,13.75
118.42,2.34,0.41,0.75,0.4,0.3,1.02,furniture,critical,0.94,32.8,32.2,15.4,1,0,1.0,34.5
105.38,2.05,0.58,0.89,0.42,3.45,0.73,general,high,0.68,32.2,35.2,23.3,0,1,1.0,26.29
61.49,1.34,0.22,0.35,0.47,0.95,0.48,perishable,high,0.62,32.3,16.4,11.9,1,0,1.2,12.41
148.51,1.62,0.19,0.81,0.76,3.73,1.05,perishable,critical,0.78,29.3,12.1,7.4,0,1,1.2,16.22
72.21,1.7,0.39,0.74,0.15,3.36,2.31,general,low,0.79,28.9,28.8,22.6,0,0,1.0,16.62
106.68,2.03,0.49,0.99,0.22,5.09,8.29,general,high,0.97,35.5,33.6,20.1,1,1,1.0,32.58
191.09,1.76,0.18,0.92,0.45,8.1,1.38,general,standard,0.92,27.6,12.5,8.4,1,0,1.0,14.59
138.43,2.36,0.54,0.16,0.12,6.03,0.11,perishable,standard,0.79,25.7,36.5,21.8,0,1,1.2,49.24
114.39,1.36,0.08,0.22,0.29,5.03,2.62,general,low,0.59,26.3,5.4,4.0,1,0,1.0,13.14
77.43,1.09,0.32,1.0,0.15,4.02,2.28,general,standard,0.83,29.0,18.7,12.5,1,1,1.0,11.03
175.47,1.96,0.61,0.65,0.29,7.63,0.75,luxury,critical,0.81,34.6,42.3,34.5,0,0,1.0,22.01
183.32,1.37,0.58,0.18,0.02,14.01,0.4,general,standard,0.83,25.3,44.3,28.3,0,0,1.0,16.8
92.57,1.21,0.25,0.4,0.17,1.86,1.92,perishable,critical,0.88,32.2,14.0,13.6,1,1,1.2,9.08
114.0,1.74,0.24,0.44,0.03,0.94,3.14,furniture,standard,0.91,26.3,12.9,12.4,0,0,1.0,7.03
148.85,1.37,0.32,0.16,0.16,3.78,7.79,furniture,high,0.85,26.4,24.7,18.9,0,0,1.0,14.75
68.59,1.57,0.75,0.66,0.42,4.37,2.42,perishable,critical,0.8,33.3,40.5,32.7,0,0,1.2,20.19
160.06,2.83,0.35,0.95,0.41,2.16,2.36,general,high,0.77,26.1,28.0,13.3,0,1,1.0,50.55
66.48,2.29,0.24,0.73,0.21,3.19,2.63,furniture,standard,0.89,30.8,16.5,8.5,1,1,1.0,11.93
79.62,1.69,0.08,0.87,0.42,11.36,5.56,general,standard,0.75,25.8,5.2,3.6,1,0,1.0,17.03
9.54,3.1,0.39,0.93,0.09,1.5,14.63,luxury,high,0.76,32.0,27.8,18.8,0,0,1.0,11.26
74.83,1.31,0.55,0.98,0.26,14.82,14.59,furniture,critical,0.77,33.5,31.8,26.0,1,0,1.0,20.62
32.16,1.35,0.93,0.83,0.71,1.95,7.15,general,critical,0.71,25.6,71.0,39.8,1,1,1.0,20.75
95.76,1.83,0.03,0.56,0.2,1.05,2.56,general,standard,0.86,32.3,2.3,1.8,1,1,1.0,14.22
93.71,1.23,0.32,0.16,0.39,1.85,1.35,medicine,standard,0.78,26.2,18.2,11.4,0,1,1.2,12.24
35.11,2.23,0.1,0.15,0.4,11.59,7.14,general,high,0.76,32.4,5.6,5.7,1,1,1.0,17.19
123.92,1.74,0.07,0.79,0.48,4.39,4.84,furniture,low,0.89,31.8,3.8,2.6,1,0,1.0,16.66
257.12,1.2,0.14,0.33,0.19,0.94,3.52,perishable,standard,0.79,33.8,7.7,6.7,0,0,1.2,11.45
291.23,1.76,0.72,0.47,0.93,14.22,11.0,general,standard,0.74,29.9,37.5,26.3,0,2,1.0,40.87
35.34,1.04,0.03,0.82,0.3,12.57,0.03,perishable,critical,0.69,30.5,1.9,1.2,1,0,1.2,2.37
164.9,1.16,0.09,0.65,0.34,8.21,2.64,perishable,standard,0.82,30.6,4.6,4.5,0,0,1.2,6.1
171.34,1.95,0.36,0.82,0.21,1.57,10.04,general,standard,0.92,29.7,17.9,16.4,0,0,1.0,29.48
189.45,1.57,0.13,0.6,0.32,9.78,0.56,hazmat,standard,0.77,30.4,6.5,4.6,0,2,1.4,32.35
106.91,2.0,0.09,0.28,0.27,4.61,0.05,luxury,critical,0.72,34.4,5.0,4.9,1,1,1.0,16.73
182.49,1.5,0.15,0.8,0.13,7.29,2.49,perishable,standard,0.97,26.7,9.1,7.2,0,2,1.2,20.67
199.07,1.99,0.81,0.73,0.11,2.41,0.16,perishable,standard,0.66,33.1,63.7,37.1,0,1,1.2,46.44
277.08,2.41,0.52,0.55,0.33,2.69,0.49,perishable,standard,0.86,27.7,27.1,24.7,0,0,1.2,77.82
157.33,2.38,0.35,0.6,0.11,0.82,0.08,hazmat,standard,0.83,30.7,20.3,18.0,1,2,1.4,58.85
28.37,1.53,0.58,0.15,0.26,1.78,3.29,perishable,high,0.66,32.8,35.7,33.6,0,0,1.2,12.66
116.57,1.36,0.33,0.74,0.45,2.09,7.01,luxury,high,0.73,31.0,17.5,16.8,0,1,1.0,16.77
157.92,1.14,0.17,0.77,0.13,1.53,1.58,luxury,high,0.92,26.4,10.5,6.1,1,1,1.0,7.12
100.6,1.46,0.66,0.7,0.33,1.69,5.23,general,standard,0.89,29.6,41.1,35.0,0,1,1.0,12.98
192.64,1.61,0.24,0.5,0.33,3.25,11.9,luxury,standard,0.75,28.1,18.6,12.0,1,0,1.0,25.71
54.4,1.93,0.18,0.12,0.84,5.33,0.55,medicine,standard,0.79,28.3,13.3,9.3,1,1,1.2,19.98
285.21,1.08,0.37,0.68,0.28,0.49,0.9,general,standard,0.89,31.7,22.5,17.6,1,0,1.0,5.62
110.44,1.93,0.36,0.78,0.32,1.12,1.91,general,standard,0.82,34.9,21.6,17.1,0,2,1.0,25.62
56.44,1.5,0.52,0.44,0.32,0.53,0.3,perishable,standard,0.88,22.8,36.2,28.0,1,0,1.2,29.42
72.14,1.11,0.15,0.47,0.42,6.92,0.6,perishable,standard,0.67,27.7,7.6,6.1,0,0,1.2,8.16
249.28,1.62,0.2,0.25,0.65,11.2,3.34,furniture,standard,0.84,26.5,12.7,11.6,0,0,1.0,23.37
75.16,1.77,0.53,0.68,0.26,7.88,4.0,perishable,critical,0.8,29.5,35.1,22.6,1,1,1.2,25.06
165.52,1.95,0.16,0.8,0.11,3.53,0.74,hazmat,high,0.85,29.9,12.2,6.2,1,1,1.4,38.2
263.59,1.58,0.24,0.64,0.31,0.56,0.08,general,high,0.83,34.5,17.4,11.6,0,0,1.0,26.51
69.12,2.57,0.13,0.68,0.27,7.09,2.29,perishable,high,0.86,30.1,6.8,6.0,0,2,1.2,23.75
244.64,1.37,0.42,0.89,0.27,30.0,0.8,general,standard,0.79,31.8,20.6,19.1,1,0,1.0,27.4
203.15,2.17,0.33,0.93,0.41,6.28,3.23,perishable,standard,0.78,28.9,20.5,13.4,0,0,1.2,48.16
29.94,1.64,0.25,0.71,0.24,0.18,0.31,luxury,high,0.79,24.5,12.4,14.7,1,0,1.0,3.23
193.2,2.51,0.62,0.25,0.08,2.75,5.6,perishable,standard,0.76,36.0,44.0,31.1,0,0,1.2,58.47
232.69,1.35,0.17,0.2,0.36,1.4,2.83,perishable,high,0.8,26.7,10.4,6.6,0,0,1.2,22.22
25.98,1.8,0.36,0.85,0.59,10.05,8.56,hazmat,high,0.72,33.1,27.5,12.7,1,0,1.4,37.08
128.72,1.64,0.4,0.69,0.13,5.12,18.68,perishable,critical,0.95,28.8,31.8,19.1,0,0,1.2,22.82
140.67,1.88,0.39,0.3,0.32,14.3,5.94,general,standard,0.83,26.0,21.4,19.7,0,2,1.0,25.5
103.44,1.76,0.31,0.29,0.04,8.99,7.89,perishable,standard,0.89,28.4,20.4,18.4,0,1,1.2,22.06
102.79,1.46,0.17,0.15,0.2,6.71,1.17,general,standard,0.9,29.1,13.2,7.0,0,0,1.0,9.12
49.57,1.7,0.64,0.56,0.47,2.25,0.09,medicine,low,0.72,29.2,40.2,27.6,1,1,1.2,38.14
164.07,2.81,0.53,0.21,0.07,2.02,4.12,furniture,high,0.77,28.3,26.1,27.2,0,0,1.0,39.42
9.36,1.15,0.86,0.45,0.56,7.73,3.81,furniture,standard,0.72,29.0,51.0,42.9,0,0,1.0,8.72
138.78,1.56,0.09,0.28,0.15,10.53,1.26,luxury,low,0.91,25.6,5.1,3.3,0,0,1.0,14.65
117.69,1.51,0.08,0.76,0.62,0.46,2.97,general,high,0.76,34.2,4.3,3.4,0,0,1.0,9.94
119.65,2.18,0.13,0.1,0.18,1.86,1.69,general,high,0.92,32.0,8.1,6.3,0,1,1.0,19.65
187.55,3.01,0.17,0.44,0.05,1.11,3.32,perishable,low,0.78,26.1,13.1,6.7,1,0,1.2,77.78
126.73,2.37,0.24,0.14,0.44,0.17,6.37,general,low,0.98,31.9,16.8,14.0,0,0,1.0,31.06
155.19,1.51,0.72,0.14,0.63,0.05,1.88,furniture,high,0.84,29.1,52.1,39.4,0,0,1.0,12.6
118.86,1.13,0.4,0.19,0.31,2.5,1.52,medicine,low,0.9,31.6,27.4,17.9,0,0,1.2,10.93
94.64,1.25,0.47,0.35,0.41,2.21,3.13,general,standard,0.81,30.4,30.3,23.8,1,1,1.0,20.58
129.51,2.56,0.39,0.8,0.54,5.22,3.31,medicine,low,0.68,27.6,31.0,17.5,0,0,1.2,50.64
236.43,1.15,0.76,0.59,0.39,0.08,12.03,furniture,low,0.86,30.3,45.2,27.3,0,0,1.0,14.07
173.13,1.15,0.43,0.23,0.66,15.17,0.26,perishable,standard,0.8,30.8,21.2,20.1,1,2,1.2,22.96
13.28,1.16,0.33,0.45,0.1,9.89,7.81,general,critical,0.62,27.4,24.1,19.1,1,0,1.0,6.2
175.63,1.66,0.13,0.92,0.45,0.45,9.82,perishable,standard,0.72,24.7,8.6,4.9,0,0,1.2,27.33
190.24,1.96,0.53,0.48,0.18,14.94,1.99,perishable,standard,0.89,33.4,41.1,27.9,0,0,1.2,39.23
27.05,1.2,0.21,0.95,0.21,18.93,1.16,general,low,0.85,26.5,15.8,11.9,0,1,1.0,9.43
198.26,1.79,0.52,0.93,0.65,0.01,16.76,medicine,critical,0.86,32.6,36.7,21.1,1,2,1.2,45.72
141.31,1.96,0.49,0.46,0.38,4.35,0.43,perishable,standard,0.85,34.8,28.3,28.8,1,0,1.2,44.79
288.32,1.39,0.16,0.68,0.39,1.01,2.53,perishable,high,0.89,29.0,8.3,6.2,0,1,1.2,21.41
72.84,1.36,0.08,0.81,0.4,13.17,0.76,perishable,low,0.78,27.4,5.1,3.4,1,0,1.2,10.35
166.97,2.27,0.5,0.26,0.07,8.29,3.21,general,standard,0.93,34.5,39.0,24.0,1,0,1.0,39.89
101.98,2.66,0.44,0.58,0.04,0.27,3.07,general,high,0.76,28.0,33.0,23.5,1,1,1.0,32.54
249.44,1.34,0.08,0.19,0.61,21.08,1.09,furniture,low,0.81,33.1,6.3,3.2,0,0,1.0,14.9
123.47,1.69,0.13,0.55,0.31,5.25,0.09,luxury,standard,0.75,25.9,6.9,7.0,0,1,1.0,15.73
262.48,1.48,0.08,0.22,0.36,3.91,10.35,general,high,0.86,34.5,5.1,4.2,1,1,1.0,30.15
45.62,2.23,0.37,0.8,0.44,3.44,6.12,general,critical,0.62,28.7,26.1,18.7,1,1,1.0,24.58
147.25,1.26,0.32,0.65,0.28,11.41,3.37,general,standard,0.9,27.2,25.6,13.4,0,1,1.0,13.67
169.84,1.72,0.59,0.68,0.13,7.88,0.55,furniture,standard,0.73,32.0,42.7,31.7,0,0,1.0,22.53
194.73,1.2,0.05,0.32,0.3,2.63,0.93,furniture,low,0.75,29.1,3.5,2.6,0,0,1.0,9.81
250.54,1.76,0.21,0.65,0.01,3.57,1.62,general,low,0.78,32.1,12.6,10.4,1,2,1.0,40.34
157.28,2.0,0.34,0.77,0.2,0.84,1.88,perishable,high,0.57,28.5,18.1,13.8,0,0,1.2,26.81
36.18,1.31,0.23,0.38,0.22,10.76,3.01,hazmat,critical,0.76,32.9,17.7,12.4,0,0,1.4,9.13
85.62,1.16,0.56,0.95,0.09,0.53,1.67,general,high,0.83,26.3,43.2,23.9,1,0,1.0,16.83
53.71,1.61,0.15,0.44,0.73,5.01,5.65,luxury,standard,0.82,28.0,7.9,6.9,1,2,1.0,18.75
284.33,1.65,0.27,0.42,0.32,1.2,5.35,furniture,standard,0.8,27.6,13.6,13.6,1,1,1.0,30.53
147.28,1.77,0.38,0.45,0.55,2.29,0.48,luxury,high,0.65,34.3,21.6,18.5,0,0,1.0,19.68
107.27,1.58,0.25,0.91,0.17,4.76,5.82,furniture,high,0.83,29.9,14.6,13.7,1,0,1.0,15.36
165.77,1.77,0.39,0.38,0.85,2.79,0.51,hazmat,standard,0.84,29.5,30.2,15.2,1,2,1.4,55.26
181.25,1.6,0.42,0.65,0.15,5.16,1.65,furniture,standard,0.8,30.9,27.2,20.6,0,2,1.0,24.33
149.36,1.3,0.05,0.34,0.59,4.53,1.73,perishable,high,0.76,32.0,2.8,2.7,1,2,1.2,17.33
178.15,1.12,0.49,0.8,0.23,0.39,5.9,perishable,high,0.96,29.2,34.3,26.9,1,0,1.2,21.0
211.19,1.83,0.18,0.99,0.33,4.76,2.65,luxury,high,0.62,27.1,13.5,7.8,0,2,1.0,34.49
69.57,1.44,0.15,0.98,0.28,2.88,2.07,perishable,standard,0.68,26.1,7.6,6.3,0,1,1.2,14.4
151.66,2.4,0.04,0.21,0.14,2.55,3.77,hazmat,high,0.68,27.7,2.7,1.6,0,0,1.4,47.56
164.29,1.26,0.05,0.83,0.47,1.76,11.81,medicine,high,0.85,29.5,3.8,2.3,0,1,1.2,18.56
218.75,1.64,0.58,0.68,0.52,6.92,10.89,medicine,standard,0.79,27.3,44.5,25.2,0,0,1.2,34.28
217.67,1.75,0.68,0.78,0.28,1.6,0.38,perishable,high,0.75,26.6,35.8,25.6,0,4,1.2,45.71
92.43,1.6,0.3,0.44,0.32,0.68,1.44,medicine,high,0.91,30.3,16.5,11.3,0,1,1.2,14.41
46.65,2.27,0.12,0.41,0.66,14.42,0.66,furniture,standard,0.79,27.2,7.3,6.9,0,0,1.0,12.23
132.49,2.52,0.6,0.49,0.43,0.77,14.37,furniture,high,0.75,31.2,35.8,21.8,0,0,1.0,33.76
175.53,1.43,0.03,1.0,0.29,0.53,1.35,luxury,low,0.69,28.4,2.2,1.3,1,2,1.0,19.22
242.95,1.99,0.27,0.25,0.33,7.41,1.25,furniture,critical,0.94,29.3,16.1,15.2,1,0,1.0,27.06
63.69,1.74,0.46,0.93,0.35,1.48,0.05,general,low,0.65,27.2,29.6,24.1,1,0,1.0,25.85
35.24,1.29,0.17,0.58,0.17,2.04,3.68,hazmat,critical,0.93,29.2,9.9,8.4,0,1,1.4,11.9
71.65,1.18,0.08,0.69,0.19,17.14,1.25,perishable,low,0.87,30.4,4.7,2.9,0,0,1.2,12.53
33.85,1.13,0.12,0.18,0.43,2.46,7.06,general,standard,0.78,28.8,8.6,5.9,0,1,1.0,6.09
171.5,1.93,0.06,0.85,0.33,1.42,0.36,medicine,standard,0.96,34.5,3.9,2.9,1,0,1.2,19.23
159.18,1.86,0.18,0.18,0.12,1.39,3.17,luxury,high,0.92,33.1,9.7,9.6,1,1,1.0,21.74
192.78,1.35,0.62,0.72,0.51,2.21,2.4,medicine,standard,0.62,26.6,45.6,28.3,0,0,1.2,25.33
72.45,1.39,0.26,0.67,0.34,8.36,0.74,luxury,critical,0.89,29.0,15.4,15.3,0,0,1.0,7.08
208.31,1.41,0.09,0.99,0.5,1.71,2.59,general,standard,0.73,32.0,5.8,4.3,0,0,1.0,16.51
80.44,1.24,0.18,0.89,0.39,14.54,2.48,perishable,standard,0.89,32.0,11.3,7.3,1,1,1.2,13.77
168.71,2.6,0.19,0.45,0.56,2.6,2.21,furniture,critical,0.7,29.2,12.9,7.4,0,2,1.0,45.82
295.92,1.99,0.2,0.92,0.59,1.08,0.92,luxury,standard,0.86,26.8,12.0,11.0,1,0,1.0,41.13
73.52,1.14,0.11,0.17,0.33,0.88,1.37,medicine,standard,0.64,25.8,8.0,6.4,0,0,1.2,4.57
86.88,1.61,0.41,0.35,0.19,3.1,3.64,general,high,0.62,25.1,31.3,19.8,0,1,1.0,19.26
78.64,1.63,0.13,0.94,0.03,12.02,0.98,luxury,critical,0.85,25.3,7.2,5.6,1,1,1.0,12.64
95.39,3.07,0.14,0.58,0.3,3.31,0.97,general,high,0.59,36.7,8.5,5.1,0,0,1.0,33.14
85.36,2.22,0.18,0.37,0.35,1.48,1.7,general,high,0.81,34.7,11.3,9.5,0,0,1.0,12.55
102.63,1.27,0.59,0.27,0.76,4.9,2.68,luxury,low,0.72,31.6,40.7,30.7,0,0,1.0,13.0
118.73,1.95,0.01,0.47,0.32,0.28,3.03,perishable,high,0.77,30.5,0.7,0.4,0,1,1.2,25.31
181.5,1.17,0.38,0.93,0.24,5.67,0.47,general,high,0.63,27.8,24.5,21.3,1,0,1.0,11.59
220.91,1.42,0.14,0.94,0.52,7.5,2.19,perishable,low,0.94,33.3,9.3,6.7,0,3,1.2,32.05
180.71,1.74,0.62,0.66,0.11,1.32,2.93,medicine,critical,0.92,32.1,33.4,23.3,1,1,1.2,40.39
137.52,1.06,0.58,0.18,0.49,1.23,3.12,perishable,standard,0.85,26.5,44.8,29.6,1,1,1.2,21.37
30.32,1.39,0.07,0.49,0.53,11.65,1.15,perishable,high,0.87,29.5,3.9,2.5,0,0,1.2,4.04
284.6,1.81,0.25,0.6,0.15,3.03,4.96,luxury,critical,0.91,34.9,15.6,11.9,0,0,1.0,27.41
148.4,2.16,0.49,0.77,0.21,0.81,2.49,furniture,low,0.81,30.6,26.7,21.4,0,0,1.0,26.93
141.58,1.1,0.46,0.92,0.34,0.22,2.92,hazmat,high,0.71,32.8,35.1,21.7,0,0,1.4,14.98
236.3,1.91,0.43,1.0,0.28,7.99,2.55,hazmat,standard,0.91,33.1,33.3,22.7,1,0,1.4,70.49
112.08,2.06,0.5,0.47,0.55,0.48,3.97,furniture,high,0.83,32.6,25.4,21.6,1,0,1.0,26.33
140.31,2.11,0.09,0.9,0.45,3.02,0.42,medicine,high,0.88,34.8,6.2,3.6,0,0,1.2,25.06
197.08,1.26,0.73,0.84,0.32,1.64,1.24,hazmat,high,0.69,29.8,49.9,42.9,0,0,1.4,24.94
228.41,1.58,0.04,0.63,0.15,9.49,1.16,medicine,low,0.93,27.7,2.2,1.8,0,0,1.2,24.87
128.28,1.32,0.67,0.61,0.2,3.75,5.38,furniture,low,0.8,31.1,51.0,34.9,0,1,1.0,18.99
153.57,1.41,0.29,0.98,0.22,6.92,1.83,furniture,standard,0.6,27.1,18.0,10.2,1,1,1.0,17.97
254.34,1.42,0.14,0.44,0.4,6.65,0.34,general,low,0.95,29.8,10.2,8.3,0,0,1.0,22.48
134.15,1.39,0.35,0.49,0.22,3.96,3.75,general,high,0.88,26.3,24.6,18.1,0,1,1.0,11.85
121.01,1.63,0.47,0.55,0.31,2.65,3.28,medicine,critical,0.87,31.7,28.4,27.4,0,0,1.2,22.21
167.37,2.68,0.14,0.75,0.44,6.86,6.72,medicine,standard,0.6,26.6,11.0,7.3,0,0,1.2,59.61
112.58,1.87,0.51,0.57,0.56,8.04,0.46,furniture,high,0.74,29.8,34.3,18.1,1,1,1.0,34.95
150.98,2.04,0.77,0.64,0.66,9.3,0.48,furniture,low,0.79,31.7,59.0,39.1,0,1,1.0,35.36
179.8,2.12,0.31,0.44,0.31,8.22,2.05,general,standard,0.86,29.8,23.0,18.2,1,0,1.0,34.53
195.99,1.32,0.33,0.16,0.59,8.75,4.7,perishable,critical,0.97,29.0,24.6,12.9,0,0,1.2,21.09
77.44,1.85,0.5,0.65,0.34,8.81,3.49,general,high,0.65,32.9,36.5,20.6,0,1,1.0,17.43
144.75,1.39,0.2,0.66,0.5,9.76,3.78,furniture,low,0.71,31.8,10.8,8.8,0,0,1.0,8.18
205.0,2.12,0.12,0.38,0.15,2.57,1.01,general,standard,0.89,29.5,6.1,5.8,0,0,1.0,25.94
175.4,2.19,0.25,0.66,0.61,5.57,2.79,furniture,low,0.96,33.3,18.6,9.3,0,0,1.0,26.71
155.38,1.61,0.38,0.66,0.19,19.94,4.28,hazmat,critical,0.86,31.1,23.5,16.8,0,1,1.4,29.0
177.84,2.17,0.53,0.42,0.25,0.16,5.46,luxury,low,0.77,31.2,33.3,21.1,0,0,1.0,34.38
65.93,2.29,0.59,0.76,0.11,4.0,8.6,medicine,standard,0.72,27.8,30.4,28.9,0,0,1.2,33.95
112.81,1.47,0.13,0.63,0.62,0.19,3.41,furniture,high,0.85,30.1,9.5,7.0,0,0,1.0,8.55
86.34,2.62,0.39,0.19,0.2,4.27,2.74,furniture,standard,0.84,27.4,22.4,20.9,1,0,1.0,29.05
144.94,1.38,0.61,0.52,0.88,10.17,7.24,perishable,standard,0.75,30.2,34.4,26.2,0,1,1.2,28.94
239.29,2.21,0.51,0.89,0.46,7.61,5.07,general,critical,0.74,30.8,34.1,20.6,0,0,1.0,40.95
79.42,2.28,0.42,0.79,0.54,6.71,2.56,furniture,standard,0.82,30.6,32.8,18.2,1,1,1.0,30.37
143.58,1.62,0.48,0.23,0.16,0.9,1.21,perishable,low,0.8,30.2,28.8,27.3,0,0,1.2,28.2
91.73,1.64,0.38,0.96,0.31,3.98,0.23,luxury,high,0.69,26.8,25.7,17.5,0,0,1.0,4.99
70.66,1.42,0.23,0.33,0.26,2.38,0.19,general,critical,0.84,29.8,11.6,13.3,0,0,1.0,6.02
158.9,1.44,0.3,0.41,0.15,1.48,1.47,furniture,standard,0.81,28.0,16.2,14.4,0,1,1.0,13.04
67.46,2.48,0.25,0.29,0.64,10.21,7.59,perishable,standard,0.86,31.1,17.1,13.5,1,0,1.2,21.45
159.03,1.18,0.44,0.76,0.21,2.88,0.56,furniture,high,0.86,32.3,35.1,26.0,1,0,1.0,23.89
175.83,2.33,0.35,0.6,0.32,0.72,0.69,general,high,0.95,30.1,22.4,12.5,1,0,1.0,27.86
88.14,2.61,0.17,0.61,0.28,7.46,1.83,furniture,high,0.78,29.8,8.4,8.0,0,0,1.0,29.08
140.59,2.79,0.38,0.72,0.2,0.86,6.37,general,high,0.91,26.3,23.0,16.2,1,0,1.0,31.46
278.13,1.16,0.45,0.63,0.6,3.77,5.87,perishable,standard,0.76,28.1,30.4,20.6,0,0,1.2,16.28
26.9,1.17,0.32,0.41,0.62,5.17,2.98,perishable,critical,0.59,33.4,21.7,18.6,0,0,1.2,8.27
118.12,1.49,0.37,0.93,0.14,10.08,7.9,general,standard,0.95,23.6,25.3,15.0,1,0,1.0,24.18
282.13,2.12,0.35,0.62,0.42,3.68,2.66,luxury,standard,0.64,23.7,26.3,19.2,0,0,1.0,60.08
171.85,1.92,0.47,0.76,0.35,0.23,0.01,general,high,0.81,30.9,25.9,23.0,0,0,1.0,20.29
219.89,1.21,0.06,0.24,0.3,5.49,0.78,hazmat,low,0.78,33.8,3.9,3.1,0,0,1.4,14.2
238.54,1.27,0.74,0.43,0.37,1.98,0.07,furniture,standard,0.72,28.4,39.7,34.4,1,0,1.0,32.87
222.93,2.74,0.67,0.8,0.38,1.93,0.59,medicine,low,0.83,30.8,38.6,33.6,1,1,1.2,101.75
170.15,1.03,0.01,0.4,0.07,0.84,0.24,furniture,critical,0.83,27.6,0.7,0.6,0,1,1.0,0.73
191.0,2.97,0.33,0.75,0.65,2.61,0.36,hazmat,critical,0.92,27.9,22.1,17.8,1,1,1.4,66.63
84.83,2.11,0.28,0.54,0.37,4.66,0.96,perishable,standard,0.66,27.9,15.9,13.4,1,0,1.2,23.92
122.31,2.13,0.21,0.82,0.54,0.02,5.57,furniture,standard,0.64,31.6,13.7,10.0,1,0,1.0,21.62
249.97,1.75,0.36,0.77,0.36,4.15,4.56,general,standard,0.7,34.7,25.0,16.3,0,1,1.0,32.45
255.1,1.01,0.19,0.33,0.22,15.01,1.95,hazmat,low,0.82,26.5,15.1,6.9,0,0,1.4,6.18
143.17,2.25,0.05,0.23,0.33,7.16,1.08,general,high,0.82,32.2,3.1,2.1,0,0,1.0,34.92
147.45,1.25,0.14,0.43,0.04,2.25,6.25,medicine,high,0.93,33.1,7.5,8.2,0,1,1.2,10.0
83.86,1.49,0.03,0.34,0.66,10.64,0.53,luxury,high,0.62,29.2,2.4,1.8,0,1,1.0,12.37
186.72,2.5,0.15,0.42,0.09,5.79,2.05,furniture,standard,0.9,27.4,12.1,8.1,0,2,1.0,36.08
28.71,1.21,0.28,0.16,0.23,1.09,3.17,hazmat,high,0.97,29.2,17.6,11.6,1,0,1.4,5.96
83.62,1.38,0.23,0.51,0.32,8.28,1.41,hazmat,high,0.75,24.7,17.6,11.1,1,0,1.4,12.13
162.5,2.41,0.55,0.7,0.5,6.35,0.43,furniture,critical,0.57,30.2,35.3,28.1,0,0,1.0,36.61
144.06,2.15,0.04,0.41,0.21,3.29,2.35,furniture,high,0.69,31.4,2.2,1.8,1,0,1.0,21.89
151.04,1.12,0.04,0.72,0.28,0.38,3.06,medicine,high,0.87,28.2,2.4,1.4,0,1,1.2,6.42
125.83,1.71,0.83,0.7,0.32,0.68,1.68,general,high,0.73,32.1,64.0,32.9,0,1,1.0,25.66
34.59,1.13,0.48,0.17,0.45,4.61,1.96,perishable,standard,0.8,34.5,33.8,23.8,0,0,1.2,10.78
245.28,1.51,0.39,0.83,0.2,1.75,7.92,luxury,critical,0.89,32.7,29.1,20.9,1,1,1.0,29.85
102.48,2.09,0.08,0.2,0.17,4.54,4.31,perishable,standard,0.78,27.6,6.1,3.7,1,1,1.2,27.24
147.2,1.66,0.56,0.56,0.16,0.5,9.56,general,critical,0.62,33.8,38.3,24.7,0,2,1.0,20.54
258.18,2.0,0.04,0.9,0.2,6.86,8.46,luxury,critical,0.71,28.5,2.8,2.1,0,0,1.0,39.35
210.85,1.19,0.71,0.92,0.08,15.01,6.16,furniture,standard,0.77,32.2,43.9,28.9,1,1,1.0,26.18
265.36,2.25,0.55,0.46,0.23,2.93,10.1,perishable,critical,0.8,33.2,41.0,26.2,0,1,1.2,53.99
106.9,1.11,0.76,0.1,0.5,14.43,0.56,luxury,high,0.9,31.3,42.1,43.9,0,0,1.0,10.49
107.39,1.82,0.19,0.61,0.21,2.43,5.6,medicine,standard,0.76,34.5,13.8,11.2,1,1,1.2,25.99
233.27,1.4,0.49,1.0,0.12,3.7,0.15,general,high,0.83,31.5,25.4,29.0,1,1,1.0,25.04
139.05,1.22,0.23,0.7,0.59,14.77,6.26,luxury,high,0.7,24.8,11.3,8.1,0,1,1.0,10.07
85.15,1.98,0.21,0.29,0.41,3.81,7.79,hazmat,low,0.9,32.4,13.9,11.9,0,0,1.4,39.42
276.96,1.9,0.17,0.59,0.34,2.47,5.69,luxury,standard,0.89,26.1,9.5,7.8,0,0,1.0,32.43
95.01,1.96,0.13,0.6,0.43,1.01,8.78,perishable,low,0.75,27.0,9.6,6.9,0,0,1.2,20.13
136.63,2.06,0.57,0.78,0.22,16.54,2.14,luxury,high,0.8,34.5,37.3,24.1,0,0,1.0,26.7
134.88,1.12,0.46,0.86,0.28,0.85,5.66,medicine,high,0.75,33.1,26.6,21.1,1,0,1.2,20.97
180.22,1.65,0.57,0.86,0.41,4.29,1.75,general,high,0.91,29.5,29.7,21.1,0,3,1.0,28.79
85.53,1.91,0.57,0.88,0.59,14.68,0.67,medicine,high,0.82,29.9,41.1,20.6,0,1,1.2,25.88
27.2,1.34,0.08,0.9,0.9,0.05,1.6,general,standard,0.89,28.6,3.9,2.8,0,1,1.0,4.34
170.77,1.65,0.18,0.44,0.21,1.16,0.96,medicine,high,0.88,30.2,9.5,9.1,0,0,1.2,20.87
161.07,2.14,0.24,0.44,0.21,2.0,3.07,luxury,low,0.7,28.2,12.6,12.3,1,0,1.0,37.21
51.22,1.22,0.28,0.52,0.38,7.06,0.95,perishable,standard,0.9,29.7,17.6,13.0,0,0,1.2,8.58
126.96,2.08,0.07,0.74,0.46,0.7,12.76,furniture,critical,0.84,33.7,3.7,3.4,1,1,1.0,16.59
50.63,1.56,0.69,0.12,0.13,8.27,3.26,medicine,standard,0.67,27.1,51.1,24.2,0,1,1.2,20.27
192.74,2.77,0.3,0.46,0.34,2.12,0.04,luxury,critical,0.93,26.6,18.9,13.5,1,0,1.0,36.68
55.16,2.64,0.8,0.17,0.42,9.23,7.96,general,standard,0.75,27.3,58.0,45.3,1,1,1.0,24.48
175.16,2.03,0.38,0.69,0.35,13.77,4.74,general,standard,0.65,31.8,25.7,20.5,1,0,1.0,35.99
193.96,2.0,0.03,0.37,0.3,2.15,2.18,luxury,standard,0.95,30.9,1.5,1.7,1,0,1.0,24.83
137.5,1.7,0.08,0.16,0.27,5.38,1.02,general,high,0.86,32.4,5.5,4.7,0,0,1.0,9.27
268.72,1.97,0.22,0.2,0.45,1.97,4.12,medicine,standard,0.93,31.7,15.6,10.5,0,0,1.2,40.89
14.78,1.37,0.52,0.91,0.22,2.69,1.98,furniture,low,0.75,28.9,30.4,27.1,0,0,1.0,10.81
216.46,1.47,0.51,0.86,0.31,2.2,0.98,perishable,critical,0.83,30.5,33.2,25.7,1,0,1.2,26.61
162.13,1.59,0.4,0.78,0.68,1.96,3.1,general,high,0.82,27.6,25.6,21.8,0,0,1.0,14.2
217.41,1.35,0.4,0.35,0.48,3.25,0.77,furniture,standard,0.9,32.0,28.9,14.8,1,0,1.0,22.78
260.17,1.81,0.22,0.55,0.25,0.04,0.33,hazmat,high,0.87,31.8,17.5,9.1,0,1,1.4,40.64
137.93,1.92,0.56,0.95,0.26,1.6,3.57,medicine,standard,0.95,30.6,34.3,27.7,1,0,1.2,48.34
133.13,1.67,0.15,0.88,0.4,5.74,0.94,furniture,standard,0.63,28.2,12.1,8.8,0,1,1.0,18.1
254.03,2.16,0.63,0.73,0.35,1.45,0.95,medicine,high,0.77,29.8,39.2,24.0,0,1,1.2,43.44
96.93,1.45,0.13,0.82,0.57,1.31,5.16,hazmat,critical,0.73,35.3,9.5,6.3,0,2,1.4,22.12
190.23,1.07,0.06,0.12,0.25,1.72,11.27,furniture,standard,0.6,28.0,3.4,2.2,1,2,1.0,10.14
170.58,2.11,0.54,0.76,0.64,18.14,1.47,general,high,0.78,33.8,41.0,27.8,1,0,1.0,47.32
245.69,2.11,0.55,0.53,0.53,3.67,0.46,general,high,0.89,34.9,41.9,26.7,1,0,1.0,48.68
38.0,2.66,0.17,0.27,0.48,6.96,2.08,perishable,standard,0.92,31.3,11.2,10.1,0,0,1.2,13.41
35.82,1.64,0.47,0.96,0.12,0.77,1.33,hazmat,critical,0.83,25.5,33.7,24.5,1,1,1.4,38.04
106.43,1.99,0.55,0.88,0.4,1.68,1.59,furniture,high,0.82,32.8,30.3,26.0,1,1,1.0,31.75
136.18,1.72,0.32,0.86,0.18,7.37,9.93,general,high,0.67,27.5,18.8,18.5,0,1,1.0,15.35
166.09,1.14,0.21,0.47,0.2,5.89,2.58,perishable,critical,0.88,28.7,12.7,11.5,0,0,1.2,6.93
76.22,1.87,0.35,0.3,0.01,6.5,1.11,hazmat,low,0.78,25.6,22.7,20.8,1,1,1.4,28.65
27.52,1.57,0.47,0.69,0.51,2.88,5.97,perishable,high,0.67,23.1,28.5,21.0,0,0,1.2,15.58
305.68,1.83,0.58,0.55,0.2,8.14,4.3,luxury,standard,0.68,27.7,35.5,29.0,1,0,1.0,51.65
104.49,2.32,0.54,0.71,0.07,6.43,3.38,medicine,high,0.84,28.6,28.3,27.7,1,1,1.2,46.2
231.42,1.89,0.04,0.47,0.14,4.72,1.17,medicine,standard,0.88,26.5,2.4,2.2,0,0,1.2,40.31
72.72,2.14,0.53,0.93,0.35,6.82,2.71,hazmat,high,0.8,28.7,33.6,22.7,1,0,1.4,50.33
126.85,1.86,0.31,0.96,0.18,3.03,12.18,hazmat,high,0.64,25.4,17.5,13.6,1,0,1.4,33.04
55.46,2.01,0.44,0.81,0.48,0.98,8.29,hazmat,high,0.88,30.0,24.0,19.1,0,1,1.4,17.88
281.61,2.47,0.24,0.37,0.23,10.53,0.28,perishable,low,0.75,26.3,12.9,12.2,0,1,1.2,75.59
97.99,2.02,0.22,0.25,0.16,5.07,1.16,perishable,critical,0.68,30.1,13.1,12.6,0,1,1.2,26.09
44.85,1.28,0.41,0.49,0.42,1.38,3.43,perishable,standard,0.87,36.0,31.4,17.1,0,1,1.2,13.11
251.82,1.43,0.21,0.5,0.31,11.4,0.33,furniture,low,0.88,32.1,10.3,11.0,1,0,1.0,14.07
104.62,2.13,0.13,0.84,0.54,13.98,4.15,furniture,standard,0.74,29.0,7.1,4.9,0,1,1.0,26.31
249.5,2.87,0.3,0.12,0.17,2.74,4.49,hazmat,standard,0.8,33.4,17.0,13.6,1,0,1.4,93.96
204.29,2.02,0.35,0.18,0.37,4.64,1.97,medicine,standard,0.89,28.1,22.0,18.5,1,0,1.2,42.12
171.4,1.21,0.17,0.4,0.02,9.13,0.56,general,low,0.9,27.6,10.2,9.3,0,2,1.0,10.21
188.14,2.35,0.33,0.21,0.29,5.84,0.17,luxury,standard,0.93,33.7,22.8,12.0,0,1,1.0,42.65
98.79,1.3,0.44,0.44,0.1,2.72,1.54,perishable,standard,0.61,26.6,21.9,22.1,0,1,1.2,16.87
98.49,2.09,0.27,0.29,0.32,0.29,3.65,hazmat,high,0.62,34.4,17.8,10.5,0,0,1.4,31.15
148.44,2.07,0.02,0.98,0.32,2.42,2.88,medicine,low,0.82,32.2,1.2,1.2,1,0,1.2,30.3
213.57,1.45,0.56,0.57,0.5,21.88,3.35,perishable,standard,0.85,29.7,34.6,29.2,1,0,1.2,35.32
144.84,1.58,0.45,0.67,0.32,1.48,2.36,perishable,standard,0.74,27.7,36.1,24.4,0,0,1.2,22.93
26.68,1.2,0.5,0.84,0.27,4.28,0.7,furniture,standard,0.77,31.7,31.5,21.6,0,0,1.0,6.26
179.89,1.78,0.18,0.56,0.12,0.89,0.86,medicine,standard,0.65,28.9,13.0,8.0,0,2,1.2,29.81
122.06,1.25,0.19,0.5,0.62,3.51,9.1,medicine,low,0.84,32.3,10.3,10.1,1,2,1.2,30.73
147.45,1.47,0.04,0.63,0.34,5.86,4.79,general,high,0.93,28.1,2.7,2.2,0,0,1.0,13.68
129.52,1.37,0.69,0.24,0.26,7.61,5.03,hazmat,high,0.84,32.2,55.3,40.3,1,1,1.4,33.51
125.17,1.76,0.17,0.83,0.17,5.05,2.39,general,high,0.97,32.5,12.3,9.4,0,1,1.0,15.86
141.97,1.67,0.34,0.67,0.72,0.31,0.39,luxury,standard,0.67,30.4,18.8,15.9,1,0,1.0,18.47
220.11,2.11,0.41,0.94,0.34,3.61,4.0,general,high,0.72,29.4,24.9,17.5,0,0,1.0,39.76
62.76,1.72,0.03,0.77,0.06,2.83,5.61,luxury,critical,0.87,33.0,1.8,1.1,0,0,1.0,11.35
117.47,1.08,0.6,0.36,0.27,1.35,3.45,luxury,standard,0.92,25.5,41.6,21.3,1,0,1.0,9.45
54.66,2.3,0.25,0.84,0.14,9.44,11.64,medicine,standard,0.76,28.7,19.7,13.0,0,0,1.2,18.64
124.93,2.12,0.25,0.19,0.24,3.99,2.82,general,standard,0.79,30.5,16.1,15.0,0,0,1.0,26.19
146.49,2.2,0.49,0.21,0.16,6.3,2.33,furniture,high,0.8,29.3,27.5,25.3,0,0,1.0,29.88
70.64,1.88,0.26,0.91,0.32,12.61,9.23,general,standard,0.96,34.6,20.2,10.2,1,0,1.0,15.47
166.11,3.09,0.63,0.24,0.12,0.81,0.25,general,low,0.88,28.7,41.3,22.6,0,1,1.0,70.13
170.7,2.15,0.56,0.18,0.16,8.13,1.31,general,low,0.62,29.1,37.6,22.4,0,1,1.0,40.05
82.58,1.7,0.52,0.98,0.71,4.14,12.91,hazmat,high,0.8,34.5,31.5,30.1,0,0,1.4,29.11
140.6,1.6,0.15,0.47,0.2,2.46,3.7,general,critical,0.73,30.7,11.8,5.6,0,0,1.0,12.27
29.9,1.4,0.5,0.77,0.18,9.58,0.54,furniture,high,0.96,29.8,26.6,24.8,0,0,1.0,7.69
72.43,1.85,0.04,0.77,0.33,0.0,0.43,general,low,0.96,32.5,2.1,1.7,0,0,1.0,12.58
104.83,1.2,0.73,0.35,0.1,4.5,7.33,medicine,low,0.91,26.8,55.5,26.9,0,0,1.2,22.68
99.0,1.11,0.37,0.19,0.12,7.78,2.74,general,high,0.82,33.6,26.4,13.2,0,1,1.0,7.56
41.36,1.86,0.11,0.24,0.21,4.72,2.65,medicine,standard,0.94,33.2,8.2,4.8,0,1,1.2,15.69
57.0,1.85,0.38,0.46,0.52,5.08,16.01,general,standard,0.69,26.4,28.3,16.0,0,1,1.0,22.63
112.35,1.19,0.35,0.96,0.39,9.67,0.75,luxury,high,0.75,27.7,18.2,14.1,0,0,1.0,5.61
231.12,2.71,0.49,0.44,0.15,0.25,2.29,hazmat,standard,0.9,34.5,35.5,22.4,1,0,1.4,83.51
208.04,1.34,0.49,0.91,0.15,0.42,6.85,furniture,standard,0.87,31.7,37.6,24.9,1,0,1.0,26.74
135.49,2.09,0.45,0.83,0.14,9.66,10.12,furniture,standard,0.66,34.2,33.5,26.8,1,0,1.0,56.26
183.97,1.34,0.4,0.58,0.13,0.96,1.59,hazmat,high,0.84,29.2,27.3,21.4,1,0,1.4,36.18
232.35,1.74,0.43,0.2,0.19,2.97,7.98,furniture,standard,0.86,26.6,25.7,22.3,0,0,1.0,30.46
54.35,1.92,0.29,0.75,0.18,0.19,0.96,perishable,high,0.99,29.7,17.6,13.5,1,0,1.2,7.55
251.79,1.62,0.21,0.72,0.08,0.94,0.11,furniture,high,0.87,28.7,13.1,10.7,0,0,1.0,21.12
205.86,1.33,0.88,0.52,0.3,0.94,0.41,furniture,low,0.9,33.4,50.5,36.8,1,0,1.0,34.63
211.91,1.28,0.39,0.53,0.25,8.44,1.62,perishable,standard,0.83,35.1,27.2,17.6,0,0,1.2,17.7
56.13,1.2,0.33,0.14,0.75,3.09,1.33,general,low,0.91,27.9,18.1,18.8,0,0,1.0,7.59
101.61,1.27,0.05,0.43,0.26,8.05,2.62,perishable,low,0.66,29.5,3.0,2.7,0,0,1.2,10.3
219.77,1.63,0.36,0.49,0.7,1.57,5.61,furniture,standard,0.77,27.2,23.8,16.4,1,0,1.0,26.94
145.83,2.49,0.27,0.26,0.13,6.4,2.8,perishable,critical,0.92,30.4,19.7,10.8,1,2,1.2,35.86
151.97,1.56,0.19,0.28,0.23,3.33,4.4,medicine,high,0.83,27.4,13.5,7.8,0,0,1.2,14.32
229.97,2.97,0.16,0.34,0.24,3.11,1.16,hazmat,standard,0.78,25.9,9.6,7.8,1,0,1.4,80.65
114.44,1.24,0.24,0.56,0.08,6.77,1.8,general,high,0.86,28.5,12.8,12.2,1,0,1.0,6.73
179.88,1.06,0.71,0.17,0.26,2.16,3.29,luxury,critical,0.8,28.9,50.1,26.3,0,0,1.0,5.1
249.35,2.79,0.13,0.54,0.45,1.55,7.04,general,standard,0.82,31.3,6.8,5.4,1,0,1.0,75.05
263.74,2.04,0.35,0.42,0.1,3.67,6.26,perishable,standard,0.74,27.7,22.8,13.8,0,0,1.2,48.43
82.85,2.1,0.46,0.56,0.24,5.48,1.23,medicine,critical,0.67,27.7,25.6,25.6,0,0,1.2,21.99
107.94,1.21,0.1,0.6,0.42,0.24,1.74,general,critical,0.84,30.9,6.2,4.7,1,0,1.0,2.32
197.38,1.58,0.12,0.85,0.29,1.43,6.35,general,high,0.85,29.6,6.8,4.6,1,0,1.0,21.87
273.56,1.96,0.09,0.43,0.73,3.95,2.79,furniture,low,0.78,30.4,5.5,3.8,0,1,1.0,47.31
77.15,2.21,0.6,0.85,0.17,4.04,3.82,medicine,low,0.71,31.6,37.7,30.0,1,1,1.2,44.14
194.47,1.75,0.04,0.18,0.28,2.84,4.37,furniture,critical,0.54,32.6,2.6,1.4,0,1,1.0,25.38
130.37,1.13,0.6,0.12,0.67,6.61,2.7,perishable,high,0.81,27.8,35.6,23.4,0,1,1.2,13.83
241.12,1.14,0.32,0.26,0.31,5.22,4.68,general,low,0.73,25.6,20.5,18.1,1,0,1.0,11.3
86.57,2.58,0.49,0.6,0.17,7.22,7.27,furniture,high,0.75,31.1,30.6,20.9,1,0,1.0,31.47
242.4,1.74,0.4,0.81,0.35,2.35,2.51,general,high,0.79,28.5,30.4,22.4,0,0,1.0,21.49
213.76,1.55,0.21,0.97,0.27,6.32,4.62,furniture,standard,0.77,31.8,11.0,8.5,1,0,1.0,18.1
113.47,1.88,0.09,0.34,0.35,11.35,22.71,hazmat,critical,0.95,25.1,5.0,4.1,0,1,1.4,29.23
40.02,2.64,0.39,0.4,0.14,3.82,2.73,general,standard,0.72,31.1,22.2,15.1,0,0,1.0,19.48
179.55,2.42,0.59,0.33,0.56,2.67,1.7,general,standard,0.69,33.4,32.1,29.6,0,1,1.0,45.45
128.53,2.53,0.16,0.38,0.57,4.45,3.27,medicine,low,0.84,30.8,10.5,9.1,1,0,1.2,47.11
33.12,1.93,0.91,0.46,0.5,13.43,1.31,general,standard,0.64,30.0,66.7,50.5,1,1,1.0,27.64
246.7,1.67,0.03,0.65,0.22,15.81,2.01,furniture,standard,0.77,36.4,1.6,1.6,0,0,1.0,22.85
122.37,2.26,0.15,0.6,0.3,3.35,5.55,medicine,standard,0.68,34.1,9.7,5.7,1,1,1.2,37.23
243.13,1.33,0.48,0.15,0.41,5.16,1.26,general,standard,0.75,23.2,27.8,17.7,1,1,1.0,25.02
182.09,1.8,0.69,0.57,0.25,2.29,2.98,perishable,high,0.7,30.1,37.6,39.2,0,1,1.2,37.18
241.66,1.51,0.34,0.8,0.12,2.24,11.7,general,critical,0.9,33.4,22.6,13.0,0,0,1.0,16.52
16.76,1.82,0.28,0.7,0.31,3.43,3.87,perishable,standard,0.82,28.5,16.7,15.0,0,0,1.2,11.77
152.38,1.6,0.48,0.69,0.49,3.33,7.11,general,standard,0.9,34.2,36.2,18.6,0,0,1.0,13.67
288.73,2.46,0.04,0.18,0.28,8.61,1.47,medicine,critical,0.92,30.3,2.1,1.9,0,0,1.2,40.72
82.44,1.43,0.4,0.57,0.49,0.39,8.22,perishable,critical,0.9,34.5,27.2,18.2,1,0,1.2,18.01
154.85,1.41,0.2,0.34,0.53,8.05,3.36,medicine,standard,0.75,35.7,14.2,11.9,0,2,1.2,25.26
61.95,2.47,0.1,0.79,0.4,2.6,2.36,medicine,low,0.63,29.5,6.9,4.8,0,0,1.2,27.88
277.34,1.2,0.01,0.15,0.64,5.27,1.11,luxury,standard,0.86,36.8,0.8,0.5,0,0,1.0,9.78
113.71,1.88,0.51,0.65,0.34,7.62,1.72,luxury,standard,0.83,35.5,35.5,30.1,0,0,1.0,21.03
152.07,1.93,0.32,0.22,0.56,6.63,0.26,general,high,0.8,33.8,22.1,13.1,1,0,1.0,25.12
150.1,1.58,0.14,0.56,0.41,5.87,1.91,hazmat,high,0.68,27.2,8.7,5.2,0,0,1.4,21.69
189.33,1.53,0.35,0.13,0.13,10.11,0.5,medicine,high,0.77,35.7,18.5,18.4,0,1,1.2,23.51
85.92,2.09,0.16,0.56,0.56,0.19,4.61,general,high,0.89,31.5,11.1,7.1,1,0,1.0,9.69
180.19,2.58,0.14,0.69,0.42,5.49,0.7,medicine,low,0.88,27.9,9.2,8.2,0,1,1.2,40.14
136.76,1.99,0.71,0.41,0.18,6.35,1.93,luxury,standard,0.69,36.0,38.0,24.9,0,0,1.0,23.59
36.88,2.1,0.11,0.95,0.21,4.29,0.62,perishable,standard,0.67,32.8,6.8,6.4,0,4,1.2,33.69
27.4,1.39,0.08,0.49,0.09,0.65,2.19,hazmat,standard,0.75,34.1,5.5,3.4,0,1,1.4,10.97
165.66,1.16,0.26,0.37,0.12,2.56,0.44,perishable,standard,0.84,30.2,19.1,12.9,0,1,1.2,14.57
28.58,2.44,0.53,0.83,0.22,4.02,1.21,general,low,0.65,27.6,31.6,25.4,1,0,1.0,32.98
129.68,1.9,0.19,0.29,0.64,1.23,0.44,perishable,standard,0.61,28.9,14.4,7.7,0,1,1.2,25.73
70.67,1.33,0.14,0.82,0.31,10.82,2.73,hazmat,critical,0.92,26.5,9.0,7.7,0,0,1.4,15.68
167.0,1.88,0.19,0.88,0.41,4.24,1.64,luxury,high,0.84,34.5,12.2,7.7,1,0,1.0,24.26
197.2,2.47,0.21,0.34,0.22,0.67,1.11,general,standard,0.96,29.3,14.5,10.2,1,0,1.0,43.65
195.47,1.75,0.51,0.71,0.29,0.44,2.32,general,high,0.99,31.4,37.0,23.1,0,0,1.0,16.92
195.77,1.28,0.06,0.5,0.24,3.13,1.49,general,standard,0.96,32.8,3.1,2.3,0,0,1.0,9.4
162.96,2.29,0.67,0.61,0.58,0.37,2.52,general,high,0.78,28.1,35.7,31.6,0,0,1.0,36.56
213.33,1.37,0.43,0.63,0.37,5.2,1.92,general,standard,0.81,27.5,23.8,19.6,0,1,1.0,15.68
162.08,1.15,0.32,0.28,0.55,8.35,5.89,luxury,high,0.72,26.9,19.6,12.1,0,0,1.0,9.12
107.37,1.26,0.42,0.87,0.18,5.01,7.59,medicine,high,0.62,30.4,28.3,18.7,0,0,1.2,13.76
27.14,1.17,0.22,0.99,0.39,0.24,0.31,medicine,standard,0.92,33.0,15.7,8.0,0,0,1.2,4.21
241.84,1.4,0.19,0.57,0.36,0.37,3.07,perishable,high,0.89,28.4,14.4,8.7,0,0,1.2,25.98
281.4,1.85,0.1,0.22,0.58,0.65,0.26,perishable,low,0.77,31.5,5.1,5.0,0,0,1.2,45.33
110.02,1.8,0.33,0.76,0.36,11.34,11.88,general,low,0.86,32.2,21.7,12.5,1,2,1.0,25.58
106.33,1.44,0.07,0.25,0.07,8.35,1.37,perishable,high,0.82,33.0,5.0,3.5,0,1,1.2,10.73
29.2,1.53,0.46,0.14,0.38,3.79,3.74,furniture,low,0.7,32.0,26.6,25.4,0,0,1.0,14.29
111.24,1.1,0.24,0.52,0.24,1.23,0.82,general,standard,0.54,31.7,12.4,9.4,0,0,1.0,4.27
139.25,1.21,0.5,0.71,0.5,22.96,1.11,medicine,low,0.94,27.7,37.8,29.3,0,1,1.2,18.56
69.53,1.75,0.38,0.55,0.41,3.17,0.16,hazmat,standard,0.82,31.5,19.2,17.9,1,0,1.4,20.92
69.17,1.68,0.48,0.27,0.58,11.94,3.12,perishable,high,0.61,32.6,32.7,25.3,1,1,1.2,32.76
141.06,1.5,0.1,0.53,0.37,1.26,0.34,perishable,critical,0.79,26.8,7.0,5.1,0,0,1.2,9.83
125.73,1.28,0.06,0.25,0.54,5.37,1.67,general,low,0.82,28.5,3.4,3.4,0,0,1.0,10.62
74.64,1.11,0.33,0.92,0.5,8.11,2.43,hazmat,critical,0.57,30.5,18.1,14.9,1,2,1.4,15.48
239.42,1.33,0.56,0.49,0.15,7.7,5.93,perishable,high,0.84,32.8,33.7,25.0,0,1,1.2,20.7
12.36,1.67,0.44,0.39,0.08,4.81,3.31,general,high,0.69,30.4,31.7,16.6,0,1,1.0,11.32
231.65,2.08,0.25,0.81,0.41,6.17,2.08,perishable,standard,0.89,26.9,18.8,12.2,1,1,1.2,46.07
76.26,2.66,0.43,0.59,0.24,0.71,5.1,perishable,low,0.99,29.0,25.8,18.4,1,0,1.2,49.35
130.17,1.88,0.26,0.22,0.07,1.16,2.67,general,standard,0.77,31.0,13.9,10.1,0,0,1.0,13.7
163.11,1.83,0.53,0.2,0.34,0.99,1.38,perishable,standard,0.69,29.7,42.3,21.7,1,0,1.2,45.45
138.21,1.29,0.24,0.34,0.29,3.96,3.86,furniture,standard,0.77,32.4,17.9,10.3,0,0,1.0,14.29
121.27,1.25,0.38,0.79,0.41,3.79,3.69,perishable,high,0.89,28.4,27.9,22.2,0,1,1.2,17.04
110.52,2.35,0.55,0.51,0.39,12.98,1.66,furniture,standard,0.91,35.2,42.0,25.3,0,0,1.0,31.09
131.7,1.38,0.15,0.27,0.11,7.13,1.48,furniture,high,0.84,31.0,11.7,7.4,0,0,1.0,11.01
201.58,1.43,0.57,0.14,0.13,0.98,2.85,perishable,standard,0.85,31.0,45.8,28.2,1,1,1.2,38.62
188.8,1.94,0.31,0.43,0.26,0.92,1.53,furniture,standard,0.97,29.3,18.4,15.0,1,1,1.0,30.73
60.77,2.16,0.35,0.31,0.12,1.46,1.69,medicine,standard,0.8,23.9,21.4,19.9,1,0,1.2,18.71
245.82,2.19,0.61,0.95,0.25,30.0,1.06,perishable,critical,0.72,26.1,43.0,26.4,0,0,1.2,61.65
52.01,1.47,0.73,0.28,0.03,0.93,1.22,perishable,standard,0.91,28.7,58.6,40.1,0,0,1.2,13.46
221.54,2.3,0.37,0.73,0.31,2.36,1.92,general,critical,0.98,26.4,26.2,14.6,0,1,1.0,41.44
179.84,1.45,0.34,0.31,0.29,1.88,3.88,hazmat,standard,0.87,33.9,20.4,14.9,0,2,1.4,26.76
51.46,2.15,0.7,0.16,0.08,0.01,1.72,perishable,standard,0.94,31.0,52.7,32.9,0,0,1.2,20.21
218.64,2.91,0.21,0.11,0.47,1.66,1.15,hazmat,standard,0.93,26.3,11.6,8.1,1,0,1.4,72.7
180.94,2.23,0.5,0.34,0.58,1.18,25.0,general,high,0.86,28.4,38.2,23.4,0,0,1.0,36.12
165.37,2.35,0.64,0.92,0.15,18.77,3.47,perishable,standard,0.95,31.3,33.1,38.2,0,0,1.2,47.13
88.24,1.38,0.33,0.31,0.01,6.49,4.65,hazmat,standard,0.65,28.5,19.6,17.6,0,0,1.4,19.35
148.85,1.54,0.69,0.6,0.17,8.21,11.69,general,high,0.86,32.6,48.3,36.3,1,2,1.0,51.06
78.47,1.92,0.29,0.32,0.2,9.3,2.0,perishable,high,0.94,32.8,18.1,12.7,0,0,1.2,16.48
142.79,2.88,0.4,0.74,0.44,1.41,0.28,general,standard,0.69,27.0,20.8,23.1,0,0,1.0,41.26
56.46,1.56,0.38,0.79,0.47,11.66,1.05,medicine,standard,0.65,34.6,22.1,14.0,1,1,1.2,22.39
259.62,2.06,0.53,0.29,0.43,3.92,4.42,luxury,low,0.87,31.5,41.0,20.1,1,1,1.0,58.78
141.13,1.96,0.24,0.15,0.17,0.39,6.22,general,standard,0.85,30.7,14.6,13.5,0,1,1.0,30.53
114.86,1.14,0.18,0.22,0.31,4.66,6.45,luxury,standard,0.92,32.2,11.0,7.3,0,0,1.0,5.05
177.49,1.19,0.28,0.54,0.59,0.55,3.75,furniture,standard,0.86,29.7,14.9,10.3,0,1,1.0,9.35
263.95,2.44,0.41,0.46,0.33,3.94,1.51,furniture,standard,0.67,33.9,30.0,15.6,1,1,1.0,68.03
87.5,2.23,0.46,0.19,0.74,3.82,6.64,perishable,critical,0.94,26.1,31.5,24.6,1,0,1.2,31.58
184.44,1.64,0.2,0.2,0.43,5.15,5.69,perishable,standard,0.68,24.4,10.8,8.2,1,3,1.2,35.32
152.34,1.3,0.08,0.6,0.4,0.63,3.5,hazmat,standard,0.78,27.9,4.8,4.0,0,0,1.4,14.77
132.76,1.27,0.39,0.99,0.17,10.53,2.0,perishable,standard,0.97,26.1,28.9,14.6,1,0,1.2,28.1
18.3,1.1,0.14,0.93,0.44,6.77,13.38,medicine,low,0.76,28.3,7.1,6.6,0,0,1.2,7.99
177.18,1.93,0.55,0.9,0.14,21.36,0.46,perishable,low,0.82,23.9,42.2,21.3,0,0,1.2,41.82
202.6,1.16,0.43,0.17,0.46,0.04,10.66,perishable,low,0.82,35.2,29.6,23.0,0,0,1.2,17.71
232.2,1.27,0.44,0.2,0.32,4.37,3.84,furniture,standard,0.82,33.1,29.0,15.6,1,0,1.0,27.84
198.84,1.63,0.12,0.74,0.55,3.32,3.27,general,standard,0.84,30.9,9.4,7.1,0,0,1.0,17.31
116.26,2.42,0.34,0.9,0.02,2.56,7.82,luxury,standard,0.94,28.3,19.5,18.9,1,0,1.0,24.59
74.85,1.89,0.07,0.37,0.45,1.48,2.29,medicine,critical,0.66,28.6,5.0,4.2,0,1,1.2,19.9
20.74,2.45,0.24,0.55,0.12,0.72,7.35,hazmat,low,0.94,30.3,14.4,9.9,0,1,1.4,20.66
199.99,2.02,0.37,0.45,0.21,18.54,2.01,furniture,high,0.93,27.2,23.6,15.7,0,0,1.0,28.9
154.73,2.54,0.1,0.22,0.18,10.2,0.56,medicine,high,0.71,33.5,6.9,5.8,1,0,1.2,43.87
137.62,1.17,0.4,0.48,0.38,8.53,2.16,perishable,high,0.95,26.0,20.1,24.0,0,1,1.2,16.02
79.43,1.47,0.21,0.48,0.31,0.71,14.58,medicine,high,0.89,32.8,13.4,11.6,0,0,1.2,15.4
36.15,1.61,0.11,0.67,0.12,17.57,3.48,hazmat,standard,0.78,28.3,7.0,6.0,1,2,1.4,27.7
278.77,1.37,0.22,0.78,0.19,2.49,5.13,medicine,standard,0.92,28.7,14.0,11.7,0,0,1.2,20.61
245.87,2.44,0.38,0.81,0.13,3.29,3.22,medicine,high,0.78,29.4,24.4,20.7,0,0,1.2,64.82
261.56,1.51,0.12,0.25,0.16,5.09,1.55,general,high,0.88,32.5,6.6,5.1,0,0,1.0,20.0
262.01,2.28,0.22,0.65,0.18,1.89,3.32,general,standard,0.76,35.7,12.4,11.2,0,0,1.0,43.58
145.1,1.59,0.52,0.31,0.33,3.12,4.13,perishable,critical,0.76,34.4,26.4,29.8,0,0,1.2,21.11
95.54,1.3,0.38,0.8,0.16,3.92,3.29,luxury,standard,0.7,30.5,28.9,14.8,0,0,1.0,10.99
111.98,1.54,0.23,0.54,0.21,0.86,3.17,general,critical,0.61,31.2,17.9,12.5,0,1,1.0,11.09
87.33,2.55,0.28,0.42,0.73,1.62,3.19,perishable,high,0.76,35.7,19.4,15.6,1,2,1.2,32.36
94.69,1.98,0.24,0.89,0.55,0.5,2.29,furniture,high,0.73,26.9,18.7,12.0,1,0,1.0,14.94
171.91,1.26,0.25,0.88,0.18,2.57,1.5,furniture,standard,0.84,30.3,13.6,14.7,0,0,1.0,9.12
66.79,2.12,0.16,0.93,0.09,3.21,9.28,general,critical,0.91,30.0,12.7,7.4,0,1,1.0,16.12
151.83,2.12,0.58,0.62,0.41,4.26,3.86,general,low,0.82,35.1,41.9,20.5,0,1,1.0,34.75
50.38,1.55,0.16,0.71,0.27,10.0,3.28,furniture,critical,0.8,29.0,10.2,7.2,1,1,1.0,10.38
140.12,1.57,0.76,0.49,0.31,0.89,3.52,hazmat,standard,0.6,27.4,37.4,44.2,0,0,1.4,32.31
143.31,1.97,0.09,0.91,0.22,0.43,10.34,furniture,standard,0.78,25.8,4.5,5.0,1,0,1.0,25.55
251.78,1.6,0.4,0.54,0.4,0.64,3.07,perishable,high,0.95,31.7,27.7,20.3,0,1,1.2,32.29
59.14,2.06,0.44,0.76,0.28,0.87,3.31,perishable,standard,0.84,27.0,22.8,23.2,0,1,1.2,27.17
92.47,1.56,0.04,0.86,0.39,0.29,4.33,furniture,critical,0.93,30.7,3.2,2.0,1,0,1.0,8.67
100.76,1.93,0.19,0.49,0.18,6.19,9.86,general,standard,0.88,24.3,12.7,8.2,0,0,1.0,13.23
199.98,1.65,0.23,0.85,0.2,11.27,1.78,general,high,0.94,28.4,12.0,10.1,0,1,1.0,21.86
176.27,2.73,0.15,0.9,0.29,9.4,2.75,medicine,critical,0.78,30.6,11.6,6.8,0,0,1.2,49.61
181.49,2.28,0.55,0.11,0.6,9.27,4.45,perishable,low,0.71,32.0,34.1,22.9,0,2,1.2,67.97
152.71,1.19,0.39,0.49,0.15,1.66,1.55,general,standard,0.72,26.3,26.4,22.3,1,0,1.0,17.19
68.06,1.96,0.65,0.96,0.29,0.36,0.05,hazmat,low,0.71,33.8,52.0,34.9,0,1,1.4,42.56
92.8,1.02,0.11,0.15,0.42,9.65,1.9,furniture,high,0.78,27.4,6.7,5.6,0,0,1.0,5.49
186.92,1.78,0.11,0.5,0.55,8.99,5.57,general,standard,0.75,25.6,6.0,5.0,0,0,1.0,26.7
163.79,1.82,0.15,0.83,0.37,0.53,6.61,medicine,low,0.59,28.9,8.2,6.1,1,2,1.2,37.61
108.25,1.22,0.21,0.54,0.16,2.45,0.03,perishable,standard,0.89,28.9,11.9,8.6,1,0,1.2,10.67
31.19,2.24,0.6,0.76,0.51,2.15,4.57,hazmat,standard,0.79,31.6,41.9,24.2,0,1,1.4,27.08
69.79,2.14,0.65,0.87,0.26,0.52,0.02,general,high,0.73,26.1,50.6,25.0,0,1,1.0,22.77
186.99,2.06,0.78,0.28,0.22,16.25,5.85,hazmat,standard,0.83,34.3,49.0,34.2,0,1,1.4,68.07
77.66,2.1,0.62,0.29,0.17,7.47,18.25,medicine,high,0.87,28.8,31.2,22.9,1,0,1.2,43.99
249.92,1.93,0.08,0.77,0.56,4.6,10.86,general,low,0.79,28.1,5.7,4.0,0,0,1.0,38.25
307.36,2.01,0.01,0.42,0.89,2.27,6.63,medicine,standard,0.76,30.7,0.5,0.5,0,0,1.2,58.32
124.62,1.11,0.66,0.37,0.4,17.83,1.99,luxury,standard,0.76,24.5,40.0,25.0,0,1,1.0,11.32
205.52,2.36,0.7,0.65,0.29,2.18,0.5,perishable,low,0.71,28.5,51.0,37.8,0,0,1.2,76.47
168.88,1.91,0.04,0.97,0.11,4.17,2.53,luxury,standard,0.97,27.4,2.1,1.9,0,2,1.0,27.15
198.41,1.17,0.51,0.26,0.66,5.03,3.8,furniture,standard,0.95,25.0,33.0,18.2,0,0,1.0,7.72
273.94,1.78,0.14,0.74,0.35,0.61,8.61,luxury,critical,0.9,31.1,10.5,6.5,1,0,1.0,26.13
135.9,1.54,0.16,0.7,0.64,5.61,16.66,perishable,high,0.87,28.4,8.9,7.0,0,1,1.2,23.94
12.29,1.36,0.49,0.78,0.38,1.02,3.94,hazmat,high,0.83,29.3,30.0,20.6,0,0,1.4,15.8
185.41,2.96,0.27,0.58,0.23,9.16,5.07,perishable,high,0.89,31.2,19.2,13.1,0,0,1.2,59.46
237.63,1.86,0.54,0.79,0.11,1.52,10.38,general,high,0.76,28.2,30.2,31.0,1,0,1.0,48.19
37.44,1.48,0.23,0.11,0.62,5.69,0.01,luxury,critical,0.62,32.2,16.2,12.1,0,0,1.0,5.7
270.11,1.17,0.36,0.62,0.42,0.6,0.5,perishable,high,0.75,23.5,26.5,20.7,1,0,1.2,23.42
291.24,1.74,0.27,0.22,0.47,3.86,8.02,perishable,high,0.72,23.6,21.6,10.4,0,1,1.2,45.39
200.57,1.49,0.59,0.66,0.18,0.86,2.0,medicine,high,0.9,26.4,30.9,32.3,0,0,1.2,21.18
46.47,1.6,0.07,0.77,0.2,2.86,2.81,perishable,high,0.94,32.1,4.9,3.4,0,2,1.2,15.8
151.81,1.63,0.13,0.5,0.38,5.26,3.24,furniture,high,0.78,27.0,8.1,5.5,1,2,1.0,18.6
79.08,1.4,0.56,0.71,0.21,0.65,11.06,furniture,low,0.8,33.7,32.3,28.5,0,1,1.0,13.23
217.39,1.75,0.16,0.97,0.21,2.66,6.4,luxury,standard,0.6,30.0,11.1,7.9,1,1,1.0,28.79
63.96,1.06,0.04,0.96,0.25,20.95,1.37,medicine,low,0.6,29.1,2.3,1.8,1,0,1.2,7.75
237.43,1.39,0.22,0.37,0.76,5.71,0.54,luxury,low,0.8,28.4,11.3,10.2,1,2,1.0,19.63
131.81,1.36,0.56,0.28,0.14,1.31,0.19,luxury,high,0.62,23.9,28.6,23.1,1,1,1.0,26.06
123.4,1.26,0.13,0.68,0.32,3.09,0.62,perishable,high,0.91,27.6,10.0,7.2,0,2,1.2,14.05
97.46,1.7,0.3,0.53,0.39,1.11,0.17,general,high,0.91,35.8,17.8,18.0,0,0,1.0,14.07
112.13,2.2,0.35,0.19,0.5,15.87,2.4,general,low,0.74,30.9,27.8,16.4,0,1,1.0,40.43
125.93,1.81,0.1,0.19,0.38,3.53,0.27,luxury,low,0.99,35.5,5.5,3.5,0,0,1.0,20.99
24.89,1.5,0.21,0.37,0.35,1.12,0.13,perishable,standard,0.7,30.3,16.5,11.8,1,0,1.2,9.32
199.3,1.41,0.18,1.0,0.42,3.88,4.76,perishable,critical,0.67,32.2,11.3,10.6,0,0,1.2,15.47
111.57,2.57,0.25,0.4,0.36,0.61,6.12,perishable,standard,0.78,35.6,15.1,11.5,0,0,1.2,37.97
198.6,1.35,0.51,0.18,0.25,0.5,4.71,medicine,low,0.75,25.9,26.2,30.3,1,0,1.2,36.23
209.02,1.21,0.44,0.42,0.31,0.36,8.23,medicine,high,0.82,30.6,28.6,16.9,0,1,1.2,17.08
208.69,2.54,0.87,0.29,0.11,2.15,12.28,furniture,high,0.65,36.1,58.0,35.8,0,0,1.0,49.12
173.34,2.1,0.42,0.42,0.43,11.48,9.22,medicine,standard,0.92,31.0,23.5,23.1,1,0,1.2,43.73
172.88,2.47,0.41,0.56,0.69,0.25,0.81,perishable,standard,0.77,30.5,25.1,22.6,0,1,1.2,49.09
239.68,1.67,0.58,0.94,0.14,18.37,3.95,furniture,standard,0.81,35.0,35.2,33.6,1,3,1.0,40.02
172.48,1.27,0.39,0.13,0.17,0.39,6.09,hazmat,standard,0.69,33.2,19.3,16.1,0,0,1.4,15.87
169.73,1.7,0.48,0.77,0.44,0.88,1.04,general,critical,0.76,32.2,34.3,21.8,0,1,1.0,19.94
185.35,1.25,0.42,0.11,0.12,0.72,1.21,perishable,low,0.68,28.8,21.8,21.7,0,1,1.2,14.17
288.42,1.14,0.35,0.19,0.13,1.6,1.84,furniture,standard,0.7,31.7,23.0,18.1,0,0,1.0,5.65
288.3,1.98,0.18,0.47,0.34,17.0,1.35,furniture,low,0.76,32.4,14.4,6.6,0,0,1.0,41.95
40.67,1.99,0.37,0.87,0.23,0.7,15.28,furniture,standard,0.64,28.5,24.7,16.6,1,2,1.0,22.4
232.99,2.27,0.14,0.61,0.28,18.71,5.21,general,low,0.79,32.5,10.6,6.6,0,2,1.0,58.74
62.16,2.12,0.26,0.68,0.24,8.9,16.68,furniture,low,0.92,29.9,19.8,11.7,0,0,1.0,17.72
144.99,1.62,0.14,0.14,0.12,5.26,5.69,perishable,standard,0.82,29.7,8.6,8.0,0,0,1.2,21.92
65.77,2.29,0.15,0.85,0.15,6.05,8.17,medicine,standard,0.77,30.8,11.1,7.5,1,0,1.2,25.1
103.67,1.04,0.54,0.4,0.04,2.08,0.09,general,standard,0.83,28.1,32.3,25.7,0,0,1.0,8.17
37.93,1.64,0.6,0.25,0.27,0.39,1.77,perishable,critical,0.59,33.8,43.4,35.5,0,1,1.2,14.16
208.33,1.11,0.56,0.14,0.32,5.68,0.32,general,standard,0.89,27.2,41.4,28.8,0,0,1.0,13.49
191.91,3.1,0.13,0.88,0.04,0.95,1.56,furniture,standard,0.84,28.1,7.4,7.1,0,0,1.0,48.96
299.21,1.76,0.01,0.47,0.29,7.27,10.61,luxury,critical,0.83,28.8,0.5,0.5,0,0,1.0,27.51
197.87,1.63,0.43,0.79,0.11,1.64,23.27,perishable,low,0.87,31.4,33.2,19.9,0,1,1.2,43.7
38.71,2.29,0.25,0.58,0.21,3.01,5.07,general,high,0.6,29.9,20.0,14.7,1,1,1.0,20.04
223.23,1.26,0.11,0.62,0.31,1.29,0.19,furniture,low,0.89,31.0,6.2,5.4,1,1,1.0,17.99
85.7,1.44,0.81,0.97,0.22,6.48,0.09,perishable,low,0.87,28.7,44.8,33.4,1,0,1.2,30.41
155.04,1.34,0.69,0.7,0.35,3.93,0.68,perishable,critical,0.69,35.8,39.2,31.7,0,0,1.2,17.18
59.83,1.3,0.15,0.63,0.24,5.67,2.95,luxury,critical,0.85,27.7,11.8,7.5,0,0,1.0,6.62
268.2,2.01,0.62,0.6,0.36,5.89,8.06,general,low,0.71,23.5,49.1,32.1,0,0,1.0,46.82
92.85,2.1,0.46,0.58,0.49,18.67,2.76,general,standard,0.79,29.9,23.2,21.0,1,0,1.0,12.49
90.26,2.26,0.12,0.97,0.07,3.76,1.4,perishable,standard,0.66,32.5,9.5,5.4,1,0,1.2,30.16
247.86,1.22,0.19,0.41,0.27,1.22,4.79,general,standard,0.74,30.8,10.6,11.4,0,0,1.0,15.15
103.03,1.54,0.26,0.13,0.39,0.32,0.03,luxury,high,0.96,28.1,18.2,12.6,0,1,1.0,14.28
239.48,2.06,0.22,0.19,0.07,11.09,3.09,furniture,standard,0.82,31.2,16.1,9.3,0,0,1.0,32.71
133.81,1.82,0.52,0.82,0.11,0.29,1.93,perishable,critical,0.74,29.7,35.1,22.5,0,0,1.2,25.18
112.15,1.27,0.35,0.93,0.13,3.99,0.63,general,high,0.8,35.9,25.6,14.1,0,2,1.0,12.87
39.05,3.02,0.28,0.16,0.57,1.44,21.16,luxury,high,0.71,27.5,21.3,12.3,0,2,1.0,27.69
219.59,1.6,0.75,0.19,0.73,11.91,0.66,furniture,standard,0.89,29.2,41.5,44.0,0,2,1.0,27.21
282.14,1.5,0.16,0.19,0.12,3.83,17.64,perishable,critical,0.88,28.3,12.1,5.9,0,1,1.2,28.06
147.06,1.19,0.35,0.26,0.22,3.5,1.31,luxury,critical,0.72,31.0,19.0,20.0,1,0,1.0,6.35
264.28,1.37,0.2,0.21,0.16,3.18,0.57,luxury,standard,0.74,31.1,11.1,10.6,0,0,1.0,12.14
79.75,1.64,0.57,0.43,0.46,6.31,5.21,perishable,standard,0.97,30.9,43.0,22.4,0,0,1.2,15.96
166.76,1.3,0.2,0.46,0.76,0.15,4.77,perishable,critical,0.83,31.7,10.3,9.9,1,0,1.2,6.87
96.56,1.13,0.12,0.57,0.34,4.47,6.19,luxury,low,0.89,27.7,8.5,5.5,1,1,1.0,11.8
238.92,1.49,0.43,0.81,0.6,2.68,0.95,perishable,high,0.92,25.0,26.9,19.4,1,2,1.2,46.91
108.69,1.41,0.64,0.62,0.64,1.74,9.5,general,high,0.79,27.7,48.9,37.3,1,0,1.0,27.72
163.58,2.21,0.3,0.18,0.52,7.7,2.26,perishable,critical,0.75,30.1,24.1,11.4,0,0,1.2,27.57
216.27,1.52,0.28,0.83,0.17,0.77,2.98,perishable,low,0.68,34.7,22.3,11.1,0,4,1.2,52.45
260.6,1.07,0.35,0.77,0.35,11.2,4.29,general,low,0.79,29.6,27.3,13.3,1,1,1.0,27.0
266.35,1.6,0.39,0.79,0.44,0.61,9.67,general,high,0.91,32.3,28.4,22.2,0,0,1.0,21.55
32.07,1.46,0.35,0.62,0.39,2.65,0.33,medicine,standard,0.96,27.8,23.2,20.9,1,0,1.2,9.54
207.31,2.36,0.46,0.48,0.47,0.16,3.66,medicine,critical,0.75,31.0,27.6,16.4,0,0,1.2,37.67
149.01,2.33,0.19,0.25,0.31,1.14,1.05,medicine,high,0.74,32.4,9.4,7.0,0,1,1.2,35.44
156.29,1.75,0.2,0.95,0.08,0.9,12.34,hazmat,high,0.75,24.7,12.0,7.3,0,0,1.4,29.09
176.52,1.98,0.35,0.88,0.36,3.23,0.05,medicine,high,0.71,27.8,26.4,14.9,1,0,1.2,44.09
64.28,2.49,0.16,0.32,0.38,1.67,4.59,general,high,0.91,27.8,12.5,5.8,1,0,1.0,15.35
193.05,2.21,0.25,0.39,0.19,0.44,0.38,luxury,high,0.7,30.6,19.3,14.2,0,0,1.0,31.66
91.04,2.4,0.47,0.16,0.39,8.6,0.02,hazmat,high,0.99,24.7,34.9,22.7,0,0,1.4,30.73
51.97,1.76,0.12,0.77,0.07,0.71,1.49,perishable,low,0.93,29.4,6.9,5.7,1,0,1.2,9.63
211.49,1.64,0.22,0.69,0.13,25.64,6.49,medicine,high,0.9,28.8,16.0,7.9,1,1,1.2,30.04
217.28,1.43,0.05,0.81,0.33,0.25,1.4,perishable,low,0.93,34.2,2.9,2.1,1,1,1.2,16.82
233.19,1.22,0.3,0.19,0.24,6.21,12.94,perishable,low,0.68,32.8,23.3,11.9,1,1,1.2,24.36
123.4,2.43,0.42,0.2,0.13,6.26,3.81,perishable,standard,0.76,29.6,21.3,21.1,0,0,1.2,37.23
260.42,1.46,0.18,0.87,0.3,2.15,8.46,luxury,critical,0.76,30.5,13.6,10.0,0,0,1.0,10.58
166.93,1.23,0.35,0.72,0.29,9.19,4.28,perishable,low,0.87,29.6,21.0,17.2,1,1,1.2,15.54
234.75,2.21,0.31,0.37,0.5,1.25,5.17,general,low,0.69,27.1,21.2,15.7,0,0,1.0,48.03
231.34,2.21,0.88,0.5,0.25,6.84,1.39,hazmat,standard,0.8,25.4,63.0,41.4,0,2,1.4,78.88
108.85,1.42,0.66,0.48,0.3,10.58,3.68,luxury,high,0.96,22.7,42.8,27.1,1,0,1.0,21.26
106.53,2.75,0.51,0.54,0.33,0.4,19.29,general,high,0.83,34.2,26.0,18.3,0,2,1.0,40.07
161.65,1.68,0.03,0.44,0.23,2.58,1.93,general,standard,0.97,30.2,1.5,1.1,1,1,1.0,17.8
277.28,1.96,0.26,0.96,0.27,15.47,1.19,hazmat,standard,0.82,35.5,19.0,10.3,1,0,1.4,56.09
131.16,1.13,0.49,0.41,0.09,2.96,1.79,furniture,high,0.89,30.4,36.9,27.9,0,0,1.0,10.51
158.75,1.23,0.09,0.45,0.2,4.56,5.09,luxury,standard,0.7,29.7,5.6,3.9,1,2,1.0,8.11
179.84,2.5,0.2,0.86,0.16,10.75,0.51,medicine,standard,0.83,25.5,14.1,8.2,0,0,1.2,50.7
108.15,1.35,0.92,0.11,0.04,7.59,7.17,perishable,high,0.57,33.5,62.8,54.9,0,0,1.2,25.02
254.22,1.22,0.24,0.8,0.25,1.81,0.85,general,standard,0.94,30.7,13.0,12.0,1,0,1.0,9.18
107.92,2.35,0.62,0.31,0.12,6.17,3.56,luxury,high,0.9,27.1,35.0,26.5,0,1,1.0,22.49
191.37,1.08,0.02,0.63,0.44,5.49,0.51,perishable,critical,0.95,32.1,1.2,0.8,0,1,1.2,9.6
199.54,1.49,0.38,0.33,0.22,9.84,1.67,furniture,high,0.9,32.2,19.7,18.3,0,1,1.0,15.28
210.72,1.32,0.29,0.88,0.31,3.81,1.09,perishable,standard,0.91,26.8,23.1,13.7,0,1,1.2,18.41
175.77,1.2,0.58,0.93,0.35,5.77,4.36,perishable,standard,0.73,23.0,35.7,22.3,0,2,1.2,21.98
85.87,1.05,0.22,0.26,0.52,3.44,3.58,perishable,high,0.68,34.0,15.8,8.5,1,0,1.2,1.74
258.16,1.84,0.53,0.89,0.2,6.97,1.36,general,high,0.86,30.1,27.5,27.0,1,1,1.0,46.63
11.25,1.89,0.24,0.22,0.29,3.4,7.77,medicine,high,0.86,28.2,14.1,9.4,0,0,1.2,7.38
136.63,2.37,0.08,0.5,0.16,0.22,13.59,general,critical,0.92,29.5,4.7,3.0,0,1,1.0,27.78
162.8,1.68,0.39,0.12,0.32,3.3,3.37,luxury,low,0.86,33.4,21.4,17.5,1,0,1.0,25.49
173.68,1.79,0.38,0.45,0.22,25.87,0.24,luxury,standard,0.68,26.3,27.0,19.8,1,2,1.0,44.37
106.53,1.85,0.12,0.17,0.23,3.83,4.89,general,standard,0.71,29.7,6.7,5.0,1,0,1.0,20.93
188.95,2.14,0.22,0.69,0.22,0.11,20.77,general,standard,0.87,32.6,13.7,8.0,0,1,1.0,48.29
183.11,1.64,0.19,0.71,0.1,2.36,10.46,medicine,standard,0.75,28.7,13.2,7.3,1,1,1.2,29.24
209.86,2.23,0.08,0.21,0.75,0.8,0.78,luxury,high,0.73,28.7,5.0,3.8,0,0,1.0,29.73
208.15,1.69,0.35,0.82,0.3,3.84,1.32,luxury,critical,0.8,29.2,18.6,17.2,0,0,1.0,18.03
187.51,1.2,0.49,0.3,0.13,2.35,1.77,perishable,standard,0.89,29.5,28.3,20.7,0,0,1.2,6.52
221.87,2.18,0.18,0.37,0.56,4.07,1.73,general,high,0.89,29.7,13.8,10.7,0,1,1.0,48.15
175.67,2.15,0.07,0.2,0.4,13.7,1.92,medicine,standard,0.83,26.1,4.9,3.2,1,0,1.2,31.1
85.56,1.49,0.2,0.85,0.09,0.01,4.63,medicine,standard,0.62,30.3,12.7,10.7,1,1,1.2,11.47
76.91,1.34,0.05,0.55,0.14,5.71,0.65,luxury,critical,0.81,33.0,2.8,1.8,0,0,1.0,5.19
168.55,1.77,0.37,0.87,0.38,3.42,1.55,luxury,high,0.64,30.4,19.7,19.6,1,1,1.0,26.93
80.66,2.01,0.28,0.48,0.5,12.65,4.45,luxury,standard,0.88,31.8,15.4,16.6,0,0,1.0,19.31
25.6,2.64,0.42,0.45,0.8,0.08,0.22,perishable,standard,0.76,31.5,25.3,22.0,0,0,1.2,22.59
250.91,2.5,0.49,0.51,0.21,4.86,3.6,hazmat,low,0.81,33.0,38.3,29.2,1,0,1.4,94.34
282.46,1.38,0.19,0.54,0.34,19.8,3.69,perishable,low,0.66,29.4,12.7,10.8,1,0,1.2,31.15
87.37,1.96,0.52,0.45,0.2,4.92,0.77,medicine,standard,0.65,27.7,35.9,24.6,0,0,1.2,28.15
113.6,2.98,0.29,0.52,0.03,1.77,8.84,perishable,standard,0.77,29.1,20.4,13.9,0,0,1.2,46.99
93.79,1.22,0.48,0.53,0.28,1.22,4.3,furniture,standard,0.85,32.5,33.7,26.0,0,0,1.0,7.06
169.79,1.8,0.29,0.99,0.34,10.93,0.48,general,critical,0.93,31.3,19.7,12.5,0,0,1.0,23.46
85.62,1.5,0.27,0.67,0.44,3.81,2.22,hazmat,low,0.81,29.3,19.7,13.8,0,1,1.4,22.72
108.22,1.53,0.59,0.87,0.58,1.83,14.71,general,critical,0.95,28.6,40.7,24.3,1,0,1.0,18.7
201.31,2.41,0.34,0.54,0.13,11.36,14.39,luxury,high,0.85,32.8,25.6,17.6,1,1,1.0,59.35
61.65,2.41,0.08,0.63,0.74,3.72,10.2,perishable,high,0.9,34.2,5.8,3.3,0,0,1.2,20.26
143.65,1.94,0.2,0.13,0.36,4.47,6.89,general,critical,0.7,26.6,9.8,11.6,0,0,1.0,24.61
53.59,1.44,0.22,0.36,0.15,6.57,1.29,furniture,standard,0.8,28.3,14.6,8.3,1,0,1.0,6.37
70.61,1.81,0.18,0.82,0.33,3.88,7.54,general,standard,0.7,33.9,14.0,8.7,1,0,1.0,11.65
47.54,2.41,0.32,0.4,0.33,2.48,2.97,general,low,0.94,33.1,19.6,18.3,0,1,1.0,12.06
146.0,1.94,0.57,0.75,0.18,0.97,7.63,general,standard,0.96,26.3,31.0,24.3,0,0,1.0,21.28
141.14,1.61,0.13,0.13,0.38,3.44,6.55,hazmat,standard,0.9,26.4,8.6,5.2,0,0,1.4,19.19
19.69,1.63,0.32,0.6,0.29,0.18,6.96,general,standard,0.58,35.2,23.5,15.9,0,1,1.0,8.74
131.94,1.04,0.35,0.99,0.5,19.81,0.17,perishable,standard,0.84,24.2,26.0,19.4,1,0,1.2,15.16
46.92,2.24,0.06,0.74,0.22,3.58,5.42,furniture,low,0.68,31.7,4.5,2.1,0,0,1.0,16.6
275.13,1.87,0.2,0.73,0.55,8.5,3.37,perishable,critical,0.79,28.4,12.5,9.5,1,0,1.2,34.09
208.56,1.24,0.21,0.53,0.11,8.27,0.45,perishable,standard,0.66,29.6,11.8,11.6,1,0,1.2,15.08
189.85,1.3,0.33,0.35,0.38,11.43,3.89,perishable,standard,0.87,33.0,19.7,17.7,0,2,1.2,22.4
210.21,1.64,0.12,0.47,0.3,1.43,24.54,hazmat,standard,0.84,28.7,8.4,4.3,0,0,1.4,28.51
123.14,1.45,0.22,0.56,0.44,0.49,1.37,luxury,critical,0.84,34.2,12.1,10.2,1,0,1.0,6.75
203.86,1.84,0.15,0.74,0.2,0.48,8.53,furniture,high,0.93,36.1,10.4,7.0,0,0,1.0,20.69
83.69,2.15,0.24,0.25,0.37,1.07,2.5,perishable,standard,0.76,24.8,13.3,9.2,1,0,1.2,17.21
136.83,1.74,0.07,0.43,0.19,2.55,4.46,general,high,0.78,27.6,3.8,2.5,0,0,1.0,15.47
67.02,1.17,0.57,0.87,0.48,2.99,3.09,hazmat,standard,0.77,31.4,41.2,33.5,1,0,1.4,39.56
303.82,1.08,0.16,0.11,0.35,0.01,3.54,furniture,critical,0.96,37.0,9.1,9.1,1,2,1.0,7.85
28.24,2.27,0.37,0.84,0.58,2.3,3.54,perishable,critical,0.87,30.1,19.8,15.3,1,0,1.2,14.96
66.67,1.5,0.27,0.15,0.18,9.88,3.08,furniture,high,0.7,30.9,16.4,11.3,1,0,1.0,10.14
79.61,1.91,0.2,0.8,0.39,1.92,4.63,luxury,critical,0.8,28.0,13.5,9.9,0,0,1.0,13.02
272.35,2.31,0.0,0.99,0.28,3.89,5.85,general,standard,0.91,26.9,0.0,0.0,0,1,1.0,49.29
130.4,1.85,0.13,0.77,0.18,8.88,1.88,medicine,low,0.67,23.0,7.0,7.6,1,0,1.2,25.75
84.07,2.03,0.63,0.58,0.38,0.9,0.29,perishable,standard,0.74,33.4,40.6,32.3,0,0,1.2,25.19
187.58,1.77,0.22,0.22,0.01,3.59,1.01,perishable,high,0.84,23.9,12.7,11.6,0,2,1.2,25.31
266.51,1.09,0.42,0.15,0.35,0.47,0.79,general,critical,0.71,29.0,33.8,16.0,0,0,1.0,2.71
130.85,2.44,0.36,0.46,0.53,6.86,2.09,perishable,standard,0.61,28.1,26.7,18.6,0,0,1.2,44.26
52.26,1.71,0.65,0.47,0.54,5.51,5.27,general,high,0.67,33.5,43.9,29.0,1,0,1.0,18.23
62.07,1.26,0.35,0.31,0.3,1.44,6.21,medicine,critical,0.62,32.5,25.9,12.6,0,0,1.2,10.11
222.36,1.32,0.5,0.46,0.05,4.3,3.79,medicine,high,0.66,30.4,31.3,25.5,0,0,1.2,19.76
204.91,1.24,0.51,0.36,0.23,1.47,0.71,general,critical,0.98,33.9,27.2,19.8,0,0,1.0,9.28
93.68,1.47,0.67,0.15,0.17,1.94,9.24,perishable,low,0.85,25.3,38.8,35.7,0,0,1.2,22.64
118.22,1.29,0.64,0.5,0.53,6.07,6.06,medicine,standard,0.77,33.4,32.8,33.3,0,0,1.2,19.58
170.02,1.73,0.92,0.54,0.57,7.1,5.47,general,standard,0.91,33.9,64.1,46.9,1,0,1.0,39.91
198.81,1.4,0.12,0.73,0.28,0.85,3.86,luxury,high,0.8,30.9,6.4,5.7,0,0,1.0,6.53
180.26,1.45,0.78,0.6,0.89,7.5,1.07,hazmat,standard,0.77,33.3,60.9,28.9,0,2,1.4,36.14
204.58,1.7,0.72,0.91,0.55,1.27,5.69,medicine,standard,0.8,26.8,58.0,35.5,1,1,1.2,51.31
83.22,2.4,0.13,0.42,0.18,1.72,6.23,medicine,standard,0.87,35.1,8.8,7.0,1,0,1.2,21.86
237.73,1.54,0.38,0.3,0.3,9.7,0.55,perishable,low,0.7,32.9,25.5,16.8,0,1,1.2,31.33
275.65,1.09,0.03,0.16,0.17,5.6,1.73,perishable,high,0.69,30.2,2.1,1.7,0,0,1.2,4.82
163.7,1.48,0.6,0.45,0.64,9.35,0.76,perishable,standard,0.96,29.7,48.2,34.0,0,1,1.2,28.89
142.7,2.39,0.23,0.15,0.67,0.09,0.02,furniture,standard,0.8,28.4,15.5,9.4,1,0,1.0,20.11
36.37,2.23,0.28,0.53,0.38,10.08,0.48,medicine,standard,0.85,29.7,17.8,14.5,1,0,1.2,16.99
109.43,2.25,0.45,0.9,0.58,7.86,0.29,general,critical,0.75,28.1,23.7,17.1,1,1,1.0,15.35
223.07,2.0,0.04,0.58,0.22,1.41,1.61,hazmat,high,0.74,30.8,2.0,1.6,0,0,1.4,27.73
163.37,1.38,0.51,0.69,0.26,16.73,1.54,general,high,0.98,27.2,34.2,23.5,1,0,1.0,25.38
216.43,1.78,0.73,0.89,0.44,3.41,2.15,general,low,0.81,30.0,40.3,32.9,0,0,1.0,34.75
111.05,1.47,0.21,0.22,0.36,0.85,3.0,general,standard,0.9,30.7,15.0,9.8,0,1,1.0,15.18
233.27,2.64,0.76,0.6,0.31,22.75,0.2,hazmat,high,0.82,27.9,43.4,31.8,0,0,1.4,84.37
105.25,2.73,0.08,0.42,0.34,8.04,3.17,medicine,low,0.84,31.0,6.2,3.3,1,0,1.2,38.87
233.87,3.04,0.58,0.63,0.51,2.54,5.68,luxury,high,0.84,33.7,43.7,25.1,0,0,1.0,64.61
188.36,1.73,0.63,0.22,0.11,4.76,4.11,general,standard,0.65,32.7,46.4,35.6,0,1,1.0,19.16
123.56,1.9,0.26,0.42,0.69,20.65,0.21,general,high,0.83,29.6,15.4,13.2,0,0,1.0,20.14
19.92,2.53,0.08,0.73,0.36,3.65,4.43,perishable,standard,0.83,28.2,6.1,4.4,1,0,1.2,11.14
242.05,1.08,0.38,0.61,0.54,5.04,1.03,general,standard,0.72,30.1,29.8,21.9,0,1,1.0,7.18
166.7,1.87,0.36,0.77,0.34,2.75,0.91,general,standard,0.87,29.4,24.2,17.8,1,1,1.0,29.35
131.11,2.81,0.16,0.5,0.18,13.66,0.35,perishable,low,0.76,30.8,8.7,9.0,0,0,1.2,57.42
148.31,1.66,0.18,0.25,0.39,11.78,5.42,general,low,0.8,33.9,11.5,8.2,1,0,1.0,23.43
39.91,1.37,0.51,0.31,0.23,16.86,5.41,perishable,standard,0.62,30.9,35.0,27.4,0,0,1.2,16.81
75.03,1.4,0.15,0.79,0.55,1.33,2.3,perishable,standard,0.87,31.6,9.1,5.6,1,1,1.2,12.66
239.33,1.37,0.45,0.42,0.26,3.17,0.44,perishable,high,0.83,24.3,24.8,26.3,0,1,1.2,22.54
255.62,2.57,0.2,0.47,0.59,5.46,1.55,medicine,high,0.71,31.2,13.2,10.1,0,1,1.2,71.39
62.61,1.23,0.16,0.85,0.41,7.85,0.33,general,standard,0.79,28.7,10.4,9.4,0,1,1.0,9.87
165.52,1.53,0.15,0.3,0.48,15.56,10.23,general,standard,0.68,34.5,8.6,7.0,0,0,1.0,21.74
152.33,2.07,0.76,0.83,0.31,2.42,10.91,perishable,low,0.87,29.4,58.1,26.8,1,2,1.2,56.65
204.29,1.13,0.6,0.21,0.17,1.35,6.58,luxury,high,0.79,34.3,43.4,27.5,0,0,1.0,8.53
109.23,1.53,0.15,0.23,0.31,4.91,0.55,general,standard,0.82,29.4,8.6,5.4,0,0,1.0,5.42
204.79,2.56,0.22,0.42,0.22,30.0,0.71,perishable,low,0.96,35.0,10.9,13.0,1,0,1.2,47.04
214.9,1.21,0.25,0.84,0.23,0.94,4.72,medicine,standard,0.77,31.1,14.6,12.8,0,0,1.2,12.06
172.01,1.35,0.51,0.75,0.68,0.67,2.4,perishable,high,0.83,27.9,30.3,19.2,0,1,1.2,17.69
224.33,1.7,0.26,0.79,0.49,15.04,0.78,perishable,standard,0.73,32.7,14.8,13.0,0,1,1.2,34.36
86.61,1.77,0.71,0.27,0.18,1.17,1.17,furniture,critical,0.83,36.7,52.4,27.8,0,0,1.0,10.99
219.01,1.5,0.63,0.98,0.12,3.26,3.11,furniture,high,0.86,26.5,47.1,28.4,0,0,1.0,21.13
55.98,2.03,0.15,0.19,0.33,4.1,1.82,medicine,high,0.77,28.8,7.8,6.8,0,0,1.2,19.18
218.02,2.23,0.27,0.2,0.34,9.86,2.92,perishable,critical,0.8,31.4,13.9,11.5,1,0,1.2,43.4
214.71,2.39,0.69,0.42,0.39,5.81,7.25,medicine,standard,0.89,30.1,52.6,28.9,0,1,1.2,66.64
169.08,1.62,0.65,0.58,0.56,3.38,0.0,hazmat,critical,0.75,24.9,36.3,29.0,1,0,1.4,53.54
119.72,1.86,0.39,0.78,0.29,6.14,0.26,general,standard,0.9,33.2,27.1,17.2,1,1,1.0,27.84
100.97,2.06,0.81,0.69,0.1,6.16,0.04,general,critical,0.77,33.3,43.0,29.0,0,1,1.0,18.34
191.45,1.64,0.26,0.9,0.37,5.21,2.67,general,high,0.81,28.5,20.9,15.4,0,0,1.0,20.61
40.88,1.9,0.1,0.64,0.05,11.01,6.59,furniture,low,0.78,29.2,7.1,3.7,1,0,1.0,10.11
89.16,1.65,0.42,0.17,0.12,0.87,1.02,furniture,critical,0.63,31.4,26.7,15.3,0,1,1.0,15.89
194.96,1.76,0.12,0.52,0.4,1.86,1.0,furniture,high,0.8,25.2,6.5,5.1,0,0,1.0,24.7
94.06,1.57,0.63,0.79,0.51,1.81,1.66,furniture,standard,0.97,28.7,39.7,37.5,0,0,1.0,14.59
121.82,2.23,0.33,0.53,0.14,16.82,0.6,perishable,low,0.83,30.8,18.1,11.9,0,0,1.2,33.98
171.83,1.69,0.54,0.21,0.18,1.83,0.12,perishable,standard,0.78,30.3,28.9,21.2,0,0,1.2,21.44
144.42,1.47,0.51,0.73,0.1,0.95,3.82,general,critical,0.82,29.4,32.0,18.3,1,0,1.0,23.42
59.93,3.16,0.29,0.76,0.3,2.64,12.5,hazmat,high,0.66,36.4,19.1,13.3,1,2,1.4,42.97
118.04,1.36,0.58,0.79,0.23,3.26,9.15,luxury,critical,0.66,30.3,42.8,21.4,1,0,1.0,15.37
156.84,1.61,0.46,0.41,0.39,11.03,0.09,luxury,low,0.96,29.8,29.8,26.4,0,0,1.0,23.98
225.51,1.22,0.07,0.72,0.34,6.58,3.3,perishable,standard,0.85,27.6,5.5,2.6,0,0,1.2,10.63
278.63,2.18,0.25,0.76,0.55,3.96,1.0,furniture,standard,0.94,25.0,16.1,12.2,0,1,1.0,43.39
186.62,1.55,0.07,0.45,0.29,3.52,0.19,general,high,0.91,28.2,4.8,3.5,1,0,1.0,17.28
22.15,1.59,0.67,0.47,0.29,0.26,6.98,general,standard,0.83,26.4,50.8,35.0,0,0,1.0,11.83
294.16,2.08,0.41,0.54,0.3,0.68,3.6,medicine,standard,0.79,30.7,28.9,15.7,1,0,1.2,69.83
187.48,1.11,0.13,0.65,0.35,0.38,5.29,medicine,critical,0.58,27.1,8.5,6.8,0,0,1.2,6.21
125.54,1.18,0.07,0.37,0.35,18.02,1.49,medicine,high,0.88,26.7,4.2,3.3,0,1,1.2,12.27
132.19,2.55,0.54,0.25,0.75,11.29,9.3,general,standard,0.73,25.3,29.3,19.8,0,0,1.0,36.22
183.71,2.49,0.69,0.32,0.5,3.56,3.44,medicine,low,0.73,30.8,39.2,34.0,0,2,1.2,78.35
75.46,1.95,0.3,0.58,0.2,0.6,4.63,medicine,standard,0.79,28.7,15.2,14.8,1,1,1.2,16.61
70.33,1.99,0.03,0.77,0.11,28.31,3.21,furniture,standard,0.73,27.1,2.3,1.1,0,0,1.0,19.04
143.82,1.33,0.6,0.89,0.25,1.45,10.04,perishable,standard,0.91,32.4,38.8,33.5,1,0,1.2,30.83
291.25,1.52,0.42,0.91,0.2,5.59,1.91,general,standard,0.8,27.4,28.7,16.4,0,1,1.0,28.27
182.76,1.63,0.35,0.62,0.33,0.86,8.98,general,standard,0.96,26.2,25.8,18.8,0,1,1.0,20.64
68.44,1.72,0.63,0.88,0.15,9.36,3.7,furniture,high,0.8,26.3,36.7,29.2,0,0,1.0,23.71
14.21,1.61,0.73,0.34,0.31,2.81,7.7,perishable,high,0.74,31.0,48.9,25.7,0,0,1.2,9.76
67.16,1.89,0.47,0.5,0.19,10.45,5.11,luxury,standard,0.74,31.3,35.3,26.8,0,1,1.0,30.12
161.36,2.64,0.0,0.3,0.2,3.7,2.32,furniture,standard,0.91,29.8,0.0,0.0,1,0,1.0,30.64
104.74,1.16,0.52,0.22,0.21,1.35,0.43,perishable,standard,0.66,29.9,25.9,31.2,0,0,1.2,6.43
220.36,1.67,0.36,0.7,0.28,0.92,1.96,hazmat,critical,0.86,25.9,18.9,13.7,1,0,1.4,26.44
76.7,1.83,0.12,0.31,0.74,0.54,12.28,furniture,standard,0.7,32.2,9.5,6.2,0,0,1.0,18.29
133.66,1.19,0.24,0.61,0.59,1.25,6.23,perishable,low,0.8,27.3,16.1,8.8,0,2,1.2,21.72
255.17,1.35,0.06,0.16,0.41,6.67,0.31,perishable,standard,0.78,32.6,3.3,2.3,0,0,1.2,15.53
76.59,2.31,0.38,0.25,0.39,0.42,0.18,general,standard,0.9,29.1,23.3,18.6,0,3,1.0,29.27
103.2,1.8,0.47,0.38,0.13,1.09,0.3,hazmat,standard,0.77,30.8,36.6,17.6,0,0,1.4,24.14
120.65,1.52,0.16,0.46,0.56,0.83,0.23,furniture,high,0.77,26.2,10.3,8.2,0,0,1.0,11.33
147.08,1.28,0.33,0.33,0.52,1.79,12.81,luxury,high,0.87,24.3,16.9,16.0,0,1,1.0,10.23
141.04,2.33,0.46,0.75,0.55,4.17,5.58,general,low,0.87,32.5,23.2,16.4,0,1,1.0,38.22
35.73,1.5,0.47,0.16,0.05,0.61,12.09,luxury,high,0.91,26.5,27.3,25.8,0,0,1.0,10.66
69.27,1.22,0.3,0.6,0.19,2.44,0.77,medicine,high,0.69,30.0,21.4,14.2,1,1,1.2,11.7
109.11,1.25,0.28,0.12,0.34,8.32,2.8,medicine,critical,0.75,26.3,19.7,15.1,1,1,1.2,12.87
107.39,1.56,0.4,0.91,0.14,0.19,3.8,perishable,standard,0.9,36.9,28.2,23.0,1,0,1.2,27.99
227.29,1.27,0.5,0.67,0.66,2.1,13.69,furniture,high,0.79,25.9,35.8,24.8,0,2,1.0,22.64
261.07,1.98,0.26,0.72,0.16,0.41,2.75,hazmat,high,0.59,32.1,19.6,10.9,0,1,1.4,36.38
225.98,1.26,0.59,0.73,0.29,6.3,0.67,furniture,low,0.78,34.0,32.1,31.1,0,1,1.0,23.35
67.44,2.23,0.52,0.58,0.66,17.76,5.78,furniture,standard,0.79,33.8,39.1,29.6,0,1,1.0,25.44
261.57,2.52,0.08,0.2,0.39,0.3,0.3,medicine,low,0.76,28.4,5.1,4.1,1,0,1.2,82.42
168.44,1.61,0.05,0.48,0.33,4.04,1.0,medicine,standard,0.65,34.9,4.0,2.9,0,0,1.2,12.82
124.45,1.02,0.12,0.77,0.24,0.88,8.71,perishable,low,0.95,26.2,8.3,7.1,1,1,1.2,7.95
127.54,1.87,0.42,0.98,0.59,12.95,12.57,general,standard,0.84,34.2,32.5,22.4,0,0,1.0,18.04
210.11,2.13,0.17,0.38,0.06,0.03,14.7,general,high,0.93,27.7,11.0,8.0,0,0,1.0,32.43
236.77,2.22,0.06,0.67,0.15,2.37,0.92,general,standard,0.74,36.4,4.6,2.1,1,0,1.0,38.66
197.09,2.51,0.14,0.98,0.42,6.42,3.11,perishable,standard,0.83,29.5,8.1,7.8,0,1,1.2,59.99
19.9,2.38,0.15,0.62,0.04,5.44,2.35,luxury,standard,0.9,31.2,10.3,6.9,0,0,1.0,8.29
257.72,1.56,0.58,0.82,0.2,2.85,4.74,perishable,standard,0.75,28.2,40.9,29.8,1,1,1.2,51.53
39.33,1.52,0.7,0.63,0.44,3.62,2.66,furniture,standard,0.65,29.8,40.4,34.4,0,0,1.0,16.65
172.94,1.17,0.42,0.49,0.64,0.8,3.44,luxury,standard,0.71,33.0,23.1,23.3,1,0,1.0,14.9
206.17,2.23,0.6,0.71,0.45,0.87,3.18,medicine,low,0.77,29.8,29.7,24.4,0,0,1.2,54.73
202.16,2.32,0.63,0.88,0.73,7.59,0.82,perishable,critical,0.94,32.8,34.9,26.2,0,2,1.2,39.85
51.27,2.08,0.2,0.8,0.24,2.97,7.64,furniture,standard,0.92,32.8,14.2,10.7,1,2,1.0,14.74
223.58,1.19,0.55,0.89,0.26,2.58,0.33,general,standard,0.89,28.2,32.2,23.1,0,2,1.0,15.49
151.71,2.63,0.67,0.96,0.11,0.61,0.92,medicine,critical,0.65,30.5,46.0,24.3,1,0,1.2,62.04
119.55,2.65,0.12,0.77,0.43,6.95,2.03,furniture,high,0.85,32.0,6.9,7.1,0,0,1.0,26.7
88.05,1.65,0.2,0.85,0.22,3.75,0.83,hazmat,standard,0.61,30.8,10.6,8.6,1,0,1.4,23.33
190.68,1.66,0.03,0.34,0.15,4.89,1.57,furniture,high,0.81,32.7,2.1,1.7,1,1,1.0,21.78
218.6,2.36,0.47,0.24,0.11,1.81,13.1,medicine,critical,0.64,32.1,37.6,20.3,0,0,1.2,57.73
67.26,2.08,0.5,0.45,0.22,1.01,0.16,perishable,low,0.75,32.9,32.0,17.8,0,1,1.2,32.51
162.1,1.83,0.35,0.38,0.27,5.21,5.72,medicine,standard,0.84,27.9,27.7,12.4,1,0,1.2,46.13
215.73,1.22,0.42,0.47,0.5,3.9,0.95,medicine,standard,0.97,25.4,23.6,23.7,0,0,1.2,17.76
48.86,1.28,0.27,0.23,0.41,0.22,1.31,furniture,low,0.78,26.7,13.3,14.9,0,0,1.0,6.6
207.67,2.45,0.43,0.48,0.05,0.26,4.98,furniture,standard,0.9,29.6,32.5,23.8,0,1,1.0,43.81
230.81,1.8,0.88,0.84,0.37,17.69,0.17,perishable,standard,0.66,26.4,70.2,52.1,0,0,1.2,42.82
112.5,1.56,0.13,0.15,0.5,1.94,1.05,medicine,low,0.98,30.9,7.5,5.8,0,0,1.2,16.72
275.22,1.33,0.06,0.33,0.09,14.39,0.51,medicine,high,0.81,33.6,4.4,2.5,1,0,1.2,20.26
222.24,1.08,0.7,0.46,0.71,4.23,3.25,perishable,standard,0.9,29.4,44.8,26.1,0,0,1.2,14.26
98.3,2.03,0.53,0.62,0.57,1.02,7.44,furniture,standard,0.83,29.0,29.7,30.7,1,0,1.0,31.71
76.39,1.23,0.16,0.49,0.35,2.86,5.74,general,high,0.62,30.2,8.7,9.5,1,1,1.0,12.56
68.1,1.53,0.14,0.13,0.83,6.87,1.43,general,critical,0.81,25.4,7.0,5.4,1,0,1.0,9.03
227.08,1.58,0.19,0.67,0.26,14.88,8.56,perishable,low,0.76,27.3,13.5,8.1,1,0,1.2,35.64
244.23,1.79,0.11,0.74,0.24,17.01,2.51,medicine,critical,0.66,31.8,6.4,4.2,0,1,1.2,25.15
131.1,1.45,0.41,0.2,0.47,1.57,10.07,luxury,standard,0.63,35.0,20.3,14.9,1,0,1.0,11.39
88.32,1.08,0.02,0.11,0.34,1.12,0.33,general,low,0.66,25.9,1.1,1.0,0,0,1.0,3.46
157.81,2.61,0.15,0.6,0.26,4.56,7.38,furniture,standard,0.92,30.2,8.2,7.2,1,0,1.0,23.79
216.14,2.27,0.25,0.88,0.16,0.44,1.63,general,low,0.9,23.9,12.5,14.3,1,0,1.0,34.22
187.43,1.2,0.04,0.77,0.2,5.79,3.98,medicine,standard,0.78,34.1,2.4,2.3,0,0,1.2,8.92
320.03,1.67,0.11,0.55,0.63,4.46,4.79,general,standard,0.89,34.2,6.2,5.4,0,0,1.0,26.45
206.27,1.1,0.27,0.42,0.47,1.81,0.89,medicine,critical,0.71,29.4,14.2,14.1,0,0,1.2,10.0
45.04,2.06,0.31,0.12,0.33,1.19,2.58,luxury,standard,0.93,30.3,21.1,17.4,0,0,1.0,9.48
160.82,1.26,0.23,0.81,0.45,28.85,2.57,perishable,standard,0.95,33.3,17.8,9.3,1,2,1.2,16.14
205.18,2.16,0.46,0.3,0.5,2.58,3.16,furniture,standard,0.84,32.8,33.5,22.6,0,0,1.0,37.16
111.89,2.47,0.3,0.99,0.22,5.05,4.47,general,standard,0.86,32.6,16.6,14.0,0,1,1.0,23.48
154.01,2.7,0.68,0.16,0.36,6.62,2.43,furniture,standard,0.75,37.2,43.5,28.3,0,1,1.0,41.33
28.91,1.55,0.25,0.9,0.57,12.41,0.01,perishable,standard,0.72,30.6,13.1,9.9,0,0,1.2,7.75
115.82,2.51,0.03,0.32,0.15,6.25,1.46,perishable,high,0.77,30.8,2.2,1.1,0,1,1.2,25.82
91.34,2.97,0.16,0.91,0.61,10.8,18.64,hazmat,high,0.76,29.6,9.3,6.6,0,2,1.4,49.83
98.87,1.35,0.1,0.49,0.47,1.89,1.77,hazmat,high,0.92,26.8,7.4,4.4,1,0,1.4,8.99
146.13,1.26,0.55,0.31,0.39,0.36,4.93,perishable,standard,0.85,25.0,31.7,31.2,0,1,1.2,21.84
190.95,1.85,0.65,0.2,0.17,3.03,6.43,luxury,standard,0.91,24.3,49.9,29.2,0,0,1.0,34.25
33.58,1.2,0.13,0.21,0.38,8.51,2.9,perishable,low,0.64,34.6,9.0,5.3,0,0,1.2,7.65
292.33,2.4,0.29,0.95,0.33,3.99,0.44,hazmat,standard,0.82,33.1,21.2,13.3,0,1,1.4,88.09
210.7,1.36,0.12,0.36,0.5,4.73,11.38,luxury,high,0.73,32.8,8.8,5.1,0,1,1.0,20.65
263.58,2.37,0.35,0.97,0.11,3.71,1.66,perishable,high,0.54,33.5,21.6,16.2,0,3,1.2,59.98
91.44,2.29,0.59,0.85,0.33,0.14,3.46,hazmat,critical,0.71,29.3,30.1,30.7,1,1,1.4,48.88
229.28,1.5,0.12,0.77,0.08,2.13,0.94,medicine,high,0.98,28.6,6.0,5.7,1,0,1.2,18.64
190.51,2.13,0.22,0.75,0.14,5.08,12.14,general,high,0.78,29.8,11.0,8.9,0,0,1.0,30.71
124.51,2.23,0.05,0.9,0.2,2.09,3.64,perishable,low,0.7,24.5,2.7,2.1,0,2,1.2,39.42
98.92,2.25,0.37,0.3,0.43,21.32,2.42,perishable,standard,0.67,26.7,28.0,20.2,0,1,1.2,37.97
73.02,1.21,0.05,0.91,0.42,0.71,3.47,perishable,critical,0.65,29.9,4.0,2.4,0,1,1.2,7.3
185.62,2.24,0.19,0.5,0.58,6.58,7.47,medicine,critical,0.69,31.0,14.4,8.3,1,0,1.2,38.62
112.73,2.75,0.53,0.78,0.1,10.66,0.75,general,low,0.94,31.0,28.4,21.5,0,1,1.0,28.01
311.34,2.06,0.63,0.81,0.24,5.27,5.62,hazmat,low,0.62,29.1,33.5,32.5,0,1,1.4,85.93
156.04,1.38,0.56,0.85,0.33,1.66,0.17,perishable,high,0.74,29.6,40.2,23.4,1,0,1.2,27.09
23.25,1.76,0.7,0.5,0.12,0.32,2.64,general,critical,0.89,31.2,35.8,32.4,0,1,1.0,12.03
128.52,1.16,0.23,0.33,0.15,7.69,4.59,medicine,critical,0.7,31.5,15.2,9.3,1,1,1.2,11.59
110.84,1.21,0.75,0.88,0.27,0.85,2.62,medicine,low,0.89,28.1,39.9,39.5,0,2,1.2,27.5
118.81,1.44,0.23,0.16,0.47,5.66,6.51,general,high,0.77,33.5,17.8,11.0,0,0,1.0,15.45
283.71,2.06,0.5,0.62,0.05,3.39,8.12,general,low,0.74,27.8,40.1,22.8,1,0,1.0,63.36
193.39,1.47,0.27,0.79,0.14,10.19,7.91,perishable,standard,0.96,34.1,21.1,14.2,0,0,1.2,27.59
163.72,2.0,0.44,0.89,0.67,2.98,1.84,general,critical,0.76,24.2,22.8,15.9,0,1,1.0,31.11
154.18,2.08,0.19,0.21,0.29,2.29,4.83,medicine,critical,0.76,25.5,12.5,6.8,0,0,1.2,24.88
100.68,2.27,0.46,0.52,0.66,2.82,0.08,medicine,low,0.83,27.5,26.4,19.4,1,0,1.2,40.4
208.15,1.24,0.31,0.72,0.13,1.29,0.35,perishable,low,0.84,28.8,18.7,14.1,1,2,1.2,24.39
100.83,1.33,0.48,0.92,0.22,30.0,2.7,general,standard,0.92,29.0,26.8,27.4,1,1,1.0,30.1
223.44,1.17,0.08,0.67,0.34,5.26,1.92,hazmat,standard,0.95,36.6,4.5,3.0,0,1,1.4,17.91
71.74,2.26,0.35,0.31,0.24,0.19,0.65,general,standard,0.84,35.9,18.3,20.3,1,0,1.0,15.59
168.99,2.38,0.12,0.22,0.16,2.05,1.24,perishable,low,0.95,33.5,7.6,7.2,0,0,1.2,42.25
73.36,2.43,0.41,0.47,0.17,2.08,3.39,medicine,standard,0.67,27.1,27.7,15.4,0,0,1.2,26.68
206.25,1.77,0.43,0.25,0.58,1.76,0.32,hazmat,standard,0.86,34.7,27.4,23.5,0,2,1.4,43.55
256.1,1.82,0.26,0.73,0.45,4.07,6.66,medicine,standard,0.98,28.0,15.6,9.4,0,0,1.2,35.04
143.19,2.11,0.39,0.57,0.34,2.55,2.3,luxury,standard,0.76,27.3,28.6,15.4,1,2,1.0,33.85
174.42,1.99,0.14,0.32,0.49,12.39,4.5,hazmat,standard,0.7,26.3,10.9,6.5,0,0,1.4,52.46
253.22,2.32,0.85,0.66,0.3,1.65,7.94,perishable,high,0.91,35.8,58.9,34.3,1,2,1.2,76.07
208.33,1.8,0.25,0.19,0.28,8.25,0.95,luxury,high,0.88,34.1,13.8,13.4,1,0,1.0,21.17
87.99,1.93,0.56,0.67,0.21,7.12,4.35,hazmat,standard,0.89,29.5,31.5,28.1,0,0,1.4,30.0
122.95,1.15,0.27,0.7,0.2,10.97,0.75,medicine,high,0.83,29.9,16.2,10.5,1,0,1.2,13.16
255.84,2.63,0.38,0.12,0.28,2.5,0.54,hazmat,standard,0.87,30.6,20.4,20.1,0,0,1.4,78.57
124.52,2.86,0.13,0.7,0.34,0.68,1.19,perishable,standard,0.83,25.1,10.3,6.7,1,2,1.2,48.05
180.23,2.06,0.49,0.39,0.15,9.89,0.36,general,standard,0.69,24.0,28.5,20.5,1,0,1.0,42.3
118.28,1.55,0.65,0.14,0.29,2.43,3.1,perishable,high,0.71,31.2,36.6,30.4,1,1,1.2,27.38
143.68,1.63,0.35,0.48,0.53,2.25,7.1,furniture,standard,0.77,30.1,25.1,16.6,0,1,1.0,17.78
269.95,1.34,0.17,0.42,0.17,0.52,1.07,general,low,0.68,32.7,13.4,7.9,1,1,1.0,13.31
98.69,1.95,0.34,0.73,0.37,8.73,8.07,hazmat,high,0.87,34.0,24.0,17.0,0,2,1.4,37.29
144.95,2.77,0.76,0.72,0.4,7.64,0.52,general,critical,0.91,27.1,43.2,35.1,0,2,1.0,31.29
124.69,1.57,0.07,0.49,0.47,0.12,0.29,general,standard,0.74,26.1,3.7,2.9,1,0,1.0,16.89
242.85,1.42,0.19,0.69,0.48,6.66,1.08,medicine,standard,0.99,24.6,13.9,6.8,0,1,1.2,19.15
120.52,1.95,0.25,0.87,0.34,1.14,12.7,medicine,high,0.81,30.3,15.8,11.6,0,0,1.2,31.4
260.71,1.23,0.07,0.15,0.2,8.9,3.41,general,low,0.98,31.8,4.6,3.0,0,0,1.0,12.99
249.04,1.25,0.52,0.23,0.07,0.13,3.64,general,standard,0.71,36.7,26.2,20.9,0,0,1.0,10.47
63.06,1.42,0.23,0.52,0.28,1.81,6.96,medicine,high,0.65,29.0,14.9,12.0,1,0,1.2,11.26
109.2,2.23,0.52,0.86,0.14,0.56,3.73,general,low,0.8,32.6,38.0,29.0,0,0,1.0,33.1
111.05,1.83,0.2,0.56,0.03,5.7,3.63,hazmat,standard,0.72,26.9,11.4,9.9,1,0,1.4,27.86
142.38,1.27,0.15,0.26,0.39,5.89,0.1,medicine,critical,0.8,31.6,9.1,7.0,0,1,1.2,8.03
91.86,2.42,0.07,0.95,0.34,6.97,5.82,furniture,high,0.82,28.7,3.5,3.4,1,0,1.0,20.75
60.99,2.58,0.2,0.3,0.33,3.88,1.86,hazmat,high,0.88,25.6,10.8,9.1,1,1,1.4,33.94
244.3,1.96,0.41,0.85,0.31,3.27,3.87,luxury,high,0.77,31.7,29.0,20.0,1,1,1.0,54.13
133.86,2.26,0.42,1.0,0.32,17.99,3.48,medicine,high,0.7,32.6,21.2,23.8,1,1,1.2,40.91
252.12,1.3,0.6,0.65,0.1,3.95,10.0,medicine,high,0.92,30.2,34.8,23.8,1,2,1.2,43.88
62.03,1.64,0.88,0.27,0.37,9.39,5.09,general,standard,0.76,26.7,65.0,44.4,0,0,1.0,14.16
245.77,2.84,0.4,0.55,0.13,2.07,0.18,general,low,0.9,29.2,32.1,21.4,1,0,1.0,94.23
157.67,1.58,0.24,0.71,0.37,4.0,3.41,hazmat,low,0.86,34.2,18.4,13.5,1,1,1.4,40.29
95.33,1.4,0.22,0.22,0.35,0.61,0.3,perishable,high,0.85,32.4,12.8,9.1,0,0,1.2,5.81
198.74,1.09,0.51,0.98,0.48,3.59,1.76,medicine,standard,0.72,30.0,33.3,28.4,1,0,1.2,18.11
101.08,1.86,0.24,0.96,0.25,17.69,3.35,luxury,critical,0.69,31.3,15.8,13.0,0,1,1.0,17.71
256.54,1.56,0.62,0.56,0.31,1.88,2.09,perishable,high,0.7,33.3,37.3,25.7,0,0,1.2,31.31
176.85,1.57,0.4,0.83,0.27,0.02,1.24,hazmat,high,0.63,34.1,31.8,21.6,0,1,1.4,31.8
109.72,1.38,0.3,0.99,0.14,10.29,0.53,perishable,standard,0.64,26.9,16.4,15.5,0,1,1.2,19.87
123.55,1.87,0.06,0.7,0.4,3.11,0.02,general,standard,0.71,29.0,4.0,2.9,1,0,1.0,18.63
173.18,1.91,0.31,0.63,0.3,0.35,3.18,medicine,standard,0.86,31.3,22.9,13.8,1,2,1.2,30.82
124.4,1.16,0.34,0.65,0.17,5.3,8.19,general,low,0.77,32.3,18.1,12.8,0,0,1.0,9.33
250.26,2.24,0.17,0.58,0.53,7.66,1.02,furniture,low,0.85,31.1,10.2,6.0,0,0,1.0,59.38
223.74,3.17,0.49,0.91,0.1,3.65,0.26,luxury,high,0.82,32.4,35.3,19.2,0,1,1.0,71.69
271.99,2.87,0.3,0.22,0.49,0.68,0.18,furniture,high,0.79,32.8,21.5,17.7,1,0,1.0,56.69
142.04,1.22,0.48,0.53,0.49,14.48,3.86,medicine,standard,0.66,30.1,24.3,21.7,0,2,1.2,21.73
171.61,1.81,0.09,0.11,0.21,1.59,2.5,general,low,0.89,31.5,7.1,4.7,1,1,1.0,19.71
19.62,1.87,0.31,0.9,0.14,5.89,0.98,medicine,standard,0.85,30.6,24.8,15.7,0,0,1.2,14.16
63.36,1.43,0.49,0.38,0.34,6.94,0.76,furniture,standard,0.8,26.7,27.0,27.2,1,0,1.0,21.71
165.2,1.57,0.29,0.53,0.31,3.1,4.28,furniture,high,0.89,32.1,17.9,17.0,0,1,1.0,17.17
195.34,2.02,0.18,0.67,0.06,9.13,4.52,furniture,standard,0.73,31.2,14.3,8.3,0,0,1.0,28.86
122.81,2.3,0.28,0.21,0.32,3.54,8.13,medicine,standard,0.64,34.5,18.1,16.7,1,0,1.2,39.89
155.16,1.18,0.14,0.78,0.71,1.26,0.01,general,standard,0.79,32.7,7.6,8.2,0,0,1.0,2.99
101.78,1.24,0.19,0.56,0.21,6.07,4.95,perishable,high,0.79,25.1,14.1,8.8,1,0,1.2,9.96
122.74,2.52,0.06,0.16,0.33,3.59,9.32,hazmat,high,0.76,28.1,3.5,3.4,0,0,1.4,34.42
67.21,1.26,0.2,0.24,0.08,6.64,6.59,hazmat,standard,0.78,33.1,15.5,7.3,0,1,1.4,18.56
261.66,1.24,0.27,0.63,0.46,3.4,6.98,general,critical,0.71,32.4,20.9,9.8,0,0,1.0,6.55
175.92,1.42,0.09,0.49,0.33,10.65,2.41,perishable,high,0.79,25.1,6.5,4.9,0,0,1.2,10.59
146.0,1.71,0.05,0.92,0.22,26.33,0.17,general,standard,0.89,29.9,3.5,1.8,1,1,1.0,22.85
66.92,1.97,0.17,0.7,0.16,5.23,1.22,general,high,0.91,25.3,10.1,6.2,0,1,1.0,13.02
133.64,1.68,0.43,0.64,0.48,7.92,0.16,perishable,low,0.67,35.0,33.0,18.9,0,0,1.2,27.69
58.01,1.66,0.2,0.75,0.1,0.25,3.21,perishable,high,0.63,28.8,15.9,8.9,0,0,1.2,10.24
184.15,1.26,0.62,0.56,0.16,0.88,4.48,general,high,0.73,28.7,47.2,24.4,0,2,1.0,12.37
176.99,1.05,0.77,0.53,0.26,0.49,14.99,furniture,high,0.78,25.9,43.6,43.9,1,1,1.0,24.2
129.22,1.79,0.35,0.98,0.34,4.35,4.73,general,low,0.87,26.3,22.9,16.8,1,0,1.0,23.63
91.44,1.93,0.14,0.91,0.48,1.47,8.86,furniture,low,0.76,32.1,10.7,5.9,0,1,1.0,22.86
333.94,1.12,0.04,0.26,0.37,2.49,0.37,perishable,high,0.86,25.4,2.8,1.9,0,0,1.2,6.91
91.98,1.69,0.27,0.28,0.62,2.99,7.08,luxury,standard,0.79,32.3,16.9,12.2,0,1,1.0,18.03
148.47,3.2,0.21,0.34,0.47,3.61,1.13,furniture,low,0.82,36.1,12.6,7.7,1,0,1.0,58.39
226.68,1.1,0.3,0.76,0.24,11.02,0.74,medicine,high,0.97,34.3,16.4,13.7,0,0,1.2,12.79
112.96,1.21,0.41,0.94,0.37,2.1,19.24,general,high,0.92,31.1,27.8,24.1,1,0,1.0,23.53
270.15,1.67,0.1,0.21,0.17,1.22,1.59,general,high,0.92,25.2,5.9,4.5,0,0,1.0,25.6
69.43,2.42,0.38,1.0,0.14,0.71,1.48,general,low,0.52,33.9,19.7,14.2,0,0,1.0,28.76
48.55,1.17,0.39,0.39,0.52,1.49,6.67,hazmat,high,0.81,30.1,25.0,19.5,0,0,1.4,14.15
177.45,1.65,0.56,0.41,0.48,5.39,3.6,furniture,standard,0.77,30.0,42.5,23.2,0,1,1.0,19.46
109.03,2.21,0.24,0.58,0.47,10.43,0.46,luxury,high,0.91,29.8,11.9,12.0,0,0,1.0,26.06
258.72,1.78,0.47,0.19,0.58,0.99,2.79,general,standard,0.79,33.3,36.9,18.4,0,0,1.0,27.68
62.32,1.1,0.42,0.93,0.48,14.97,7.71,medicine,high,0.67,33.1,21.7,19.8,1,0,1.2,10.26
137.9,1.37,0.33,0.12,0.48,0.42,3.52,general,standard,0.72,25.8,18.9,12.7,1,0,1.0,6.46
244.2,1.66,0.55,0.11,0.5,2.29,6.13,furniture,critical,0.95,31.2,42.2,26.4,0,0,1.0,21.2
83.83,2.32,0.5,0.97,0.48,3.05,0.09,hazmat,standard,0.8,31.8,32.6,23.3,0,0,1.4,37.17
165.19,2.17,0.19,0.46,0.6,0.31,5.62,furniture,standard,0.77,28.6,11.6,9.5,1,0,1.0,29.33
45.15,1.13,0.43,0.32,0.55,11.72,6.74,furniture,standard,0.69,33.1,27.7,16.8,0,0,1.0,6.88
66.2,2.21,0.13,0.35,0.35,1.81,1.29,general,high,0.76,30.0,10.0,7.8,0,1,1.0,14.46
169.15,2.33,0.51,0.54,0.3,4.98,2.42,general,critical,0.89,32.7,31.6,21.4,0,0,1.0,30.83
67.62,1.69,0.32,0.91,0.2,0.9,3.77,hazmat,high,0.92,31.8,19.0,18.7,1,0,1.4,9.41
160.95,1.09,0.45,0.77,0.26,11.11,4.71,general,standard,0.81,28.2,24.8,17.8,1,0,1.0,11.81
75.81,1.38,0.11,0.26,0.13,9.52,2.59,perishable,low,0.77,26.9,8.0,3.9,0,2,1.2,17.35
234.77,1.8,0.91,0.41,0.17,0.78,13.46,perishable,standard,0.73,36.2,71.1,52.9,0,0,1.2,45.36
136.72,1.16,0.42,0.48,0.28,4.05,3.07,perishable,high,0.86,27.5,29.0,19.3,0,1,1.2,10.41
152.64,2.68,0.27,0.99,0.08,0.87,2.58,luxury,critical,0.81,30.1,19.4,9.9,1,0,1.0,27.28
161.11,1.15,0.31,0.8,0.45,12.13,4.62,general,high,0.7,30.9,23.6,15.0,1,0,1.0,11.3
103.88,1.96,0.61,0.54,0.12,3.34,3.89,furniture,high,0.71,33.4,34.5,22.4,0,0,1.0,18.95
206.62,1.92,0.36,0.32,0.53,0.59,24.46,hazmat,critical,0.81,30.6,28.1,17.2,1,0,1.4,62.56
255.35,2.6,0.77,0.24,0.55,2.81,0.2,perishable,high,0.76,27.8,51.7,41.0,1,1,1.2,102.82
102.9,1.1,0.22,0.25,0.21,1.91,0.37,perishable,standard,0.96,29.7,13.6,8.5,0,0,1.2,5.06
140.03,1.88,0.22,0.4,0.52,1.88,5.6,general,high,0.88,26.9,12.3,7.7,1,0,1.0,13.19
86.32,1.77,0.15,0.57,0.39,2.63,0.26,hazmat,standard,0.74,31.6,7.4,7.1,1,0,1.4,19.93
19.83,1.61,0.31,0.25,0.04,4.48,2.68,general,standard,0.92,26.8,23.8,16.3,1,1,1.0,14.04
105.67,1.36,0.79,0.76,0.24,5.98,11.85,hazmat,low,0.78,27.2,42.7,28.5,0,0,1.4,27.96
235.48,1.24,0.29,0.94,0.14,0.98,0.28,luxury,high,0.75,32.2,21.6,12.6,0,1,1.0,15.12
149.32,1.66,0.48,0.57,0.28,1.68,2.02,perishable,standard,0.84,28.4,23.7,17.8,1,0,1.2,23.08
43.26,1.53,0.53,0.43,0.07,1.32,1.91,furniture,low,0.95,32.0,38.4,25.8,1,0,1.0,18.29
184.84,1.88,0.07,0.73,0.28,19.87,6.93,furniture,standard,0.98,32.3,3.6,4.1,1,1,1.0,27.64
226.96,1.35,0.02,0.72,0.57,9.78,1.18,general,standard,0.83,25.2,1.3,1.1,0,1,1.0,14.71
96.69,1.53,0.24,0.83,0.37,6.71,8.93,hazmat,high,0.85,32.5,12.5,8.9,0,0,1.4,23.82
35.85,1.55,0.53,0.94,0.14,1.2,3.37,medicine,standard,0.7,30.4,39.5,25.4,0,1,1.2,16.66
108.47,1.28,0.32,0.41,0.21,3.25,22.22,general,standard,0.79,27.2,17.0,15.5,1,1,1.0,12.06
210.72,2.02,0.29,0.22,0.6,2.54,2.28,medicine,high,0.88,27.7,22.2,11.0,1,1,1.2,43.09
89.53,1.29,0.11,0.92,0.56,3.03,0.62,furniture,low,0.86,31.8,7.6,5.9,0,1,1.0,8.0
119.37,1.88,0.35,0.27,0.47,20.36,2.3,perishable,standard,0.82,33.7,17.3,14.7,0,0,1.2,27.25
175.35,1.18,0.53,0.42,0.29,6.34,5.09,general,standard,0.72,34.7,29.0,26.4,1,0,1.0,19.72
115.14,1.59,0.13,0.48,0.6,2.3,0.35,general,standard,0.81,29.1,9.7,6.2,0,0,1.0,11.41
135.45,1.6,0.5,0.87,0.32,0.42,1.65,general,high,0.86,25.6,38.5,23.2,0,0,1.0,11.49
209.92,1.24,0.39,0.63,0.23,1.8,13.12,general,critical,0.83,28.1,24.6,15.6,1,0,1.0,11.91
70.43,1.66,0.52,0.64,0.23,0.48,9.25,perishable,low,0.94,28.5,36.9,23.2,0,3,1.2,33.01
18.66,2.6,0.67,0.79,0.41,7.59,13.8,perishable,critical,0.56,33.3,48.2,38.0,1,1,1.2,40.48
110.07,2.13,0.27,1.0,0.56,0.66,9.87,furniture,standard,0.97,28.6,21.7,10.2,0,0,1.0,18.12
116.44,1.15,0.4,0.97,0.45,0.78,10.93,medicine,standard,0.8,32.3,30.5,21.5,1,1,1.2,33.89
184.99,2.85,0.61,0.22,0.39,1.95,4.21,luxury,high,0.79,33.1,45.9,28.0,1,0,1.0,67.95
163.21,1.51,0.68,0.99,0.15,5.78,0.36,furniture,standard,0.87,32.3,46.2,35.2,0,0,1.0,19.34
90.81,1.66,0.46,0.75,0.21,0.84,2.02,general,low,0.81,28.6,35.8,18.9,0,0,1.0,15.15
67.03,2.77,0.18,0.67,0.26,2.63,18.93,luxury,standard,0.85,32.1,11.3,7.3,0,1,1.0,38.07
182.87,1.28,0.31,0.46,0.27,1.16,2.13,general,standard,0.88,32.0,24.6,17.6,1,0,1.0,8.24
30.47,1.5,0.15,0.99,0.17,7.05,2.98,medicine,high,0.62,27.7,11.3,5.6,0,1,1.2,14.49
96.84,1.22,0.4,0.38,0.13,2.16,0.99,luxury,high,0.82,26.5,23.5,20.3,0,0,1.0,5.86
54.59,1.79,0.58,0.95,0.18,2.74,1.31,general,standard,0.89,28.1,36.2,21.6,0,0,1.0,12.51
83.77,2.54,0.05,0.42,0.69,6.54,5.02,medicine,standard,0.67,25.9,3.7,1.9,0,0,1.2,31.87
45.94,1.38,0.15,0.23,0.55,2.89,8.86,medicine,standard,0.64,28.5,9.6,7.5,0,0,1.2,7.91
57.37,1.12,0.25,0.67,0.23,2.67,0.91,general,low,0.84,33.8,19.1,10.3,0,1,1.0,7.59
68.61,1.76,0.35,0.89,0.11,0.59,5.49,medicine,high,0.81,34.9,26.4,16.8,1,0,1.2,34.65
204.53,2.83,0.87,0.95,0.48,1.94,0.21,perishable,high,0.8,28.8,64.7,47.5,1,0,1.2,80.4
100.68,1.38,0.74,0.84,0.11,8.59,1.33,furniture,low,0.76,31.9,42.1,40.2,1,1,1.0,21.53
92.91,2.0,0.19,0.46,0.23,4.39,1.65,perishable,low,0.76,29.3,14.7,6.7,0,0,1.2,21.55
101.06,2.0,0.91,0.8,0.16,1.57,0.82,hazmat,standard,0.63,29.4,62.1,49.5,1,0,1.4,64.53
213.15,1.35,0.26,0.12,0.75,10.56,0.93,perishable,high,0.77,29.8,20.1,11.3,0,1,1.2,20.22
65.48,1.42,0.1,0.27,0.16,10.44,1.64,general,high,0.65,29.7,7.0,5.8,0,0,1.0,6.03
199.27,1.92,0.41,0.62,0.21,3.08,3.3,medicine,high,0.83,30.2,30.5,15.6,0,0,1.2,29.52
204.28,1.51,0.1,0.36,0.6,4.32,1.12,perishable,standard,0.81,27.4,7.0,5.9,0,1,1.2,19.06
218.57,1.65,0.29,0.71,0.21,1.38,5.31,perishable,standard,0.81,28.9,16.8,15.4,0,2,1.2,31.67
57.49,1.9,0.32,0.72,0.21,6.99,6.35,furniture,high,0.81,26.8,23.3,17.1,0,1,1.0,17.94
45.94,2.11,0.6,0.65,0.06,0.86,3.71,furniture,high,0.98,26.7,31.9,24.1,0,2,1.0,20.89
107.65,1.65,0.36,0.74,0.52,6.63,2.62,furniture,high,0.73,30.3,21.3,19.6,1,0,1.0,11.21
180.99,2.7,0.18,0.38,0.11,0.45,3.91,perishable,standard,0.58,31.5,9.1,8.8,0,0,1.2,66.77
70.58,2.04,0.64,0.3,0.19,7.22,0.28,hazmat,low,0.72,28.0,48.6,25.8,1,0,1.4,66.39
31.1,1.57,0.64,0.11,0.56,1.14,3.15,perishable,critical,0.89,33.1,42.7,26.6,1,0,1.2,25.19
145.64,2.64,0.06,0.69,0.52,13.02,10.61,general,high,0.93,29.1,4.2,2.2,1,0,1.0,38.13
72.16,2.21,0.54,0.63,0.56,2.99,3.58,perishable,standard,0.66,33.1,38.0,32.2,0,0,1.2,34.44
191.37,1.2,0.12,0.4,0.28,4.79,3.58,medicine,standard,0.96,28.0,9.5,6.6,1,0,1.2,7.63
228.67,2.46,0.23,0.41,0.3,8.29,1.83,general,critical,0.69,32.2,11.6,9.3,1,0,1.0,40.79
76.51,1.14,0.02,0.29,0.5,0.23,9.71,perishable,high,0.84,27.4,1.1,0.8,1,1,1.2,10.48
92.83,2.1,0.35,0.41,0.27,7.19,0.77,perishable,high,0.88,34.9,21.4,17.2,1,0,1.2,26.03
107.68,1.23,0.3,0.37,0.2,1.54,0.9,hazmat,standard,0.89,33.4,22.4,17.0,0,0,1.4,12.88
180.29,1.21,0.21,0.97,0.4,1.18,2.69,medicine,low,0.93,29.5,11.7,10.8,1,0,1.2,11.63
105.59,2.11,0.4,0.55,0.19,7.44,4.65,furniture,standard,0.9,30.2,26.5,21.0,0,0,1.0,24.08
260.29,2.11,0.43,0.62,0.19,3.24,3.69,furniture,standard,0.85,25.8,25.9,20.9,0,1,1.0,47.75
75.13,1.3,0.19,0.12,0.13,11.1,5.09,perishable,standard,0.93,25.3,14.4,11.2,0,2,1.2,15.64
176.98,1.06,0.36,0.84,0.38,1.06,5.2,luxury,high,0.64,31.8,20.7,15.4,1,1,1.0,11.72
245.81,1.88,0.64,0.78,0.18,5.13,1.32,perishable,low,0.84,29.2,39.7,38.0,1,1,1.2,61.53
159.85,1.5,0.58,0.56,0.06,4.89,0.07,perishable,standard,0.91,28.1,30.4,20.7,0,1,1.2,24.98
82.45,1.4,0.21,0.8,0.39,8.79,3.79,medicine,standard,0.83,33.4,12.0,11.3,1,2,1.2,18.75
24.49,1.43,0.66,0.25,0.24,5.69,0.95,perishable,high,0.86,28.3,36.0,33.2,1,0,1.2,28.03
223.31,2.38,0.33,0.5,0.72,1.83,0.42,perishable,standard,0.82,29.8,20.6,19.5,1,1,1.2,43.96
124.7,1.61,0.63,0.32,0.41,4.55,1.12,general,critical,0.62,28.7,35.1,35.3,1,0,1.0,24.36
111.85,1.25,0.43,0.63,0.35,10.19,1.11,medicine,standard,0.92,29.0,29.1,15.1,1,0,1.2,20.06
316.84,1.6,0.22,0.66,0.1,9.58,7.55,hazmat,critical,0.82,26.8,17.4,11.4,1,2,1.4,54.13
207.73,1.97,0.28,0.99,0.22,10.11,6.57,general,low,0.91,31.9,18.5,15.7,1,0,1.0,25.85
158.87,1.91,0.07,0.12,0.64,3.82,0.23,perishable,low,0.88,34.0,3.9,3.9,0,1,1.2,28.64
139.51,1.6,0.26,0.42,0.06,7.21,9.11,perishable,high,0.89,31.1,17.7,14.1,0,0,1.2,18.31
174.17,1.76,0.36,0.95,0.22,1.3,2.58,furniture,high,0.84,27.0,26.4,21.6,0,0,1.0,21.74
101.17,1.26,0.01,0.97,0.14,14.31,2.77,perishable,high,0.65,28.2,0.6,0.4,0,1,1.2,8.83
57.22,1.19,0.17,0.61,0.13,3.84,5.74,furniture,low,0.81,26.6,8.9,6.2,0,1,1.0,13.92
218.22,1.36,0.17,0.61,0.26,5.28,0.54,hazmat,standard,0.83,27.1,10.7,8.9,0,1,1.4,23.74
150.36,2.13,0.49,0.48,0.07,4.44,3.8,luxury,high,0.76,32.3,25.3,29.2,1,0,1.0,42.8
77.23,1.73,0.56,0.29,0.64,0.7,3.6,medicine,critical,0.88,27.2,45.1,23.2,0,0,1.2,11.38
170.08,1.25,0.37,0.17,0.42,9.27,2.71,general,critical,0.92,35.0,21.3,14.8,1,0,1.0,6.92
43.06,1.55,0.03,0.45,0.31,2.12,10.13,furniture,standard,0.77,33.5,1.8,1.4,1,1,1.0,9.94
224.39,1.41,0.13,0.41,0.14,14.44,3.69,general,low,0.91,29.1,9.4,4.7,1,1,1.0,21.08
237.25,1.29,0.33,0.6,0.29,0.29,3.8,perishable,high,0.74,30.6,21.2,15.4,1,0,1.2,16.75
157.76,1.69,0.14,0.41,0.59,0.69,2.54,furniture,high,0.56,31.4,9.0,6.1,1,0,1.0,17.3
71.19,2.01,0.01,0.49,0.33,1.44,0.95,general,high,0.91,28.5,0.6,0.5,0,0,1.0,9.24
63.91,1.26,0.66,0.64,0.36,2.73,1.19,furniture,standard,0.64,30.6,46.5,28.5,0,2,1.0,11.6
198.97,2.0,0.7,0.74,0.06,2.98,5.46,general,low,0.68,30.4,52.2,25.7,0,0,1.0,44.65
214.37,1.29,0.1,0.11,0.14,0.31,0.76,general,standard,0.87,31.7,6.1,4.1,0,0,1.0,6.56
293.21,1.72,0.31,0.29,0.26,0.63,3.21,general,standard,0.72,31.9,22.2,12.9,0,0,1.0,23.1
152.27,1.31,0.24,0.27,0.48,1.3,1.28,hazmat,standard,0.81,32.3,12.7,11.4,0,3,1.4,24.37
111.83,1.34,0.08,0.48,0.26,5.74,0.55,perishable,standard,0.85,28.3,4.3,4.4,0,0,1.2,8.04
135.43,1.47,0.48,0.17,0.25,0.7,3.44,general,high,0.84,28.5,31.2,23.1,0,0,1.0,5.04
111.35,1.27,0.14,0.91,0.4,6.75,1.22,general,low,0.82,26.8,11.0,7.0,0,1,1.0,12.98
63.42,2.48,0.26,0.48,0.27,5.11,0.95,general,high,0.87,30.6,17.4,14.1,0,0,1.0,20.6
176.81,1.76,0.14,0.85,0.24,3.65,3.22,medicine,high,0.73,33.8,8.1,5.1,1,0,1.2,25.31
140.12,1.37,0.33,0.93,0.21,3.39,2.94,perishable,low,0.83,34.7,20.1,19.5,1,0,1.2,20.25
196.75,1.12,0.06,0.28,0.46,5.03,8.36,perishable,high,0.82,25.4,3.9,3.3,1,0,1.2,9.67
115.75,2.36,0.3,0.55,0.41,3.71,2.23,medicine,low,0.65,35.0,18.2,14.3,0,1,1.2,40.34
105.37,1.8,0.27,0.97,0.31,0.18,0.93,medicine,standard,0.76,33.3,20.2,12.6,1,1,1.2,22.14
220.01,1.99,0.35,0.84,0.66,4.63,4.07,general,high,0.82,26.5,17.7,14.7,0,0,1.0,31.08
117.81,1.46,0.18,0.14,0.15,0.87,6.28,medicine,high,0.73,29.2,12.8,8.1,0,0,1.2,13.2
88.63,1.56,0.64,0.97,0.32,9.79,0.75,medicine,standard,0.72,31.7,50.2,25.1,1,1,1.2,41.02
187.17,1.58,0.11,0.12,0.45,0.04,0.75,general,standard,0.92,31.2,8.0,5.9,0,2,1.0,24.15
144.41,1.75,0.52,0.13,0.16,0.39,8.57,luxury,high,0.77,33.6,28.3,18.6,0,1,1.0,20.91
252.01,1.94,0.25,0.68,0.55,5.98,3.02,luxury,low,0.87,32.1,14.2,8.8,1,0,1.0,39.36
187.7,1.18,0.77,0.67,0.44,11.36,6.92,general,standard,0.7,32.5,39.4,44.5,1,0,1.0,20.43
110.81,2.13,0.26,0.84,0.05,11.99,6.78,furniture,standard,0.75,24.6,16.0,13.5,1,1,1.0,34.17
51.38,1.39,0.45,0.37,0.03,4.49,5.48,general,high,0.62,27.5,23.4,26.3,0,0,1.0,11.57
129.13,2.35,0.38,0.54,0.12,8.0,2.39,general,standard,0.93,26.8,23.2,20.6,0,1,1.0,31.22
203.19,2.21,0.54,0.87,0.29,2.83,2.56,furniture,low,0.99,28.0,38.1,25.0,1,0,1.0,54.29
120.83,1.51,0.3,0.78,0.21,3.9,6.7,furniture,standard,0.8,29.3,15.5,10.6,1,1,1.0,18.9
171.74,1.14,0.4,0.48,0.2,11.47,4.9,perishable,high,0.78,27.2,26.8,18.5,0,0,1.2,9.39
179.67,2.55,0.25,0.87,0.63,3.72,3.55,hazmat,low,0.67,29.6,20.0,12.0,0,1,1.4,83.2
158.47,2.23,0.64,0.53,0.23,7.13,2.38,perishable,standard,0.85,27.4,33.4,22.4,0,0,1.2,49.77
133.21,1.74,0.17,0.58,0.36,3.15,10.4,medicine,low,0.78,35.5,8.5,8.3,0,1,1.2,33.81
150.82,2.31,0.46,0.63,0.27,2.96,1.69,medicine,high,0.86,34.3,25.6,22.9,0,0,1.2,41.96
91.84,1.64,0.61,0.44,0.33,1.8,0.02,general,standard,0.87,31.1,36.3,24.7,1,0,1.0,23.61
135.89,1.57,0.25,0.36,0.31,4.95,4.5,hazmat,critical,0.76,35.4,13.2,14.5,0,1,1.4,22.12
59.05,2.43,0.34,0.71,0.56,10.43,6.17,general,high,0.68,36.3,23.5,18.0,1,0,1.0,17.63
251.7,1.29,0.31,0.24,0.31,1.58,10.99,general,standard,0.62,32.2,21.9,12.8,0,1,1.0,19.85
101.41,1.8,0.31,0.55,0.55,1.76,8.3,furniture,high,0.69,29.6,23.6,16.1,0,0,1.0,15.77
228.37,2.41,0.17,0.39,0.36,0.01,3.06,luxury,standard,0.82,34.3,8.6,7.4,1,1,1.0,38.98
281.57,1.33,0.12,0.44,0.16,1.61,9.04,hazmat,high,0.75,23.4,7.6,4.5,0,0,1.4,21.37
253.67,1.19,0.64,0.52,0.3,14.41,1.21,general,high,0.82,26.8,43.9,34.8,1,1,1.0,23.4
67.95,1.81,0.34,0.28,0.15,7.89,11.73,hazmat,standard,0.79,28.5,23.7,16.1,0,3,1.4,34.81
118.41,1.39,0.11,0.54,0.23,7.87,5.74,luxury,critical,0.85,28.2,7.0,6.4,0,0,1.0,9.24
124.36,1.59,0.29,0.76,0.31,9.59,2.95,medicine,high,0.84,29.7,17.9,17.1,0,0,1.2,20.93
145.26,1.93,0.41,0.31,0.04,12.17,0.75,general,standard,0.56,30.6,22.2,22.9,0,1,1.0,29.31
240.52,2.38,0.15,0.87,0.13,1.71,4.33,general,high,0.66,31.0,9.5,6.2,1,1,1.0,40.85
115.96,1.19,0.42,0.49,0.6,3.77,23.44,medicine,standard,0.93,35.1,31.8,19.7,0,1,1.2,17.47
138.44,1.3,0.15,0.77,0.54,1.72,4.81,luxury,standard,0.81,27.2,11.2,8.2,1,1,1.0,8.27
190.67,1.71,0.25,0.71,0.27,4.09,1.94,medicine,high,0.76,33.0,16.3,10.7,1,0,1.2,31.88
188.58,1.17,0.4,0.47,0.32,2.58,2.04,perishable,critical,0.8,32.7,24.8,17.1,0,0,1.2,11.01
180.09,2.44,0.2,0.83,0.19,16.75,5.6,perishable,high,0.82,29.2,11.1,9.1,1,1,1.2,48.25
91.09,1.06,0.45,0.13,0.27,9.44,1.27,perishable,high,0.8,27.8,28.9,19.6,0,1,1.2,13.32
62.7,1.93,0.26,0.33,0.78,9.66,6.95,furniture,critical,0.72,33.5,18.5,12.9,0,0,1.0,19.42
105.27,1.79,0.41,0.11,0.37,0.13,0.8,perishable,critical,0.85,23.9,23.3,22.5,0,0,1.2,13.54
190.65,1.38,0.14,0.81,0.32,13.4,2.44,general,standard,0.87,33.6,7.5,8.0,0,0,1.0,15.76
152.22,2.32,0.32,0.22,0.44,14.26,3.01,general,low,0.79,28.4,16.0,12.1,0,2,1.0,45.56
144.11,2.05,0.16,0.47,0.17,10.01,1.71,medicine,high,0.65,31.3,9.3,7.9,0,0,1.2,27.56
109.09,1.71,0.22,0.65,0.14,8.37,0.46,luxury,low,0.81,29.1,12.2,13.0,1,0,1.0,13.21
270.86,1.25,0.35,0.97,0.35,0.49,1.22,perishable,high,0.79,32.3,18.1,17.7,0,0,1.2,19.59
257.6,2.79,0.21,1.0,0.5,3.84,0.34,perishable,high,0.77,31.1,12.9,7.9,0,2,1.2,71.38
131.37,1.15,0.3,0.88,0.35,6.1,0.9,hazmat,high,0.73,27.3,23.8,15.3,0,0,1.4,14.15
53.46,1.26,0.26,0.58,0.44,2.06,0.41,furniture,critical,0.9,31.9,14.9,14.1,0,0,1.0,3.71
316.87,1.96,0.29,0.22,0.47,0.55,1.65,perishable,high,0.75,32.5,21.2,15.7,0,1,1.2,51.94
324.57,1.15,0.22,0.42,0.48,0.32,0.86,perishable,critical,0.75,33.7,13.6,11.2,1,0,1.2,8.38
242.51,1.06,0.22,0.88,0.33,1.68,2.96,perishable,low,0.63,30.0,17.2,10.0,1,0,1.2,10.25
114.79,1.26,0.51,0.96,0.18,0.64,18.43,general,standard,0.99,28.8,36.9,27.7,0,1,1.0,20.46
139.4,1.28,0.39,0.69,0.72,14.03,3.54,luxury,low,0.86,32.3,27.7,21.7,1,0,1.0,31.9
204.35,1.07,0.29,0.83,0.61,9.46,0.24,hazmat,standard,0.67,32.0,22.3,17.1,0,5,1.4,35.74
123.98,2.24,0.14,0.82,0.21,4.23,3.11,furniture,standard,0.69,29.9,10.2,6.8,0,1,1.0,32.94
163.94,1.5,0.5,0.97,0.36,0.19,9.87,general,high,0.73,30.0,29.7,26.3,0,1,1.0,15.62
64.69,1.85,0.14,0.83,0.16,1.79,1.01,general,critical,0.73,29.1,10.6,7.2,1,0,1.0,9.19
218.11,1.49,0.04,0.43,0.23,0.36,9.92,general,high,0.85,26.9,2.1,2.3,0,0,1.0,16.57
194.27,1.79,0.08,0.53,0.46,1.17,4.73,perishable,critical,0.72,26.8,4.0,3.3,0,2,1.2,28.77
127.32,1.33,0.6,0.32,0.24,6.09,3.19,medicine,low,0.83,27.2,31.2,32.8,1,0,1.2,36.58
55.37,2.15,0.37,0.24,0.6,8.16,1.1,general,standard,0.61,33.2,25.4,17.4,0,0,1.0,17.96
100.04,1.42,0.33,0.42,0.6,3.76,4.03,general,standard,0.83,25.2,26.1,18.2,0,0,1.0,7.28
67.66,1.06,0.14,0.71,0.66,1.4,0.39,perishable,standard,0.8,29.2,9.3,7.3,0,0,1.2,2.53
200.98,2.29,0.58,0.63,0.27,5.15,1.06,perishable,standard,0.82,26.5,41.8,26.8,0,0,1.2,53.1
130.07,1.56,0.29,0.78,0.31,11.42,9.43,medicine,high,0.7,28.3,20.5,15.7,0,1,1.2,23.54
208.22,1.32,0.14,0.91,0.28,1.4,1.06,furniture,low,0.88,29.7,9.6,5.1,1,1,1.0,14.13
39.66,2.16,0.33,0.15,0.33,0.16,1.78,hazmat,low,0.89,33.8,21.5,19.2,0,1,1.4,31.1
206.03,1.62,0.62,0.32,0.22,1.64,0.88,furniture,high,0.68,26.5,33.9,24.3,1,1,1.0,35.41
162.85,1.78,0.25,0.8,0.03,6.41,1.83,furniture,high,0.89,30.8,18.6,14.5,1,0,1.0,20.57
182.24,2.27,0.2,0.93,0.29,1.92,1.55,furniture,standard,0.82,26.0,10.9,7.8,0,1,1.0,30.53
79.14,2.11,0.07,0.94,0.09,12.25,2.3,medicine,standard,0.92,29.1,4.3,3.0,0,1,1.2,18.31
133.24,1.97,0.82,0.27,0.47,0.88,0.69,perishable,standard,0.77,28.1,43.7,33.0,0,0,1.2,33.47
126.62,1.6,0.26,0.19,0.41,7.64,8.76,luxury,standard,0.71,28.7,17.3,11.4,0,1,1.0,19.48
202.69,1.58,0.38,0.94,0.3,3.24,1.09,medicine,low,0.85,28.4,27.3,22.6,1,0,1.2,38.58
57.61,1.9,0.05,0.16,0.47,0.74,0.8,general,high,0.86,33.3,2.8,2.7,0,1,1.0,8.93
65.18,1.48,0.23,0.7,0.32,6.56,0.95,perishable,standard,0.76,30.3,14.5,13.3,1,0,1.2,11.88
62.37,2.3,0.37,0.46,0.48,0.06,1.3,furniture,standard,0.78,25.5,25.6,19.6,1,0,1.0,24.92
55.86,1.48,0.1,0.35,0.32,4.96,4.1,medicine,low,0.74,28.5,5.3,4.6,0,0,1.2,9.33
59.6,2.12,0.2,0.35,0.32,10.37,5.21,perishable,standard,0.96,25.4,12.8,8.6,0,1,1.2,26.29
133.91,2.28,0.46,0.42,0.22,0.06,1.82,hazmat,critical,0.61,24.4,26.2,18.6,0,0,1.4,43.21
155.37,1.42,0.47,0.43,0.41,5.14,0.73,perishable,standard,0.71,32.4,35.1,24.4,0,0,1.2,16.77
56.52,2.14,0.48,0.83,0.59,0.16,2.2,perishable,standard,0.67,32.0,30.9,18.3,1,0,1.2,23.47
135.09,1.58,0.43,0.58,0.3,9.43,3.85,hazmat,standard,0.78,29.9,26.6,18.8,1,0,1.4,43.48
157.96,1.89,0.32,0.95,0.2,10.39,1.36,perishable,standard,0.66,33.3,20.8,13.6,1,0,1.2,37.92
207.13,2.13,0.25,0.68,0.18,7.17,8.66,general,high,0.95,34.9,13.9,12.7,0,1,1.0,37.66
31.21,1.31,0.46,0.47,0.24,1.75,0.6,perishable,high,0.6,28.7,35.6,26.9,0,0,1.2,9.99
160.25,1.6,0.07,0.58,0.46,1.99,1.1,general,standard,0.61,25.2,4.9,3.1,1,0,1.0,13.84
159.21,1.9,0.28,0.95,0.51,1.55,0.19,perishable,standard,0.94,30.0,19.0,12.7,1,0,1.2,28.46
138.45,1.02,0.45,0.85,0.3,9.67,1.21,luxury,low,0.85,33.6,34.5,26.3,0,0,1.0,4.82
87.31,1.82,0.61,0.93,0.8,1.73,1.61,perishable,standard,0.97,32.0,32.9,32.9,0,1,1.2,27.79
58.64,1.4,0.47,0.74,0.6,5.03,6.02,medicine,standard,0.89,35.1,26.7,23.1,1,1,1.2,25.24
45.1,1.82,0.46,0.67,0.32,4.86,0.51,general,standard,0.56,28.9,34.3,23.5,0,1,1.0,20.16
193.87,2.45,0.2,0.32,0.07,1.62,6.99,general,high,0.95,32.3,16.0,9.6,1,0,1.0,31.05
50.0,1.7,0.6,0.42,0.37,8.89,7.44,general,standard,0.86,28.1,38.1,32.6,0,0,1.0,10.87
56.97,1.25,0.41,0.15,0.25,4.44,9.46,furniture,critical,0.92,33.4,23.8,15.8,0,0,1.0,4.79
149.57,1.8,0.38,0.62,0.47,1.93,4.0,perishable,standard,0.8,31.2,28.0,17.4,1,0,1.2,42.62
22.74,1.27,0.49,0.68,0.51,2.33,5.52,perishable,low,0.6,32.0,31.7,28.2,1,1,1.2,21.87
179.15,1.74,0.3,0.78,0.5,7.78,1.58,general,standard,0.75,33.0,18.4,10.8,0,0,1.0,21.28
100.28,1.63,0.21,0.87,0.14,3.29,0.94,general,standard,0.82,32.4,16.2,7.6,1,1,1.0,16.81
192.68,2.27,0.54,0.37,0.41,7.4,0.36,furniture,standard,0.86,25.7,34.3,31.1,1,1,1.0,58.37
87.8,2.48,0.35,0.26,0.36,3.27,2.71,medicine,standard,0.69,33.7,25.7,15.1,1,1,1.2,49.04
122.4,1.74,0.28,0.21,0.63,0.13,3.97,hazmat,high,0.74,26.7,22.4,10.7,0,0,1.4,34.54
164.29,1.11,0.72,0.59,0.36,1.57,8.14,medicine,standard,0.81,29.0,47.5,40.8,0,2,1.2,23.01
242.13,1.73,0.06,0.34,0.51,2.31,6.47,luxury,standard,0.75,31.6,4.6,3.5,0,1,1.0,29.47
95.92,1.59,0.23,0.28,0.31,12.66,2.39,medicine,high,0.82,31.5,16.9,8.2,1,0,1.2,12.52
84.06,1.81,0.48,0.6,0.24,16.6,8.07,perishable,critical,0.6,32.8,26.6,18.2,0,1,1.2,20.66
61.96,1.3,0.03,0.64,0.53,4.3,1.79,general,standard,0.87,26.7,2.1,1.7,0,1,1.0,9.99
133.99,1.66,0.44,0.23,0.26,0.85,1.11,general,low,0.94,28.5,33.5,16.9,0,1,1.0,26.97
202.01,1.36,0.32,0.57,0.33,6.28,0.84,perishable,high,0.88,30.6,17.8,18.2,0,0,1.2,17.85
185.34,1.21,0.62,0.18,0.43,2.28,0.89,furniture,critical,0.65,28.3,48.6,24.6,0,0,1.0,10.83
196.88,2.18,0.23,0.81,0.22,0.35,6.42,luxury,high,0.77,31.4,13.3,12.8,1,0,1.0,35.09
209.93,2.3,0.15,0.63,0.52,5.96,7.57,hazmat,standard,0.78,25.4,9.2,6.7,0,0,1.4,49.78
92.7,1.2,0.77,0.64,0.24,2.14,1.14,general,standard,0.88,26.4,56.6,45.6,0,0,1.0,11.06
13.09,1.7,0.12,0.75,0.08,1.77,2.83,luxury,low,0.67,28.9,7.7,5.3,0,0,1.0,8.76
94.54,1.18,0.27,0.29,0.33,17.56,12.23,perishable,critical,0.98,28.4,19.4,10.2,1,2,1.2,17.86
198.95,2.85,0.68,0.27,0.49,0.32,4.05,perishable,critical,0.84,25.2,53.5,40.6,1,0,1.2,69.6
69.13,1.99,0.11,0.38,0.41,13.2,1.49,furniture,high,0.6,31.4,7.9,5.6,1,1,1.0,12.89
196.78,1.06,0.53,0.62,0.77,5.14,3.6,general,standard,0.71,32.9,30.9,18.8,0,1,1.0,10.33
130.75,2.34,0.09,0.84,0.44,3.02,2.28,general,high,0.64,29.5,6.9,4.6,0,2,1.0,39.69
140.91,1.55,0.48,0.99,0.13,2.87,3.87,luxury,standard,0.76,34.6,28.0,25.3,1,2,1.0,30.94
197.0,2.77,0.57,0.84,0.32,0.59,3.74,perishable,standard,0.76,30.4,31.2,21.3,0,0,1.2,66.85
101.63,2.48,0.39,0.54,0.46,8.08,8.4,luxury,high,0.85,29.9,29.0,13.9,0,0,1.0,28.15
245.55,1.08,0.71,0.62,0.54,1.25,2.19,furniture,standard,0.98,29.9,35.9,30.4,0,3,1.0,15.31
144.71,1.38,0.25,0.35,0.11,9.67,3.26,furniture,critical,0.9,28.7,18.2,10.4,0,0,1.0,13.09
265.12,2.4,0.12,0.3,0.51,9.84,4.27,furniture,low,0.76,31.3,9.1,6.0,1,1,1.0,61.78
144.14,1.71,0.32,0.23,0.07,7.88,0.87,luxury,critical,0.85,31.5,19.5,17.1,1,0,1.0,18.37
95.5,1.64,0.25,0.57,0.54,22.02,0.29,general,critical,0.87,28.0,19.4,13.5,0,1,1.0,14.03
203.73,2.25,0.33,0.26,0.49,6.47,4.9,general,critical,0.84,30.1,21.8,19.8,0,0,1.0,32.02
148.57,1.28,0.34,0.15,0.51,10.2,12.45,luxury,standard,0.87,31.1,24.0,17.4,0,0,1.0,15.99
48.65,1.47,0.04,0.26,0.29,5.18,0.84,furniture,high,0.87,31.0,2.2,1.9,0,3,1.0,12.28
254.19,1.41,0.36,0.45,0.43,29.06,5.16,hazmat,low,0.73,29.0,25.7,18.6,0,0,1.4,38.77
160.8,1.3,0.05,0.3,0.15,2.21,0.74,perishable,high,0.86,31.1,3.7,2.0,1,0,1.2,8.75
246.02,1.71,0.06,0.3,0.18,1.58,3.15,luxury,critical,0.69,33.4,3.0,2.5,1,0,1.0,17.02
151.55,1.02,0.53,0.32,0.55,4.04,2.5,perishable,high,0.93,30.1,35.5,18.7,0,0,1.2,3.79
77.02,1.7,0.37,0.9,0.12,3.83,1.25,furniture,low,0.7,27.2,20.3,14.0,1,1,1.0,24.01
160.38,1.83,0.14,0.17,0.37,3.58,15.23,general,standard,0.8,32.6,7.4,7.7,0,0,1.0,19.09
170.89,2.11,0.04,0.39,0.44,0.91,7.77,luxury,standard,0.84,30.8,3.2,1.7,0,0,1.0,23.28
88.01,1.7,0.3,0.46,0.42,1.67,10.32,general,standard,0.68,31.8,23.1,17.3,0,0,1.0,12.53
105.32,1.17,0.5,0.35,0.22,0.94,1.51,furniture,critical,0.89,34.6,32.3,28.3,0,2,1.0,11.57
129.87,1.65,0.33,0.44,0.56,1.24,7.23,general,high,0.85,34.2,25.3,15.2,0,0,1.0,16.76
247.0,1.45,0.39,0.67,0.15,11.89,0.51,general,low,0.87,27.9,30.7,23.3,1,1,1.0,50.01
31.25,2.04,0.25,0.23,0.36,0.16,0.34,furniture,high,0.81,32.6,16.3,10.6,0,0,1.0,11.33
122.13,2.22,0.25,0.42,0.09,8.99,1.84,general,standard,0.73,29.3,13.2,11.8,1,2,1.0,24.31
224.67,2.51,0.21,0.22,0.66,0.88,12.22,hazmat,low,0.74,32.0,16.1,11.1,0,0,1.4,66.27
51.75,1.88,0.18,0.76,0.04,2.02,2.1,perishable,standard,0.74,30.9,10.3,7.4,0,0,1.2,9.11
331.17,2.52,0.33,0.88,0.22,4.98,0.64,perishable,high,0.97,31.2,22.4,14.7,1,1,1.2,67.43
207.26,1.25,0.45,0.6,0.67,16.48,2.96,medicine,standard,0.77,26.6,25.2,16.5,0,0,1.2,21.61
60.28,1.61,0.27,0.15,0.04,8.42,9.66,perishable,high,0.91,29.0,21.2,11.1,1,0,1.2,11.1
141.35,1.15,0.24,0.5,0.09,16.23,6.73,furniture,low,0.91,31.8,15.3,10.5,0,0,1.0,6.99
85.32,1.62,0.47,0.48,0.04,22.47,1.7,perishable,high,0.82,25.8,36.5,27.6,1,0,1.2,27.79
86.57,2.06,0.53,0.82,0.5,7.53,0.19,luxury,high,0.7,25.0,28.0,18.7,1,1,1.0,33.41
148.51,1.75,0.09,0.15,0.55,0.45,5.74,perishable,low,0.69,32.3,6.2,4.2,0,1,1.2,28.85
24.16,2.25,0.17,0.98,0.17,0.06,7.18,luxury,low,0.88,30.3,9.3,9.6,0,1,1.0,10.06
29.25,1.88,0.4,0.29,0.1,15.45,10.48,medicine,standard,0.77,34.5,30.2,22.2,0,0,1.2,16.12
151.53,1.61,0.33,0.84,0.41,6.14,1.5,medicine,low,0.84,30.5,19.6,17.9,0,0,1.2,21.7
106.81,2.44,0.41,0.81,0.54,1.04,0.8,furniture,standard,0.64,28.1,27.0,23.6,1,0,1.0,38.64
161.35,1.76,0.47,0.79,0.31,5.8,11.65,hazmat,standard,0.75,28.7,31.6,25.8,0,0,1.4,43.59
139.84,1.51,0.3,0.22,0.31,3.17,4.29,furniture,standard,0.85,34.9,16.1,13.3,0,2,1.0,10.91
80.6,1.24,0.6,0.17,0.22,0.1,4.61,hazmat,standard,0.87,32.7,34.5,31.7,0,0,1.4,16.3
178.32,1.11,0.27,0.5,0.45,1.81,1.2,perishable,standard,0.86,32.5,16.7,12.5,1,0,1.2,11.97
156.03,1.45,0.21,0.77,0.48,1.56,1.41,luxury,standard,0.84,33.9,15.8,11.4,0,0,1.0,10.0
309.37,2.99,0.19,0.71,0.25,5.26,1.2,perishable,low,0.69,35.6,10.3,9.9,1,2,1.2,121.24
100.23,2.35,0.45,0.8,0.37,7.31,2.0,general,high,0.78,25.3,27.2,22.5,0,0,1.0,20.23
63.59,1.87,0.07,0.21,0.4,28.28,1.15,medicine,standard,0.74,29.9,3.4,3.8,1,1,1.2,27.71
206.68,2.67,0.13,0.48,0.28,4.47,0.32,perishable,standard,0.69,32.0,7.6,5.4,1,1,1.2,59.95
130.78,1.33,0.54,0.52,0.51,2.78,0.86,hazmat,standard,0.78,29.9,37.1,24.7,0,1,1.4,19.1
70.82,1.92,0.15,0.32,0.32,9.67,2.56,perishable,high,0.76,31.3,9.2,8.3,1,1,1.2,21.78
153.1,1.31,0.15,0.62,0.35,5.0,0.53,luxury,high,0.89,23.8,10.7,6.8,0,0,1.0,8.15
163.37,1.31,0.92,0.14,0.35,2.64,0.22,perishable,critical,0.88,28.5,72.5,53.8,1,0,1.2,31.57
136.27,2.43,0.4,0.8,0.29,6.06,5.78,furniture,critical,0.83,33.1,20.7,21.5,0,1,1.0,30.87
174.18,1.7,0.01,0.29,0.43,7.53,1.47,hazmat,low,0.77,28.3,0.7,0.4,0,0,1.4,30.54
92.63,2.31,0.68,0.77,0.26,10.12,0.22,general,high,0.77,28.3,48.3,40.3,0,0,1.0,26.6
208.66,1.86,0.26,0.17,0.29,1.36,1.56,medicine,standard,0.79,27.5,16.5,14.8,0,0,1.2,36.11
168.42,2.04,0.09,0.55,0.64,1.3,12.06,furniture,standard,0.75,28.0,5.3,5.0,0,0,1.0,26.47
58.08,1.8,0.48,0.3,0.49,1.25,1.47,general,low,0.77,29.6,31.1,22.4,0,0,1.0,19.11
180.61,1.62,0.65,0.45,0.42,4.8,1.39,general,high,0.77,27.8,40.7,27.4,0,0,1.0,17.06
102.32,2.71,0.6,0.9,0.49,0.29,1.54,perishable,low,0.84,24.2,35.3,34.8,1,0,1.2,61.14
321.46,1.4,0.73,0.5,0.27,8.7,1.94,perishable,high,0.78,28.3,55.0,26.6,0,0,1.2,29.94
99.51,2.35,0.13,0.35,0.23,10.16,2.68,general,critical,0.84,24.0,10.1,5.8,0,1,1.0,24.86
63.8,1.6,0.54,0.37,0.19,19.01,0.41,general,high,0.88,30.7,40.3,28.8,1,0,1.0,29.54
89.2,1.6,0.24,0.67,0.26,7.29,23.21,general,low,0.73,30.2,16.7,8.6,0,0,1.0,15.97
127.28,1.31,0.49,0.76,0.49,0.76,2.57,furniture,critical,0.86,26.4,33.6,21.4,0,1,1.0,13.94
113.15,1.91,0.09,0.14,0.41,10.97,1.5,general,standard,0.71,28.5,7.1,5.1,0,0,1.0,18.99
176.73,1.08,0.1,0.55,0.14,3.69,7.35,general,standard,0.82,28.1,7.1,3.6,0,1,1.0,9.01
47.23,1.54,0.37,0.48,0.41,16.91,5.48,general,low,0.72,30.6,28.6,20.5,0,0,1.0,14.48
71.54,1.25,0.63,0.45,0.14,4.31,1.25,medicine,high,0.76,36.3,44.1,25.5,0,0,1.2,10.85
137.91,2.97,0.62,0.47,0.23,3.83,5.4,perishable,standard,0.8,24.6,37.1,34.7,1,1,1.2,95.84
49.36,2.49,0.06,0.74,0.21,0.27,2.29,hazmat,high,0.92,28.2,3.6,2.2,0,0,1.4,20.01
198.51,1.88,0.31,1.0,0.35,2.09,2.09,general,low,0.81,29.0,17.0,12.3,0,1,1.0,32.29
76.14,1.08,0.04,0.98,0.56,13.76,0.4,luxury,standard,0.61,29.8,2.5,2.1,0,0,1.0,6.54
109.05,1.31,0.25,0.74,0.34,4.58,14.48,medicine,low,0.92,27.9,18.2,10.4,0,1,1.2,18.88
50.22,1.22,0.22,0.32,0.42,2.13,3.85,general,low,0.57,28.0,14.0,9.1,0,0,1.0,5.15
43.63,2.47,0.4,0.11,0.18,2.38,4.57,perishable,standard,0.75,26.4,21.9,19.2,1,3,1.2,33.71
230.28,2.26,0.11,0.8,0.18,5.04,2.92,luxury,high,0.77,30.3,6.2,3.9,0,1,1.0,35.33
112.68,1.89,0.39,0.53,0.61,5.54,6.85,general,high,0.85,28.9,23.9,19.5,0,0,1.0,20.43
76.13,1.51,0.34,0.35,0.28,5.58,10.7,general,low,0.94,26.1,18.9,19.6,0,0,1.0,10.6
199.4,1.73,0.59,0.48,0.81,0.5,2.71,medicine,standard,0.87,33.5,40.4,28.3,0,0,1.2,39.82
303.19,1.45,0.3,0.77,0.32,4.35,0.52,luxury,standard,0.74,31.2,16.9,17.2,1,0,1.0,16.6
118.69,2.05,0.19,0.14,0.44,4.81,9.27,furniture,high,0.89,22.9,13.4,10.4,1,1,1.0,22.4
206.51,1.43,0.08,0.56,0.1,1.59,0.42,medicine,critical,0.7,23.5,5.8,4.6,0,3,1.2,24.93
213.37,1.38,0.86,0.44,0.62,2.58,3.88,hazmat,low,0.75,25.8,58.5,30.4,1,2,1.4,62.8
160.47,1.89,0.39,0.29,0.15,0.98,8.54,hazmat,standard,0.77,31.4,19.5,18.1,0,2,1.4,24.17
116.19,1.46,0.38,0.9,0.25,0.96,0.62,general,standard,0.88,30.2,24.9,19.2,1,1,1.0,16.18
277.09,1.36,0.42,0.75,0.56,0.55,1.45,general,high,0.86,27.4,25.0,23.7,0,1,1.0,18.97
63.47,1.04,0.14,0.78,0.08,2.82,2.28,medicine,low,0.82,31.6,10.2,6.7,1,1,1.2,11.5
243.89,1.3,0.25,0.72,0.14,5.23,0.37,medicine,standard,0.81,30.2,16.7,13.1,1,0,1.2,16.79
111.53,1.74,0.23,0.38,0.43,13.84,1.04,perishable,high,0.73,35.7,13.6,12.6,1,0,1.2,19.43
100.27,2.34,0.66,0.13,0.5,4.71,2.87,luxury,standard,0.93,27.2,38.9,25.7,0,0,1.0,27.71
46.43,1.44,0.15,0.64,0.18,3.62,2.47,medicine,high,0.76,23.0,12.1,8.0,1,0,1.2,9.26
113.6,1.58,0.13,0.4,0.06,12.46,1.07,hazmat,standard,0.77,29.8,8.6,7.3,0,0,1.4,20.66
65.98,1.43,0.35,0.35,0.12,2.55,11.19,hazmat,low,0.89,27.0,23.9,15.6,1,0,1.4,18.45
220.69,1.7,0.54,0.71,0.42,3.44,5.03,perishable,critical,0.84,29.5,41.1,25.5,0,1,1.2,24.17
160.42,2.46,0.46,0.42,0.02,3.05,3.27,medicine,low,0.89,31.8,31.1,22.6,0,2,1.2,49.08
175.14,2.08,0.22,0.98,0.61,2.4,4.25,medicine,standard,0.77,30.3,11.8,10.5,1,2,1.2,41.19
104.39,2.01,0.54,0.92,0.57,5.47,0.78,general,low,0.83,31.5,34.4,18.9,0,0,1.0,32.96
198.77,1.91,0.31,0.14,0.64,9.8,1.68,hazmat,critical,0.81,32.3,20.8,13.3,1,0,1.4,38.74
72.26,2.31,0.38,0.19,0.72,13.45,1.2,perishable,high,0.95,26.9,23.2,14.8,0,2,1.2,32.37
94.13,1.26,0.19,0.6,0.41,4.07,7.22,perishable,low,0.77,28.9,13.7,11.2,0,0,1.2,9.82
82.55,1.89,0.33,0.12,0.29,7.53,4.45,perishable,standard,0.83,29.0,23.1,14.6,1,0,1.2,14.94
183.94,1.39,0.44,0.5,0.1,4.75,0.69,general,standard,0.64,34.7,23.1,22.8,0,0,1.0,18.2
85.93,1.26,0.07,0.46,0.4,2.04,1.15,medicine,standard,0.89,31.0,3.6,3.4,0,0,1.2,5.78
181.76,1.74,0.1,0.69,0.29,8.49,4.5,perishable,critical,0.92,32.4,5.6,5.8,0,1,1.2,22.06
17.39,1.58,0.11,0.5,0.12,14.33,2.16,general,low,0.9,26.5,7.2,4.6,0,1,1.0,9.33
267.43,1.27,0.31,0.24,0.32,1.05,8.11,general,low,0.64,24.1,18.2,15.3,1,0,1.0,17.88
109.59,1.97,0.22,0.26,0.2,8.97,3.42,luxury,standard,0.69,29.4,11.7,8.8,0,0,1.0,17.24
196.19,2.14,0.2,0.44,0.43,4.99,0.72,luxury,standard,0.78,32.8,13.6,7.6,0,0,1.0,35.29
16.77,1.35,0.26,0.32,0.19,12.04,2.98,hazmat,high,0.83,27.7,14.7,12.4,0,1,1.4,11.37
32.23,1.96,0.16,0.86,0.32,5.54,8.2,general,standard,0.9,31.3,10.7,6.3,1,0,1.0,4.33
268.35,1.64,0.13,1.0,0.29,16.5,1.34,medicine,low,0.8,22.8,6.5,7.8,1,0,1.2,44.6
61.25,1.32,0.07,0.81,0.15,1.04,1.94,general,critical,0.87,26.7,4.1,3.4,0,1,1.0,6.25
170.02,1.31,0.33,0.4,0.43,1.33,6.71,perishable,standard,0.8,33.2,25.2,12.2,0,0,1.2,15.7
219.22,2.12,0.41,0.52,0.41,2.28,0.31,perishable,critical,0.93,23.6,22.2,23.1,0,0,1.2,36.49
68.91,1.31,0.86,0.51,0.07,6.8,2.33,general,standard,0.66,27.5,67.2,39.7,0,0,1.0,13.08
244.13,1.81,0.13,0.93,0.55,2.03,0.49,perishable,high,0.63,31.3,6.5,7.7,1,0,1.2,39.96
160.2,1.39,0.5,0.64,0.3,0.54,2.63,hazmat,critical,0.71,31.5,31.2,29.4,1,0,1.4,31.17
193.73,1.83,0.41,0.74,0.37,1.54,5.16,hazmat,critical,0.76,31.8,30.8,19.3,0,0,1.4,28.93
110.75,1.61,0.31,0.38,0.75,7.65,1.91,general,standard,0.75,32.9,22.1,15.8,1,0,1.0,14.88
65.34,1.27,0.31,0.14,0.55,18.81,20.81,hazmat,standard,0.72,24.4,21.6,13.3,0,0,1.4,19.11
186.63,1.44,0.19,0.3,0.36,0.97,4.33,furniture,low,0.69,28.7,13.5,9.8,0,1,1.0,20.52
215.25,1.51,0.29,0.23,0.18,13.09,7.28,medicine,high,0.96,32.7,15.4,13.2,0,1,1.2,25.23
168.01,1.65,0.1,0.51,0.58,0.03,3.24,luxury,standard,0.96,29.4,6.7,5.3,0,0,1.0,12.65
268.58,2.47,0.24,0.6,0.42,3.63,3.01,perishable,high,0.81,29.8,11.8,10.5,0,0,1.2,65.55
203.5,1.17,0.08,0.26,0.19,0.45,0.0,medicine,standard,0.93,29.9,4.0,3.6,1,0,1.2,10.92
263.19,2.65,0.64,0.46,0.68,19.29,0.59,perishable,standard,0.71,27.9,42.5,27.6,0,0,1.2,76.29
273.92,2.36,0.3,0.57,0.41,4.18,3.81,medicine,standard,0.87,35.1,23.9,17.4,0,1,1.2,61.98
219.61,1.96,0.12,0.36,0.16,1.86,7.94,perishable,critical,0.97,27.6,8.9,6.1,1,2,1.2,35.71
179.45,1.12,0.58,0.47,0.68,13.88,4.29,general,high,0.73,28.8,40.3,21.2,0,0,1.0,9.7
61.56,1.2,0.18,0.11,0.49,3.98,4.69,medicine,standard,0.93,34.5,12.8,7.6,0,0,1.2,5.16
306.67,1.68,0.41,0.46,0.2,22.73,2.89,hazmat,standard,0.93,33.1,31.0,18.1,0,0,1.4,53.59
83.77,1.47,0.42,0.67,0.26,4.58,17.86,perishable,standard,0.87,26.5,20.8,16.8,1,2,1.2,32.09
124.21,1.35,0.14,0.53,0.33,22.28,6.66,medicine,standard,0.68,33.9,9.1,7.1,0,0,1.2,13.5
86.29,1.73,0.07,0.61,0.45,6.22,5.71,perishable,standard,0.88,29.6,5.2,3.2,0,0,1.2,13.3
129.26,1.22,0.5,0.8,0.18,7.94,3.87,perishable,standard,0.92,28.4,27.5,18.1,1,0,1.2,31.59
64.88,1.83,0.09,1.0,0.44,3.49,1.44,medicine,standard,0.84,31.3,5.7,3.6,1,0,1.2,11.26
172.75,2.81,0.21,0.48,0.13,5.42,3.52,hazmat,standard,0.82,33.3,13.7,8.4,1,1,1.4,73.53
122.9,1.7,0.52,0.25,0.1,0.16,2.8,perishable,high,0.85,34.6,38.7,22.8,0,1,1.2,16.87
152.12,2.76,0.29,0.98,0.11,0.59,0.66,perishable,low,0.76,33.0,15.0,15.4,0,2,1.2,77.95
196.8,1.08,0.37,0.36,0.46,0.61,2.5,perishable,standard,0.99,26.7,20.3,14.2,0,1,1.2,9.03
33.57,1.7,0.1,0.34,0.4,2.95,7.89,medicine,standard,0.99,24.7,5.3,5.2,0,0,1.2,7.42
184.67,1.56,0.51,0.88,0.19,6.79,2.03,hazmat,standard,0.76,25.8,38.9,21.1,1,1,1.4,54.18
102.88,2.02,0.29,0.9,0.73,8.66,1.4,perishable,standard,0.93,28.3,17.0,11.7,0,2,1.2,21.89
115.18,1.46,0.13,0.4,0.38,16.63,2.22,medicine,low,0.85,33.0,10.2,6.6,0,1,1.2,18.62
141.76,1.59,0.18,0.68,0.26,0.58,3.0,perishable,high,0.82,28.2,9.6,8.4,0,0,1.2,14.16
76.18,1.57,0.25,0.72,0.37,4.59,2.19,luxury,standard,0.63,29.8,19.6,13.3,1,0,1.0,11.98
140.88,1.78,0.14,0.57,0.32,2.33,0.48,hazmat,low,0.75,26.5,9.8,7.3,1,1,1.4,36.09
163.49,1.25,0.41,0.64,0.56,1.24,0.31,luxury,standard,0.85,31.4,29.0,23.7,1,0,1.0,17.05
156.99,1.46,0.33,0.42,0.38,6.44,4.08,perishable,critical,0.9,29.1,24.0,12.1,1,0,1.2,15.2
96.4,1.82,0.44,0.74,0.19,1.96,0.51,general,standard,0.61,30.6,30.7,26.4,0,1,1.0,20.11
109.72,1.46,0.4,0.9,0.59,1.32,8.3,general,high,0.94,29.9,31.9,17.2,0,0,1.0,12.73
29.12,3.27,0.39,0.88,0.22,4.73,2.86,furniture,critical,0.78,34.4,25.6,21.6,0,0,1.0,16.61
70.42,1.32,0.29,0.83,0.36,5.9,5.77,luxury,high,0.82,28.6,17.4,12.7,0,0,1.0,8.96
46.24,1.53,0.48,0.24,0.13,0.06,3.41,general,critical,0.78,31.1,34.3,25.0,1,0,1.0,15.22
195.44,1.17,0.4,0.79,0.21,3.72,1.39,furniture,low,0.71,27.5,21.4,14.2,0,1,1.0,16.91
85.79,1.41,0.62,0.25,0.47,1.13,0.42,furniture,high,0.88,33.8,37.4,25.9,0,2,1.0,7.11
140.56,1.53,0.31,0.82,0.47,1.94,1.43,furniture,standard,0.76,24.8,17.2,13.3,1,0,1.0,18.09
138.93,1.49,0.5,0.39,0.54,6.87,1.03,hazmat,low,0.92,27.5,25.0,28.7,0,1,1.4,33.66
112.47,1.89,0.27,0.22,0.72,5.25,0.91,perishable,high,0.75,29.6,16.6,10.7,0,0,1.2,18.9
60.5,2.45,0.47,0.75,0.05,3.98,11.24,perishable,standard,0.93,29.5,35.6,26.7,0,2,1.2,32.21
106.36,2.36,0.64,0.52,0.28,4.98,5.55,perishable,standard,0.75,24.6,49.8,26.2,0,0,1.2,34.4
228.26,2.86,0.38,0.6,0.46,4.48,2.28,general,high,0.85,25.1,24.7,17.5,0,0,1.0,43.9
196.23,2.68,0.19,0.87,0.18,1.62,6.56,furniture,standard,0.87,28.8,12.0,10.2,0,1,1.0,52.24
242.51,2.86,0.42,0.43,0.71,5.64,0.86,hazmat,critical,0.97,23.6,32.9,20.3,0,1,1.4,69.9
259.76,1.24,0.03,0.35,0.52,1.48,0.06,perishable,high,0.85,25.9,2.0,1.7,0,1,1.2,8.64
120.24,1.87,0.12,0.46,0.5,11.49,0.87,hazmat,critical,0.72,35.9,6.9,7.1,1,0,1.4,24.47
229.12,1.55,0.46,0.67,0.5,0.9,2.35,perishable,standard,0.91,30.6,23.1,20.9,0,1,1.2,32.95
107.85,1.34,0.11,0.3,0.05,10.05,3.69,furniture,standard,0.89,29.7,7.4,5.2,1,1,1.0,7.2
146.86,1.3,0.41,0.82,0.16,3.61,3.58,general,standard,0.72,26.3,21.9,23.2,0,0,1.0,9.66
132.87,1.81,0.36,0.89,0.58,6.12,1.18,general,standard,0.59,25.3,26.8,13.2,0,0,1.0,25.59
181.19,1.62,0.73,0.92,0.57,0.15,13.6,medicine,standard,0.91,30.2,48.9,30.3,0,1,1.2,40.02
225.35,1.85,0.14,0.65,0.55,9.27,4.36,hazmat,high,0.77,25.6,10.0,6.2,0,0,1.4,39.72
128.82,2.0,0.21,0.94,0.4,10.3,0.55,perishable,critical,0.83,34.0,14.4,8.2,1,2,1.2,29.69
142.64,1.32,0.48,0.22,0.38,1.82,5.11,general,standard,0.62,28.1,30.4,17.2,0,1,1.0,22.11
119.29,1.27,0.45,0.6,0.35,5.95,10.88,perishable,standard,0.69,28.0,34.4,17.2,1,0,1.2,28.83
141.16,2.06,0.44,0.5,0.27,0.09,0.96,medicine,high,0.91,26.9,26.6,25.3,0,0,1.2,33.47
154.19,1.68,0.23,0.98,0.17,8.26,0.44,luxury,high,0.83,23.1,13.0,9.7,1,1,1.0,17.73
179.53,2.37,0.26,0.18,0.3,10.57,11.18,furniture,low,0.72,31.6,17.3,11.1,0,0,1.0,43.86
74.09,1.31,0.54,0.46,0.51,2.97,4.14,perishable,standard,0.87,34.5,38.6,29.1,1,0,1.2,26.25
81.92,2.04,0.14,0.25,0.06,0.18,7.83,medicine,critical,0.95,36.2,9.2,5.0,0,1,1.2,19.0
213.54,1.73,0.24,0.42,0.26,1.64,10.2,hazmat,low,0.96,28.1,17.5,9.5,0,0,1.4,46.5
159.11,1.52,0.17,0.88,0.09,5.9,6.03,furniture,standard,0.9,33.2,12.4,8.0,0,1,1.0,20.38
113.07,1.52,0.0,0.3,0.42,1.93,2.17,luxury,standard,0.89,31.2,0.0,0.0,1,1,1.0,17.27
273.41,2.13,0.2,0.54,0.1,7.97,3.62,perishable,high,0.66,27.2,10.4,9.4,0,0,1.2,51.81
25.21,1.37,0.37,0.28,0.61,0.13,4.85,general,standard,0.68,35.1,20.3,17.0,1,1,1.0,10.13
131.63,2.65,0.1,0.98,0.09,8.93,6.01,luxury,critical,0.86,35.0,5.5,3.6,0,0,1.0,31.02
123.91,1.46,0.12,0.17,0.44,20.39,1.42,hazmat,standard,0.81,32.0,6.6,4.4,0,1,1.4,27.86
207.78,2.07,0.39,0.86,0.43,4.13,1.38,furniture,standard,0.72,32.6,30.1,17.0,0,1,1.0,34.85
140.83,2.36,0.2,0.94,0.19,1.64,2.48,general,standard,0.79,32.4,13.4,7.0,0,0,1.0,33.0
132.14,1.7,0.29,0.8,0.27,0.31,5.39,medicine,low,0.81,34.5,21.5,13.7,0,0,1.2,25.99
188.73,1.28,0.18,0.43,0.35,0.63,12.63,general,low,0.7,31.0,9.2,9.5,0,0,1.0,10.51
59.05,1.14,0.35,0.46,0.37,12.64,5.68,general,high,0.8,33.4,22.2,16.2,1,0,1.0,7.67
147.16,1.33,0.17,0.13,0.43,5.33,3.89,luxury,standard,0.87,35.6,12.5,9.0,1,0,1.0,10.46
145.11,1.7,0.7,0.28,0.3,0.67,1.52,general,standard,0.69,27.3,34.4,31.5,1,1,1.0,35.15
235.27,1.34,0.22,0.94,0.32,2.05,1.16,luxury,high,0.8,24.8,13.1,12.0,0,1,1.0,14.43
288.68,2.88,0.01,0.75,0.11,4.92,1.72,medicine,critical,0.87,34.1,0.7,0.5,1,1,1.2,60.82
231.26,1.38,0.4,0.6,0.33,1.9,6.29,hazmat,high,0.88,31.0,32.0,22.4,1,1,1.4,43.44
114.39,2.82,0.29,0.99,0.41,10.79,0.69,perishable,high,0.87,33.4,15.5,11.9,1,0,1.2,39.71
73.58,1.67,0.52,0.78,0.31,0.25,10.13,general,standard,0.89,27.3,41.9,21.3,1,1,1.0,28.24
94.81,2.51,0.1,0.65,0.29,9.96,0.42,furniture,critical,0.82,30.4,6.4,5.1,0,1,1.0,17.17
86.01,1.34,0.08,0.57,0.43,0.46,0.53,general,high,0.73,31.0,5.3,4.4,0,0,1.0,6.28
54.89,1.5,0.28,0.52,0.19,6.95,1.69,perishable,high,0.87,33.6,19.4,16.8,0,0,1.2,11.45
225.61,2.03,0.07,0.87,0.42,0.72,5.29,general,critical,0.82,24.5,3.9,3.5,1,1,1.0,24.61
211.6,1.36,0.4,0.53,0.26,3.47,6.97,luxury,critical,0.9,32.0,20.1,20.0,1,0,1.0,10.36
136.97,1.63,0.06,0.49,0.24,2.78,1.18,luxury,low,0.94,33.6,4.4,3.2,0,0,1.0,13.75
119.68,1.54,0.42,0.31,0.36,4.52,3.86,luxury,standard,0.81,32.9,23.5,25.0,1,0,1.0,11.86
191.97,1.28,0.35,0.67,0.5,30.0,1.48,perishable,high,0.72,25.5,21.4,16.5,0,0,1.2,18.22
135.81,1.9,0.16,0.13,0.31,7.16,9.54,general,standard,0.68,27.0,12.0,5.7,0,1,1.0,23.68
112.68,1.53,0.44,0.33,0.68,0.81,0.08,perishable,critical,0.7,25.2,23.5,19.2,1,1,1.2,13.51
116.48,1.3,0.14,0.57,0.41,3.49,6.79,medicine,high,0.56,28.5,8.6,6.9,0,1,1.2,12.5
224.6,1.95,0.42,0.38,0.5,1.63,3.41,luxury,high,0.93,36.6,29.8,21.3,1,0,1.0,42.32
80.06,1.17,0.85,0.56,0.19,4.04,3.65,medicine,standard,0.96,35.4,45.9,49.8,0,0,1.2,12.84
209.84,1.09,0.52,0.31,0.26,0.67,2.03,general,standard,0.96,36.0,34.8,28.9,1,0,1.0,24.36
165.95,2.38,0.43,0.87,0.25,6.85,2.5,hazmat,standard,0.9,36.2,29.5,15.1,0,0,1.4,45.15
266.62,1.37,0.27,0.2,0.29,8.69,8.17,furniture,critical,0.55,31.3,13.4,13.5,1,0,1.0,17.1
106.09,2.49,0.26,0.3,0.26,0.82,2.01,general,high,0.94,33.8,13.8,15.3,0,0,1.0,24.28
56.1,1.93,0.73,0.52,0.1,13.15,3.49,medicine,high,0.62,36.3,40.7,33.4,0,1,1.2,23.32
159.49,2.16,0.5,0.49,0.45,11.08,12.43,medicine,high,0.75,27.3,29.5,30.0,1,1,1.2,52.37
70.16,1.37,0.45,0.7,0.24,8.42,0.11,furniture,standard,0.54,30.2,35.9,21.6,0,0,1.0,8.63
66.49,1.92,0.06,0.74,0.45,6.5,0.75,furniture,standard,0.81,27.0,4.5,2.5,0,0,1.0,8.58
243.88,1.38,0.33,0.69,0.25,5.93,2.0,medicine,high,0.74,31.9,17.8,11.8,0,1,1.2,22.71
242.64,2.21,0.59,0.67,0.23,1.39,0.77,perishable,high,0.89,29.7,33.8,28.7,0,1,1.2,53.05
131.5,1.3,0.21,0.5,0.42,9.01,0.07,general,critical,0.74,23.2,15.3,9.5,0,1,1.0,12.35
133.45,1.68,0.26,0.5,0.4,4.08,1.38,luxury,standard,0.89,27.5,20.5,13.0,0,0,1.0,18.56
133.36,1.17,0.04,0.18,0.55,2.0,4.24,luxury,high,0.8,31.2,2.6,1.6,0,1,1.0,7.2
195.92,1.81,0.04,0.1,0.33,0.83,4.41,perishable,standard,0.58,24.6,3.0,1.9,0,2,1.2,40.83
106.57,1.26,0.38,0.87,0.03,6.59,4.0,hazmat,high,0.83,29.8,22.0,19.4,0,0,1.4,9.57
13.19,1.39,0.07,0.11,0.13,0.99,0.21,furniture,critical,0.97,33.2,4.1,3.8,0,1,1.0,4.31
57.52,1.5,0.12,0.92,0.33,14.36,10.55,perishable,standard,0.86,31.3,8.8,5.9,0,0,1.2,14.22
86.16,1.17,0.04,0.29,0.36,14.63,7.06,perishable,low,0.72,32.5,2.1,1.6,1,1,1.2,11.94
109.66,1.81,0.2,0.6,0.34,7.13,1.76,furniture,standard,0.85,28.3,10.7,7.1,0,0,1.0,15.65
194.55,2.64,0.3,0.94,0.46,6.98,25.0,luxury,standard,0.86,30.4,17.5,14.2,0,1,1.0,58.12
236.55,1.52,0.37,0.44,0.53,3.11,3.04,perishable,critical,0.77,31.1,25.9,14.4,0,0,1.2,22.77
86.51,2.41,0.45,0.82,0.13,23.77,2.52,general,critical,0.79,29.5,33.8,24.6,0,1,1.0,22.45
136.67,1.77,0.81,0.62,0.51,1.98,17.32,luxury,high,0.79,37.3,57.8,44.8,0,0,1.0,25.49
209.04,1.84,0.26,0.49,0.57,5.97,1.5,luxury,critical,0.85,27.3,20.0,9.7,0,0,1.0,14.7
89.37,1.49,0.53,0.24,0.38,5.43,9.78,perishable,low,0.92,29.2,29.8,29.2,0,0,1.2,23.01
229.8,1.81,0.1,0.25,0.24,1.53,0.98,furniture,standard,0.87,29.7,6.2,3.7,0,0,1.0,19.38
53.51,2.05,0.48,0.38,0.16,4.38,7.05,perishable,standard,0.76,24.4,38.0,20.8,0,0,1.2,21.54
131.67,2.39,0.52,0.91,0.77,2.75,7.18,perishable,low,0.61,27.5,32.8,31.2,0,0,1.2,48.98
129.38,2.37,0.61,0.27,0.63,5.51,1.96,general,standard,0.75,25.5,31.4,30.2,0,0,1.0,27.76
185.93,2.85,0.5,0.81,0.09,3.53,3.28,furniture,standard,0.73,29.3,25.8,17.9,0,0,1.0,49.29
63.34,2.36,0.32,0.2,0.23,1.57,4.41,general,standard,0.84,29.3,23.1,12.5,0,0,1.0,13.84
220.42,1.21,0.21,0.83,0.25,0.89,3.05,furniture,critical,0.94,29.4,11.6,9.6,0,0,1.0,6.66
176.24,2.5,0.71,0.16,0.13,1.38,0.04,medicine,critical,0.79,32.0,38.9,26.6,1,1,1.2,50.83
162.7,1.97,0.1,0.3,0.21,4.45,8.67,perishable,low,0.8,29.8,5.8,5.3,0,0,1.2,27.22
114.83,1.8,0.1,0.31,0.48,0.99,4.42,hazmat,standard,0.97,27.7,5.9,4.0,0,0,1.4,20.42
158.05,1.3,0.09,0.84,0.51,1.45,1.43,general,high,0.67,31.7,7.0,3.8,0,0,1.0,8.31
198.73,1.24,0.13,0.63,0.54,0.46,8.69,general,high,0.69,32.8,10.1,5.2,1,1,1.0,12.04
199.43,1.96,0.25,0.67,0.32,11.26,3.56,hazmat,standard,0.86,27.8,18.0,11.5,0,0,1.4,40.13
112.93,2.65,0.68,0.84,0.36,0.12,5.67,medicine,high,0.6,28.9,41.9,27.9,1,1,1.2,64.12
78.02,2.24,0.41,0.79,0.35,0.93,2.91,general,low,0.82,33.1,25.2,19.9,1,0,1.0,35.86
88.7,2.12,0.13,0.12,0.42,6.94,4.82,furniture,standard,0.6,30.6,9.3,6.7,0,0,1.0,16.89
201.75,1.37,0.36,0.38,0.45,1.1,0.76,general,low,0.71,31.5,19.2,20.9,0,1,1.0,20.55
122.0,2.19,0.35,0.36,0.34,5.12,5.42,furniture,critical,0.84,32.0,27.5,19.7,1,0,1.0,27.26
63.65,2.23,0.22,0.82,0.2,0.85,1.92,hazmat,standard,0.84,34.6,15.4,12.5,0,0,1.4,19.97
186.02,1.93,0.31,0.11,0.11,4.1,0.28,medicine,low,0.83,29.0,17.2,11.2,1,0,1.2,35.66
181.98,1.32,0.26,0.12,0.38,7.91,1.35,luxury,standard,0.89,32.0,14.2,15.0,0,0,1.0,8.87
112.71,1.13,0.61,0.28,0.22,0.2,7.38,perishable,high,0.89,31.3,38.8,25.9,0,1,1.2,17.35
52.05,2.07,0.58,0.31,0.31,12.14,2.48,medicine,standard,0.68,24.9,37.0,27.5,0,0,1.2,25.12
305.23,2.39,0.38,0.25,0.25,0.53,7.33,perishable,critical,0.83,29.1,28.6,13.7,0,0,1.2,60.3
134.19,1.51,0.0,0.18,0.36,3.25,8.92,furniture,standard,0.8,31.1,0.0,0.0,0,0,1.0,15.24
172.52,2.04,0.49,0.69,0.21,16.61,6.77,furniture,standard,0.77,24.6,36.2,24.8,0,1,1.0,40.08
124.61,2.66,0.28,0.24,0.24,0.57,0.29,luxury,standard,0.78,29.6,15.3,13.8,0,2,1.0,27.47
82.11,1.93,0.13,0.67,0.52,4.23,4.53,perishable,critical,0.76,28.2,10.4,5.3,1,1,1.2,17.57
168.11,1.88,0.25,0.51,0.42,1.66,3.24,luxury,high,0.78,28.0,17.2,14.2,0,0,1.0,26.08
62.72,1.48,0.17,0.87,0.41,8.41,8.6,luxury,high,0.75,32.7,8.3,6.4,0,0,1.0,11.4
173.14,1.52,0.47,0.34,0.59,4.81,0.44,general,standard,0.72,29.0,33.2,17.8,0,0,1.0,18.96
266.88,1.31,0.57,0.99,0.14,5.63,2.28,furniture,critical,0.72,26.9,34.3,29.1,1,0,1.0,30.63
127.01,1.62,0.13,0.6,0.18,12.57,0.46,luxury,high,0.72,35.2,9.3,4.9,0,1,1.0,19.5
94.71,1.38,0.4,0.97,0.37,2.69,1.34,general,critical,0.93,33.2,27.6,16.2,0,0,1.0,9.86
69.85,2.71,0.16,0.68,0.52,14.68,9.67,medicine,standard,0.89,34.6,9.2,8.0,0,1,1.2,27.51
107.89,2.26,0.29,0.31,0.03,3.01,11.27,general,low,0.9,32.1,22.7,10.6,0,0,1.0,29.12
120.98,1.28,0.7,0.37,0.46,1.42,1.62,hazmat,standard,0.71,28.5,39.1,25.4,0,0,1.4,22.36
240.49,2.13,0.71,0.24,0.24,0.67,7.78,perishable,low,0.96,25.3,39.8,42.0,0,0,1.2,67.04
166.66,1.77,0.12,0.48,0.57,3.73,3.23,luxury,standard,0.87,27.5,7.6,5.0,1,0,1.0,20.43
196.11,1.8,0.21,0.4,0.41,16.94,5.46,perishable,standard,0.75,28.1,12.6,9.2,0,0,1.2,35.27
95.65,1.88,0.27,0.33,0.29,1.61,0.14,general,standard,0.88,32.3,16.7,11.5,0,0,1.0,9.75
142.33,1.82,0.56,0.28,0.21,3.19,3.9,perishable,low,0.75,34.0,27.7,25.7,0,0,1.2,29.74
170.26,1.59,0.35,0.85,0.09,11.52,3.61,perishable,high,0.8,30.0,23.7,19.9,0,0,1.2,21.51
24.88,2.06,0.28,0.86,0.32,2.72,0.2,medicine,high,0.74,26.8,18.1,10.1,1,0,1.2,12.41
29.86,1.29,0.68,0.59,0.1,2.29,2.01,general,high,0.87,28.2,51.2,35.7,1,2,1.0,23.4
30.16,1.25,0.41,0.65,0.33,4.42,8.48,luxury,critical,0.67,29.4,23.6,18.5,1,0,1.0,7.14
116.15,1.5,0.04,0.48,0.06,6.41,8.55,furniture,high,0.67,27.5,2.4,2.1,0,0,1.0,11.48
206.59,2.12,0.48,0.66,0.23,6.89,0.13,luxury,standard,0.84,27.0,37.7,17.7,0,0,1.0,39.57
76.89,1.25,0.2,0.81,0.18,1.3,1.45,general,high,0.98,28.6,13.8,7.3,0,1,1.0,7.93
60.1,1.65,0.14,0.54,0.5,0.26,5.67,general,critical,0.95,30.4,10.2,6.9,1,0,1.0,10.04
100.01,2.21,0.12,0.81,0.08,11.33,6.95,luxury,standard,0.73,27.3,9.5,5.7,1,0,1.0,20.34
123.47,1.52,0.16,0.9,0.16,7.56,10.01,general,standard,0.9,31.1,9.9,8.9,1,0,1.0,12.46
88.07,1.42,0.18,0.99,0.55,4.02,8.34,general,standard,0.95,25.4,12.0,7.5,1,0,1.0,18.4
63.51,2.21,0.22,0.97,0.19,14.89,0.82,medicine,standard,0.82,30.6,17.3,11.8,1,0,1.2,22.67
58.04,1.34,0.27,0.32,0.3,12.27,2.25,luxury,low,0.87,33.4,19.4,14.5,0,0,1.0,14.13
295.4,1.09,0.4,0.65,0.36,3.2,4.11,medicine,critical,0.69,34.0,28.0,14.1,1,0,1.2,20.19
44.22,2.42,0.5,0.42,0.25,4.33,3.35,general,standard,0.7,36.2,29.4,22.7,0,0,1.0,20.0
177.61,1.55,0.7,0.73,0.44,6.09,7.5,perishable,low,0.76,34.0,55.0,25.7,0,0,1.2,33.38
276.46,2.28,0.15,0.28,0.28,3.45,3.39,perishable,high,0.83,26.9,10.4,7.0,1,0,1.2,49.1
218.12,1.14,0.6,0.35,0.58,1.44,1.0,luxury,critical,0.8,31.2,39.3,26.1,0,0,1.0,9.6
59.04,2.21,0.46,0.97,0.16,6.17,7.09,general,high,0.66,32.0,34.2,23.0,1,0,1.0,34.59
253.55,1.18,0.44,0.65,0.08,4.46,1.99,medicine,high,0.67,26.0,30.5,22.9,1,1,1.2,30.28
48.3,1.48,0.3,0.28,0.24,5.91,10.11,general,high,0.77,32.2,19.4,11.9,0,0,1.0,4.9
94.27,1.6,0.79,0.45,0.4,2.42,6.5,luxury,low,0.65,27.4,47.3,40.6,0,0,1.0,19.96
122.75,1.28,0.21,0.42,0.37,5.23,0.26,medicine,standard,0.59,31.5,12.1,11.2,1,1,1.2,6.94
62.55,1.71,0.26,0.31,0.2,3.04,0.68,perishable,standard,0.7,31.1,20.4,9.3,0,1,1.2,17.77
144.6,1.89,0.59,0.15,0.15,0.76,5.2,luxury,high,0.75,24.7,36.9,25.7,0,1,1.0,29.84
82.35,1.95,0.23,0.98,0.28,0.2,8.42,furniture,standard,0.95,35.0,14.9,12.4,0,1,1.0,22.11
283.7,2.37,0.21,0.43,0.35,8.98,2.99,perishable,standard,0.78,27.7,16.7,8.2,1,3,1.2,78.17
122.91,1.81,0.31,0.59,0.28,8.22,4.8,perishable,high,0.7,32.3,24.2,17.5,1,0,1.2,26.48
208.46,1.09,0.85,0.46,0.37,0.49,5.14,perishable,standard,0.94,27.3,48.7,48.4,1,0,1.2,37.08
273.83,1.93,0.15,0.74,0.21,1.09,2.55,luxury,high,0.9,27.0,8.6,5.3,1,1,1.0,31.96
168.24,1.86,0.17,0.77,0.81,5.2,2.41,hazmat,critical,0.87,34.2,12.6,6.6,0,0,1.4,22.85
281.13,2.47,0.26,0.91,0.36,4.51,6.94,furniture,high,0.79,32.3,14.5,13.7,0,0,1.0,46.65
204.87,1.94,0.6,0.39,0.56,3.91,7.94,luxury,high,0.92,27.7,33.4,26.1,0,0,1.0,36.36
176.09,1.83,0.42,0.98,0.31,1.11,0.78,general,low,0.63,32.4,21.4,17.3,0,0,1.0,22.93
128.83,2.87,0.46,0.82,0.13,1.25,2.2,general,standard,0.73,36.2,27.0,24.3,0,1,1.0,44.66
43.13,2.27,0.42,0.27,0.2,2.9,16.51,medicine,standard,0.92,28.6,33.2,16.3,0,0,1.2,18.18
123.28,1.37,0.12,0.55,0.53,6.03,0.0,medicine,high,0.95,32.3,9.7,5.0,1,1,1.2,14.24
70.92,3.15,0.18,0.41,0.13,5.03,6.61,medicine,low,0.65,29.2,13.8,8.2,0,2,1.2,58.33
226.46,1.22,0.34,0.56,0.12,2.37,1.48,luxury,standard,0.82,35.3,25.4,14.7,0,1,1.0,9.46
76.27,1.54,0.05,0.38,0.18,6.38,0.72,medicine,high,0.92,28.4,2.5,2.0,1,1,1.2,11.1
148.01,1.99,0.16,0.32,0.59,4.71,1.87,perishable,standard,0.69,33.4,11.9,6.4,0,1,1.2,26.71
192.87,2.05,0.58,0.77,0.54,0.6,0.53,general,critical,0.64,29.8,39.5,28.8,1,4,1.0,54.55
69.24,2.12,0.11,0.56,0.42,11.63,2.67,medicine,low,0.8,31.0,7.7,6.5,0,0,1.2,19.54
141.49,2.62,0.68,0.59,0.33,18.57,6.88,general,high,0.74,33.2,33.4,32.0,0,0,1.0,41.86
99.4,1.51,0.21,0.48,0.09,5.23,0.76,furniture,standard,0.9,34.9,10.8,10.8,0,1,1.0,12.58
164.62,2.68,0.26,0.92,0.51,0.63,0.42,luxury,standard,0.92,30.7,14.1,13.7,0,1,1.0,31.32
56.69,2.18,0.02,0.14,0.39,1.21,2.55,general,standard,0.87,30.6,1.2,1.1,0,0,1.0,13.93
288.12,1.36,0.23,0.81,0.2,0.93,2.43,perishable,low,0.72,30.3,12.8,12.3,1,1,1.2,31.51
166.82,1.64,0.66,0.83,0.18,1.9,1.17,general,high,0.74,26.6,44.9,30.0,0,0,1.0,19.5
282.73,1.19,0.08,0.45,0.17,10.71,2.37,general,high,0.82,33.0,6.0,3.3,0,0,1.0,6.79
207.71,1.2,0.65,0.16,0.61,0.28,4.92,general,critical,0.91,29.0,39.6,35.1,0,0,1.0,11.13
100.65,1.64,0.41,0.8,0.36,0.43,4.08,medicine,standard,0.93,29.8,22.8,20.6,1,0,1.2,18.8
205.96,1.62,0.43,0.51,0.58,9.98,0.16,hazmat,high,0.81,27.5,31.7,22.1,0,1,1.4,36.79
237.11,1.88,0.03,0.66,0.43,19.61,6.21,general,high,0.88,26.4,1.9,1.2,1,0,1.0,33.54
213.01,1.02,0.11,0.82,0.27,12.0,9.07,perishable,high,0.68,26.9,7.1,5.1,0,1,1.2,11.99
148.7,1.27,0.47,0.25,0.22,1.77,6.77,general,high,0.79,24.6,31.9,21.1,0,3,1.0,16.27
80.56,1.94,0.06,0.43,0.64,0.7,7.2,perishable,high,0.92,30.0,4.5,3.0,0,0,1.2,16.76
210.16,1.53,0.17,0.72,0.29,8.07,0.26,general,high,0.9,30.5,11.3,6.2,1,1,1.0,20.54
195.22,1.05,0.28,0.41,0.19,4.08,2.49,luxury,high,0.69,28.2,18.5,10.1,0,0,1.0,7.63
112.06,2.7,0.73,0.43,0.04,4.03,11.69,furniture,high,0.89,33.6,47.1,35.9,0,0,1.0,32.22
63.21,2.43,0.24,0.77,0.46,1.52,0.06,general,standard,0.81,25.7,19.1,9.9,0,1,1.0,13.81
182.82,1.54,0.16,0.77,0.03,4.16,8.46,perishable,low,0.87,32.7,9.5,8.0,0,0,1.2,17.43
77.65,1.4,0.29,0.64,0.63,1.69,0.01,perishable,standard,0.87,29.5,22.3,14.8,0,0,1.2,11.64
108.75,2.28,0.5,0.47,0.4,2.82,11.38,furniture,standard,0.79,33.7,28.3,18.4,0,1,1.0,32.73
201.97,2.1,0.17,0.45,0.16,2.8,0.17,hazmat,critical,0.78,28.7,10.9,9.8,0,1,1.4,44.01
69.34,2.07,0.59,0.36,0.24,5.52,1.65,hazmat,low,0.79,27.8,43.6,31.8,0,2,1.4,54.02
45.59,2.15,0.02,0.17,0.05,13.37,4.81,medicine,standard,0.78,32.0,1.2,0.9,1,2,1.2,21.46
36.21,1.83,0.05,0.14,0.27,5.03,2.9,perishable,low,0.6,33.0,3.0,2.1,0,0,1.2,11.22
187.14,1.52,0.03,0.93,0.56,1.96,0.93,medicine,high,0.9,25.0,2.0,1.8,0,1,1.2,21.24
188.36,1.59,0.48,0.21,0.42,11.9,4.81,luxury,standard,0.81,24.9,27.4,18.2,1,1,1.0,33.41
120.35,1.38,0.24,0.65,0.48,1.69,5.21,perishable,high,0.81,32.7,14.7,10.2,0,0,1.2,13.75
216.87,1.68,0.22,0.35,0.6,5.35,4.52,luxury,low,0.74,31.7,13.5,11.7,1,0,1.0,32.51
116.37,1.6,0.02,0.67,0.23,4.47,3.24,medicine,low,0.99,35.4,1.4,1.0,0,1,1.2,21.56
122.98,1.07,0.46,0.73,0.14,0.63,16.83,hazmat,standard,0.89,30.5,35.1,17.8,0,1,1.4,19.48
110.96,1.31,0.3,0.81,0.73,3.41,10.05,furniture,high,0.72,29.0,17.0,17.2,0,0,1.0,11.52
33.47,2.14,0.63,0.18,0.29,5.64,3.53,general,standard,0.96,28.6,43.9,26.3,0,1,1.0,9.78
98.09,1.79,0.13,0.19,0.24,5.18,1.0,general,standard,0.91,32.5,10.2,5.2,0,0,1.0,7.19
42.56,1.26,0.26,0.83,0.41,5.52,2.39,general,high,0.78,31.5,15.8,10.8,1,0,1.0,10.41
90.5,1.47,0.46,0.94,0.4,9.98,0.4,perishable,high,0.7,30.6,25.2,19.4,0,0,1.2,16.0
197.28,2.3,0.16,0.33,0.12,2.65,6.1,general,high,0.76,35.4,8.2,7.3,0,0,1.0,41.42
28.12,1.13,0.33,0.38,0.75,9.05,0.76,general,low,0.98,29.2,21.3,13.4,0,1,1.0,10.05
95.94,2.31,0.51,0.93,0.17,12.46,7.33,medicine,high,0.85,30.7,25.9,26.7,0,3,1.2,42.56
94.0,1.63,0.22,0.81,0.32,3.66,2.95,luxury,high,0.79,32.6,13.6,11.3,1,1,1.0,13.53
173.17,1.24,0.39,0.31,0.2,12.61,3.77,perishable,standard,0.58,34.6,27.5,21.1,0,0,1.2,20.46
73.14,1.4,0.28,0.62,0.53,11.48,3.22,hazmat,critical,0.84,33.7,17.1,12.3,0,1,1.4,15.78
190.23,2.21,0.17,0.38,0.51,9.07,1.12,general,high,0.69,33.1,9.0,8.3,1,0,1.0,29.96
80.68,3.0,0.58,0.5,0.31,5.09,5.7,perishable,standard,0.63,25.4,43.1,30.0,1,0,1.2,57.06
208.48,1.41,0.14,0.73,0.38,3.17,5.89,perishable,high,0.81,31.6,7.0,6.3,0,1,1.2,22.87
181.61,2.45,0.77,0.32,0.14,1.4,10.44,furniture,critical,0.79,31.2,41.9,44.9,0,1,1.0,39.46
145.87,2.49,0.37,0.17,0.3,3.02,0.63,perishable,standard,0.86,26.9,21.2,16.3,0,0,1.2,37.63
103.99,1.83,0.07,0.99,0.19,12.21,9.79,luxury,standard,0.78,27.5,4.5,3.0,0,0,1.0,20.52
52.73,1.62,0.59,0.48,0.33,1.72,2.0,perishable,standard,0.93,31.1,43.5,20.8,0,1,1.2,12.61
129.32,1.31,0.72,0.76,0.23,9.75,4.17,general,critical,0.85,26.4,45.2,27.7,0,0,1.0,10.29
212.15,1.56,0.79,1.0,0.86,2.78,3.43,hazmat,standard,0.78,27.6,59.9,47.0,0,1,1.4,41.48
68.24,1.38,0.18,0.13,0.68,7.86,3.34,luxury,standard,0.87,33.3,11.7,9.7,0,0,1.0,6.32
215.9,1.88,0.18,0.5,0.31,2.35,4.04,furniture,standard,0.97,26.9,11.1,10.1,0,2,1.0,26.7
222.86,1.59,0.31,0.12,0.09,0.51,5.38,general,standard,0.67,29.1,21.3,17.4,0,0,1.0,24.56
77.58,2.01,0.03,0.68,0.11,2.47,5.02,medicine,standard,0.81,24.3,1.8,1.5,0,0,1.2,13.54
145.54,2.07,0.49,0.25,0.32,11.16,2.57,furniture,low,0.77,30.4,27.4,27.6,1,1,1.0,43.43
267.51,1.75,0.25,0.95,0.14,3.11,0.45,general,critical,0.87,34.3,13.5,10.0,0,0,1.0,20.3
92.92,1.51,0.55,0.89,0.03,2.4,2.31,hazmat,low,0.88,26.8,38.2,19.9,1,1,1.4,54.07
192.6,2.06,0.01,0.69,0.4,28.86,4.98,medicine,low,0.56,29.8,0.6,0.4,0,1,1.2,63.86
68.7,2.22,0.4,0.25,0.07,3.78,9.72,furniture,low,0.88,32.8,27.0,22.2,1,0,1.0,30.79
131.96,3.26,0.49,0.41,0.3,0.16,2.55,perishable,standard,0.75,28.2,25.3,22.4,0,0,1.2,50.63
86.23,2.67,0.11,0.98,0.2,0.62,1.62,general,high,0.84,33.5,8.6,6.5,0,0,1.0,32.08
138.49,2.12,0.4,0.38,0.57,1.86,4.15,furniture,high,0.87,29.2,29.1,22.5,0,1,1.0,28.41
209.97,2.54,0.65,0.99,0.63,9.45,0.61,general,critical,0.85,27.8,43.7,30.3,1,0,1.0,54.36
134.59,3.12,0.5,0.84,0.27,3.22,2.44,medicine,standard,0.98,26.1,36.7,28.3,0,0,1.2,46.14
131.66,2.62,0.29,0.58,0.35,0.25,1.06,perishable,standard,0.53,26.2,17.5,10.6,1,1,1.2,54.3
72.99,1.5,0.2,0.87,0.14,1.14,1.08,general,standard,0.58,34.2,13.5,11.5,0,0,1.0,13.03
254.89,1.75,0.28,0.98,0.47,0.71,2.3,perishable,high,0.9,34.6,20.8,10.6,0,1,1.2,42.4
275.32,1.73,0.42,0.36,0.26,7.54,2.92,furniture,standard,0.82,29.3,27.8,22.8,1,0,1.0,39.24
168.57,1.25,0.19,0.21,0.27,1.44,8.04,general,standard,0.89,31.0,12.4,9.0,1,0,1.0,10.96
290.01,1.17,0.25,0.17,0.79,2.75,2.58,medicine,critical,0.87,32.0,14.5,9.7,0,1,1.2,15.77
196.07,1.9,0.41,0.65,0.54,4.15,6.89,perishable,standard,0.75,33.4,26.5,22.6,0,0,1.2,40.99
21.08,1.78,0.36,0.39,0.23,9.02,10.56,furniture,high,0.76,30.0,23.3,13.2,0,0,1.0,10.23
55.42,1.53,0.64,0.45,0.41,2.42,6.7,luxury,high,0.91,29.5,42.1,27.1,1,1,1.0,24.74
97.58,2.57,0.66,0.24,0.16,0.3,4.46,perishable,standard,0.92,32.2,47.4,26.8,0,0,1.2,39.58
181.0,1.68,0.62,0.18,0.46,0.34,4.36,general,standard,0.8,32.6,42.0,34.1,1,0,1.0,33.42
37.28,1.15,0.19,0.39,0.06,0.75,10.55,luxury,low,0.55,29.5,15.2,8.7,0,1,1.0,10.16
155.76,1.53,0.28,0.26,0.36,8.8,5.51,hazmat,high,0.89,32.2,19.6,12.0,0,2,1.4,28.1
219.11,2.04,0.07,0.16,0.32,2.77,0.78,furniture,high,0.72,34.8,4.8,3.3,1,0,1.0,27.21
109.47,1.53,0.55,0.14,0.32,6.02,4.21,general,standard,0.85,33.2,35.3,19.4,0,0,1.0,17.93
150.93,1.38,0.19,0.15,0.23,7.01,1.98,medicine,critical,0.87,33.8,10.2,8.1,1,0,1.2,12.25
170.02,1.87,0.4,0.75,0.39,8.6,0.39,furniture,high,0.86,31.5,25.7,23.6,0,0,1.0,25.02
169.38,1.11,0.16,0.65,0.74,2.81,6.0,perishable,critical,0.68,30.5,9.5,6.3,0,1,1.2,13.24
106.9,1.82,0.04,0.72,0.44,0.91,2.98,general,critical,0.77,32.3,2.7,2.0,0,2,1.0,16.26
204.82,1.07,0.65,0.83,0.47,9.18,1.23,general,standard,0.82,32.2,47.3,37.8,1,0,1.0,18.02
105.73,2.05,0.33,0.66,0.22,3.72,0.58,medicine,standard,0.67,32.6,22.8,15.3,0,1,1.2,32.41
150.52,2.63,0.49,0.53,0.25,3.13,0.54,perishable,critical,0.72,26.2,25.9,24.2,0,0,1.2,36.38
130.63,1.67,0.34,0.84,0.32,6.31,19.65,perishable,high,0.69,35.7,27.0,13.3,0,1,1.2,28.94
110.86,1.7,0.04,0.66,0.46,8.7,6.23,perishable,standard,0.75,33.2,2.5,1.5,0,0,1.2,18.0
155.76,1.96,0.32,0.73,0.5,6.61,5.54,furniture,low,0.71,35.4,17.5,12.8,0,0,1.0,29.31
237.7,1.41,0.17,0.49,0.39,0.8,1.27,furniture,critical,0.85,30.4,9.6,9.6,1,2,1.0,21.28
37.82,1.06,0.06,0.51,0.1,6.3,3.37,general,high,0.8,24.4,4.0,2.8,0,0,1.0,2.01
129.74,1.9,0.11,0.5,0.23,0.27,7.37,perishable,standard,0.79,31.7,7.5,6.5,0,0,1.2,28.59
53.09,1.58,0.29,0.36,0.43,10.77,0.52,general,standard,0.87,29.4,21.9,11.3,0,3,1.0,16.33
37.43,1.25,0.36,0.66,0.82,12.96,2.78,perishable,high,0.75,30.2,24.7,19.2,0,0,1.2,13.92
79.28,1.75,0.56,0.5,0.29,3.76,0.21,furniture,high,0.74,31.7,34.1,24.9,0,0,1.0,13.79
252.79,2.62,0.54,0.14,0.38,1.2,0.1,perishable,high,0.93,25.8,42.2,31.1,0,0,1.2,64.1
155.85,1.77,0.29,0.73,0.29,2.06,0.33,hazmat,standard,0.8,34.5,21.2,10.3,0,2,1.4,32.45
107.19,1.87,0.06,0.55,0.49,10.92,6.31,perishable,critical,0.85,29.8,3.4,2.9,0,0,1.2,14.44
94.46,1.69,0.21,0.27,0.44,16.37,0.8,furniture,high,0.78,29.3,14.4,8.6,0,0,1.0,8.3
181.59,2.24,0.48,0.15,0.43,0.3,0.46,medicine,low,0.65,29.0,32.2,24.5,0,2,1.2,59.36
142.3,2.44,0.16,0.27,0.35,0.07,1.56,hazmat,critical,0.88,24.4,12.8,8.2,0,0,1.4,40.26
106.49,1.51,0.29,0.56,0.66,3.98,0.29,perishable,high,0.75,31.5,20.1,12.1,0,0,1.2,13.16
50.69,1.66,0.45,0.16,0.3,1.12,3.93,hazmat,low,0.77,23.9,30.7,26.2,1,1,1.4,41.26
73.27,1.36,0.08,0.65,0.34,7.93,1.4,general,standard,0.92,32.2,5.7,4.5,0,0,1.0,4.11
249.63,1.18,0.31,0.34,0.19,20.31,1.54,hazmat,high,0.8,29.6,21.0,16.9,0,0,1.4,18.08
155.65,1.29,0.33,0.97,0.66,0.46,6.18,general,standard,0.8,28.3,22.9,18.4,0,1,1.0,14.1
83.51,1.91,0.14,0.81,0.37,0.21,0.39,general,standard,0.7,25.7,11.2,6.3,0,0,1.0,5.79
171.75,1.33,0.74,0.2,0.47,2.74,0.36,perishable,standard,0.94,29.6,38.0,38.6,1,0,1.2,31.0
205.39,1.76,0.75,0.74,0.42,1.96,3.0,perishable,standard,0.72,25.3,40.2,27.6,1,1,1.2,65.15
94.47,1.24,0.14,0.85,0.04,2.44,3.67,furniture,critical,0.67,31.3,10.5,8.1,0,0,1.0,1.34
115.6,1.98,0.27,0.88,0.23,1.97,1.06,hazmat,high,0.97,32.1,20.2,15.4,0,0,1.4,19.33
128.03,1.63,0.12,0.59,0.53,0.62,7.15,general,standard,0.58,26.7,8.7,5.0,0,1,1.0,14.97
65.12,1.44,0.41,0.88,0.36,11.01,11.18,furniture,standard,0.88,29.4,21.3,23.1,1,3,1.0,26.23
153.93,1.43,0.23,0.79,0.33,0.02,12.05,general,low,0.57,27.7,16.6,13.1,0,1,1.0,19.39
71.05,1.44,0.61,0.61,0.23,0.71,25.0,hazmat,high,0.84,34.3,33.4,35.8,0,1,1.4,34.66
41.88,1.94,0.32,0.48,0.05,1.32,2.2,perishable,high,0.99,30.7,19.2,13.7,0,1,1.2,18.01
71.0,1.66,0.28,0.1,0.52,2.71,6.3,general,low,0.96,28.3,22.5,13.6,1,3,1.0,18.01
149.35,1.57,0.13,0.65,0.21,0.89,1.18,hazmat,standard,0.8,31.3,6.6,6.4,0,1,1.4,32.11
79.54,2.69,0.1,0.32,0.48,2.42,2.64,general,standard,0.74,29.1,6.3,3.6,0,0,1.0,26.3
118.26,1.37,0.59,0.3,0.07,0.37,4.65,medicine,high,0.85,31.4,37.4,32.0,0,1,1.2,19.35
129.69,1.27,0.34,0.23,0.39,3.25,1.78,perishable,standard,0.78,26.7,19.2,17.1,1,1,1.2,11.08
53.72,1.59,0.51,0.72,0.36,5.08,0.03,general,high,0.62,29.6,33.3,29.9,0,1,1.0,14.44
303.29,1.27,0.04,0.71,0.23,9.08,2.28,furniture,high,0.79,31.2,2.8,1.4,0,0,1.0,8.89
107.57,1.8,0.52,0.48,0.2,5.85,3.68,general,high,0.74,32.0,39.9,26.1,0,0,1.0,9.29
196.67,1.43,0.2,0.52,0.27,1.32,3.12,luxury,high,0.81,26.6,15.2,9.1,0,1,1.0,16.9
123.79,2.47,0.04,0.78,0.18,5.04,11.21,perishable,high,0.85,35.1,3.0,2.1,0,2,1.2,50.19
208.29,1.77,0.03,0.24,0.25,1.43,7.63,medicine,high,0.91,34.5,2.1,1.1,0,2,1.2,38.63
213.1,1.49,0.44,0.31,0.22,3.94,2.15,general,high,0.87,26.6,26.3,17.7,0,1,1.0,17.74
153.83,2.13,0.36,0.95,0.67,5.95,0.02,luxury,standard,0.79,31.3,19.2,13.5,0,2,1.0,30.93
37.11,1.05,0.2,1.0,0.15,2.87,1.85,medicine,standard,0.73,31.0,12.3,7.7,0,0,1.2,3.13
252.85,1.39,0.11,0.56,0.3,0.77,5.28,perishable,low,0.84,29.9,6.2,5.3,1,1,1.2,19.04
81.69,2.02,0.2,0.52,0.34,0.66,4.34,perishable,high,0.84,33.1,15.6,11.3,1,0,1.2,17.87
53.91,1.43,0.33,0.17,0.06,1.78,9.98,general,critical,0.81,32.5,24.6,15.1,0,0,1.0,9.34
200.98,1.73,0.04,0.7,0.26,1.47,1.13,general,high,0.79,25.8,2.6,2.1,1,0,1.0,23.01
145.56,1.58,0.25,0.52,0.3,0.37,0.05,medicine,high,0.8,36.3,13.7,12.7,1,2,1.2,18.0
140.47,2.57,0.69,0.58,0.47,0.31,8.59,hazmat,low,0.9,26.4,36.1,34.8,0,2,1.4,65.24
90.75,1.75,0.25,0.94,0.45,0.62,7.74,luxury,standard,0.79,28.8,17.5,11.6,0,3,1.0,27.43
219.58,1.14,0.4,0.93,0.08,7.33,1.77,furniture,high,0.88,34.7,30.4,14.1,1,2,1.0,21.66
61.32,1.57,0.44,0.93,0.49,8.2,14.15,general,standard,0.61,28.2,35.0,21.4,0,1,1.0,15.36
142.07,1.21,0.52,0.19,0.14,8.28,0.19,furniture,standard,0.82,32.2,34.8,23.3,0,1,1.0,9.86
53.81,1.72,0.76,0.45,0.26,0.38,5.19,general,high,0.83,29.3,54.0,34.8,0,0,1.0,13.81
201.84,1.71,0.03,0.7,0.22,1.01,22.18,medicine,high,0.69,30.6,1.9,1.1,1,0,1.2,30.66
285.55,1.69,0.23,0.22,0.38,0.33,7.77,general,standard,0.84,25.6,16.4,11.1,0,2,1.0,35.45
172.78,2.4,0.4,0.95,0.13,1.58,17.25,medicine,standard,0.82,32.1,23.2,14.8,0,0,1.2,38.06
71.91,1.21,0.65,0.62,0.24,4.99,2.36,general,low,0.66,30.5,44.0,28.8,0,0,1.0,12.22
199.08,1.67,0.44,0.64,0.31,5.67,1.75,furniture,standard,0.88,27.6,24.2,21.6,0,2,1.0,31.79
107.7,1.36,0.53,0.21,0.7,1.88,7.3,furniture,critical,0.99,27.5,41.8,20.9,0,2,1.0,11.11
84.19,1.69,0.06,0.12,0.18,8.94,2.66,medicine,standard,0.93,33.9,3.4,2.5,0,0,1.2,13.4
116.55,1.68,0.27,0.68,0.59,0.79,0.43,furniture,low,0.8,28.1,18.3,13.4,0,0,1.0,16.61
38.28,1.55,0.49,0.29,0.28,0.37,1.51,general,standard,0.73,26.9,33.0,21.4,1,1,1.0,19.15
253.02,1.45,0.16,0.84,0.1,5.24,0.96,furniture,high,0.59,29.7,12.2,7.0,0,0,1.0,14.55
125.43,1.82,0.22,0.14,0.8,0.22,1.94,perishable,standard,0.83,32.5,15.9,12.7,1,1,1.2,24.57
159.32,1.67,0.08,0.25,0.14,2.84,2.46,perishable,standard,0.69,24.9,4.2,2.9,1,0,1.2,15.49
257.03,2.29,0.64,0.8,0.65,2.79,6.44,perishable,standard,0.72,29.6,40.5,29.3,1,0,1.2,82.96
243.63,1.39,0.11,0.11,0.22,1.6,5.2,general,low,0.77,31.2,8.1,5.9,0,0,1.0,15.59
94.31,2.44,0.74,0.32,0.12,1.8,10.42,perishable,standard,0.8,31.6,41.7,42.8,0,0,1.2,31.61
139.28,2.21,0.07,0.75,0.33,10.33,3.22,furniture,low,0.78,30.6,3.9,3.3,0,0,1.0,37.37
80.38,1.32,0.28,0.73,0.25,0.87,1.69,luxury,standard,0.84,31.0,20.9,15.7,0,0,1.0,9.3
219.73,1.68,0.26,0.28,0.06,12.91,2.29,general,standard,0.96,32.9,18.8,10.9,1,1,1.0,20.72
242.78,1.38,0.15,0.81,0.06,3.39,2.51,general,high,0.81,26.6,8.0,7.5,0,0,1.0,16.01
39.55,2.32,0.09,0.48,0.66,17.19,5.85,perishable,standard,0.71,30.3,5.6,4.4,0,1,1.2,16.94
257.21,1.31,0.45,0.73,0.22,0.16,0.35,hazmat,standard,0.78,32.6,22.6,21.5,0,0,1.4,23.93
65.1,1.26,0.24,0.52,0.45,0.59,3.98,general,low,0.74,32.2,18.9,8.9,1,1,1.0,11.64
122.36,2.07,0.48,0.11,0.6,1.37,1.99,general,standard,0.87,27.3,37.7,24.1,0,0,1.0,22.3
46.43,2.18,0.09,0.1,0.07,0.1,1.93,luxury,standard,0.92,32.9,7.0,3.3,0,1,1.0,12.12
165.14,1.41,0.47,0.99,0.53,6.24,8.4,furniture,critical,0.83,27.6,33.1,23.0,1,0,1.0,26.56
64.29,1.42,0.25,0.28,0.52,5.72,4.11,perishable,critical,0.68,34.6,18.7,14.7,1,2,1.2,16.14
103.5,1.8,0.31,0.87,0.18,12.94,5.11,general,high,0.85,34.5,18.8,11.5,0,0,1.0,13.65
129.66,2.44,0.1,0.31,0.05,4.74,1.74,perishable,low,0.83,27.5,7.6,5.4,0,1,1.2,41.43
28.99,2.59,0.29,0.51,0.24,1.37,2.33,medicine,critical,0.85,31.7,21.9,14.9,0,1,1.2,15.86
173.17,2.63,0.06,0.99,0.65,2.9,2.43,hazmat,critical,0.64,29.8,4.5,2.4,0,1,1.4,59.99
20.15,1.47,0.19,0.22,0.35,3.46,1.3,general,standard,0.85,28.6,13.0,10.2,0,0,1.0,3.95
99.17,1.78,0.04,0.6,0.19,1.73,10.56,general,standard,0.9,35.6,2.3,2.4,0,0,1.0,18.63
186.95,1.95,0.27,0.43,0.44,0.68,8.0,general,low,0.87,27.0,20.8,15.4,0,0,1.0,38.82
210.04,2.21,0.37,0.61,0.1,0.89,0.29,general,high,0.82,33.0,19.3,15.1,1,0,1.0,27.86
101.68,1.8,0.14,0.57,0.24,21.3,5.06,furniture,critical,0.77,25.4,9.4,5.6,0,0,1.0,21.33
59.95,2.05,0.39,0.22,0.36,7.84,8.57,perishable,high,0.87,24.6,19.7,22.9,0,0,1.2,19.31
148.48,1.62,0.4,0.61,0.18,5.0,3.04,medicine,low,0.81,29.8,27.9,14.7,1,0,1.2,41.75
180.53,1.81,0.45,0.43,0.59,2.47,2.28,furniture,standard,0.92,28.4,29.1,22.7,0,0,1.0,27.96
172.04,1.75,0.49,0.33,0.6,4.45,0.02,hazmat,standard,0.76,30.1,24.6,25.6,1,0,1.4,30.45
129.87,1.56,0.66,0.23,0.54,0.54,5.2,general,high,0.88,24.1,40.0,38.9,0,1,1.0,19.27
228.42,2.23,0.1,0.7,0.15,1.19,3.55,furniture,low,0.82,33.2,7.3,3.9,1,1,1.0,38.82
109.83,1.49,0.41,0.75,0.33,3.03,12.93,general,high,0.74,33.2,28.3,17.9,0,0,1.0,14.59
117.25,1.51,0.47,0.84,0.45,0.56,2.08,medicine,high,0.76,30.7,30.4,20.1,1,0,1.2,26.9
112.15,1.91,0.49,0.84,0.06,22.12,4.75,perishable,standard,0.6,27.1,24.5,27.7,1,0,1.2,35.09
169.99,1.87,0.23,1.0,0.28,17.16,1.95,medicine,low,0.71,30.7,15.7,8.6,1,0,1.2,39.74
123.92,1.13,0.37,0.32,0.49,1.3,8.5,hazmat,low,0.65,30.4,25.2,17.7,0,0,1.4,13.11
259.57,2.33,0.25,0.61,0.71,3.58,0.81,medicine,standard,0.77,24.2,18.4,13.6,0,0,1.2,40.53
239.55,1.18,0.65,0.61,0.22,0.3,1.1,hazmat,high,0.78,34.4,43.3,26.9,0,1,1.4,20.64
140.89,1.1,0.12,0.58,0.15,0.12,6.28,general,critical,0.85,35.1,7.7,4.4,0,0,1.0,7.48
34.69,2.01,0.06,0.42,0.19,4.23,5.03,general,critical,0.83,30.7,4.7,2.1,0,1,1.0,10.22
245.94,1.66,0.42,0.26,0.49,1.32,2.04,general,high,0.71,30.1,22.9,15.5,1,1,1.0,28.06
188.82,2.4,0.35,0.62,0.03,0.06,3.5,hazmat,standard,0.84,33.3,20.3,14.9,0,0,1.4,53.88
44.65,2.81,0.48,0.23,0.05,0.88,0.39,medicine,high,0.83,28.1,28.5,19.4,0,0,1.2,20.44
203.02,2.32,0.15,0.11,0.18,4.63,2.46,medicine,low,0.96,31.2,8.0,6.0,1,0,1.2,48.35
33.45,1.64,0.1,0.7,0.68,6.6,7.56,luxury,high,0.91,27.7,5.4,4.8,1,1,1.0,10.63
44.28,1.79,0.39,0.5,0.47,2.98,0.82,luxury,standard,0.91,31.2,29.8,21.9,1,1,1.0,22.11
113.82,2.03,0.2,0.96,0.44,5.99,10.58,perishable,standard,0.75,33.1,13.3,9.8,1,0,1.2,23.61
326.27,1.25,0.06,0.41,0.19,2.02,6.28,medicine,high,0.82,30.4,4.0,2.6,0,0,1.2,13.6
80.31,2.13,0.33,0.99,0.19,1.44,5.63,medicine,standard,0.87,36.2,25.8,14.4,0,3,1.2,34.26
244.7,1.44,0.23,0.11,0.44,1.8,12.24,perishable,standard,0.67,29.2,13.6,8.3,0,0,1.2,19.59
237.24,1.61,0.6,0.15,0.26,1.55,15.89,luxury,low,0.71,29.5,35.6,24.1,1,0,1.0,43.23
74.93,1.38,0.25,0.7,0.04,0.19,11.02,medicine,standard,0.68,27.7,19.4,12.9,0,0,1.2,12.16
169.37,2.06,0.22,0.67,0.11,12.62,1.73,luxury,critical,0.88,31.1,16.1,12.1,0,0,1.0,32.9
249.29,1.1,0.11,0.59,0.42,4.06,0.02,furniture,high,0.92,30.4,6.1,4.3,0,0,1.0,6.75
188.25,1.49,0.03,0.27,0.19,2.17,2.97,general,low,0.73,23.3,2.2,1.1,0,1,1.0,21.97
49.99,1.7,0.19,0.19,0.22,2.95,2.07,medicine,standard,0.94,26.3,14.2,7.9,1,1,1.2,16.88
34.89,1.17,0.27,0.15,0.37,2.2,1.11,furniture,standard,0.77,24.6,20.0,12.5,0,0,1.0,3.61
218.47,1.38,0.3,0.8,0.24,6.9,0.16,furniture,high,0.74,33.3,14.9,12.6,0,0,1.0,13.04
94.67,1.92,0.61,0.89,0.82,5.21,3.04,general,standard,0.9,33.0,30.6,35.6,0,2,1.0,22.19
162.97,1.6,0.2,0.84,0.32,21.53,1.92,medicine,critical,0.91,28.1,11.1,7.4,0,0,1.2,21.25
95.06,2.1,0.06,0.23,0.37,4.19,1.68,medicine,high,0.75,27.6,4.7,2.5,0,0,1.2,24.28
103.57,1.34,0.27,0.8,0.19,0.94,0.79,general,standard,0.91,30.2,17.7,10.1,0,1,1.0,10.35
111.07,1.77,0.6,0.98,0.44,5.49,7.79,hazmat,critical,0.77,31.6,37.1,34.6,0,0,1.4,25.59
80.95,1.58,0.24,0.65,0.55,0.4,15.97,medicine,high,0.83,34.2,14.2,9.5,0,0,1.2,16.69
174.07,1.33,0.59,0.45,0.17,1.65,10.31,perishable,standard,0.63,34.7,46.5,32.3,0,1,1.2,20.07
192.84,1.52,0.51,0.18,0.44,1.17,1.04,medicine,high,0.87,31.0,30.5,23.5,1,0,1.2,38.66
75.43,1.85,0.06,0.37,0.58,1.78,0.93,hazmat,low,0.9,27.3,3.8,2.7,0,0,1.4,17.94
78.52,1.91,0.37,0.63,0.78,1.65,6.42,general,critical,0.88,36.0,18.6,17.5,0,0,1.0,11.73
227.59,1.42,0.14,0.48,0.48,6.37,2.24,general,low,0.79,25.4,8.8,6.1,0,1,1.0,22.11
71.35,1.24,0.27,0.56,0.61,3.23,8.68,perishable,standard,0.65,30.6,15.5,13.1,0,2,1.2,16.56
166.36,2.35,0.39,0.72,0.32,0.3,1.28,furniture,critical,0.8,32.8,22.8,19.7,1,0,1.0,30.67
248.91,1.85,0.11,0.49,0.53,5.87,6.05,perishable,critical,0.7,32.3,8.2,4.8,0,1,1.2,29.79
63.25,2.24,0.06,0.27,0.04,1.26,0.58,general,standard,0.97,25.7,3.5,3.2,0,1,1.0,9.9
95.61,2.2,0.57,0.17,0.35,3.18,1.36,perishable,standard,0.87,30.1,38.9,25.2,0,2,1.2,28.07
93.19,1.56,0.67,0.48,0.22,4.65,9.12,hazmat,standard,0.92,34.8,36.1,39.2,1,0,1.4,44.55
109.12,1.66,0.38,0.89,0.09,5.17,3.87,luxury,low,0.77,31.5,30.1,17.1,0,1,1.0,20.06
145.08,2.35,0.09,0.71,0.71,5.56,1.67,general,standard,0.94,32.3,5.5,3.3,0,0,1.0,20.92
89.48,1.47,0.11,0.31,0.14,8.64,2.78,medicine,standard,0.81,25.8,8.7,4.6,0,1,1.2,13.98
176.83,2.06,0.79,0.55,0.72,4.64,9.94,hazmat,low,0.71,25.3,59.6,29.3,0,0,1.4,83.27
184.2,1.66,0.55,0.3,0.25,8.01,9.41,luxury,standard,0.78,29.2,31.7,31.5,1,0,1.0,36.61
130.48,1.35,0.33,0.22,0.27,1.01,1.55,general,critical,0.77,25.1,20.7,15.4,0,1,1.0,7.66
77.64,1.53,0.03,0.8,0.61,8.14,6.35,luxury,low,0.85,28.2,2.2,1.7,1,0,1.0,17.98
221.19,2.05,0.21,0.48,0.48,6.66,4.98,furniture,standard,0.88,29.1,12.5,10.5,0,0,1.0,37.06
128.94,1.04,0.28,0.15,0.17,4.17,1.61,hazmat,low,0.79,34.5,22.4,12.0,0,0,1.4,8.06
42.14,1.5,0.27,0.84,0.21,12.77,0.13,furniture,standard,0.94,28.8,21.6,14.1,0,1,1.0,12.46
67.74,2.52,0.19,0.94,0.77,13.98,1.81,furniture,critical,0.67,28.2,10.2,10.9,1,0,1.0,21.8
118.77,1.54,0.46,0.41,0.28,2.56,0.02,general,critical,0.81,31.3,27.2,26.4,0,1,1.0,9.62
101.01,2.65,0.17,0.55,0.15,5.68,6.06,luxury,high,0.81,28.5,10.7,6.0,1,0,1.0,24.26
75.71,1.79,0.38,0.78,0.59,3.83,3.94,perishable,critical,0.69,30.3,26.6,16.7,0,1,1.2,19.26
114.01,1.79,0.69,0.13,0.25,1.03,13.9,perishable,high,0.95,33.7,39.8,24.8,1,1,1.2,33.5
66.58,1.55,0.17,0.93,0.41,3.62,0.3,perishable,high,0.7,28.5,12.3,9.0,1,0,1.2,15.85
143.38,2.25,0.3,1.0,0.26,0.18,1.5,general,critical,0.94,26.5,21.0,11.5,0,0,1.0,23.38
109.22,2.03,0.34,0.55,0.27,0.89,1.16,furniture,high,0.87,35.2,23.8,15.7,0,0,1.0,21.37
150.1,2.38,0.35,0.58,0.66,0.69,1.9,general,high,0.84,24.4,19.1,13.7,0,0,1.0,36.87
137.2,2.45,0.21,0.57,0.75,20.7,10.3,general,low,0.61,34.0,11.2,8.0,0,0,1.0,43.01
188.82,1.68,0.51,0.84,0.41,7.0,2.2,furniture,standard,0.73,31.3,29.8,30.6,0,0,1.0,25.49
153.29,2.48,0.32,0.57,0.33,0.55,1.17,furniture,high,0.88,35.0,21.0,14.7,0,0,1.0,30.23
165.41,1.78,0.07,0.69,0.1,1.67,0.35,furniture,high,0.95,25.6,3.7,2.8,0,1,1.0,17.63
156.47,1.07,0.45,0.69,0.24,2.86,2.83,perishable,high,0.86,25.6,25.6,25.9,0,0,1.2,7.97
157.18,1.24,0.51,0.58,0.36,7.45,8.8,perishable,high,0.81,29.7,40.8,19.2,0,2,1.2,20.51
170.59,2.12,0.49,0.93,0.27,1.25,5.37,general,standard,0.88,27.8,35.0,27.6,1,2,1.0,36.25
133.39,1.51,0.52,0.87,0.53,3.59,3.12,furniture,low,0.8,29.6,39.4,31.1,0,0,1.0,20.04
279.46,1.12,0.37,0.16,0.18,3.15,3.6,hazmat,standard,0.55,31.9,25.9,13.3,0,1,1.4,22.47
140.72,2.14,0.09,0.47,0.12,3.99,3.3,general,standard,0.72,26.1,4.9,3.4,1,0,1.0,27.21
35.86,1.92,0.14,0.63,0.21,11.49,2.5,medicine,high,0.8,34.3,11.0,6.8,0,0,1.2,12.57
76.65,1.07,0.28,0.81,0.2,2.79,8.35,general,high,0.87,34.7,22.4,12.8,1,1,1.0,9.66
156.48,2.66,0.11,0.42,0.1,30.0,2.47,general,critical,0.62,33.6,5.8,6.6,1,2,1.0,46.91
132.36,2.07,0.38,0.65,0.53,2.87,16.21,perishable,critical,0.86,27.1,19.3,17.1,0,1,1.2,29.42
129.78,1.31,0.04,0.49,0.49,2.93,2.1,luxury,low,0.96,29.6,2.0,2.0,0,1,1.0,11.6
36.11,2.15,0.03,0.21,0.06,0.45,0.47,furniture,standard,0.65,27.2,2.2,1.7,0,0,1.0,12.68
164.75,1.67,0.55,1.0,0.69,3.27,0.91,luxury,high,0.66,27.1,40.9,22.5,1,3,1.0,30.36
45.62,1.83,0.26,0.71,0.56,7.5,4.14,general,high,0.78,33.2,20.7,12.5,0,0,1.0,10.05
241.23,1.34,0.3,0.37,0.49,1.43,0.05,furniture,high,0.89,28.4,17.3,17.8,1,1,1.0,12.26
95.5,1.75,0.51,0.69,0.65,5.12,8.89,perishable,standard,0.7,25.3,30.9,22.9,0,0,1.2,25.21
161.98,2.86,0.33,0.35,0.37,4.68,0.21,luxury,low,0.85,32.5,18.8,13.5,1,1,1.0,46.24
84.1,1.3,0.9,0.75,0.24,3.7,2.84,general,critical,0.89,32.9,48.1,39.8,1,1,1.0,25.72
21.23,2.36,0.78,0.31,0.34,5.16,0.74,luxury,standard,0.67,24.7,45.5,40.5,1,0,1.0,33.45
68.61,1.69,0.12,0.97,0.48,5.17,4.16,general,standard,0.9,28.2,5.9,6.7,0,1,1.0,11.37
117.43,2.1,0.51,0.59,0.44,0.75,0.8,luxury,critical,0.75,28.8,25.7,21.8,1,2,1.0,33.91
34.52,1.37,0.09,0.82,0.45,12.93,12.09,general,critical,0.6,30.7,6.9,4.2,1,2,1.0,14.3
275.41,1.14,0.16,0.74,0.3,3.57,1.68,perishable,critical,0.83,29.9,12.7,6.4,1,0,1.2,8.99
133.38,1.18,0.41,0.88,0.21,9.88,2.71,medicine,critical,0.66,27.5,31.1,22.9,0,0,1.2,12.63
102.36,1.78,0.27,0.85,0.13,2.12,0.35,medicine,low,0.73,31.7,20.1,12.4,0,0,1.2,19.47
214.56,2.03,0.25,0.15,0.12,1.86,12.96,perishable,low,0.85,29.3,20.0,10.0,1,1,1.2,50.38
116.81,1.14,0.08,0.37,0.55,15.28,2.45,general,standard,0.8,30.9,4.9,4.6,1,1,1.0,7.57
182.04,2.31,0.35,0.6,0.65,2.78,0.66,general,critical,0.58,31.8,28.0,19.9,0,0,1.0,30.76
55.6,1.57,0.03,0.85,0.79,8.5,0.48,medicine,standard,0.83,32.1,1.8,1.6,0,0,1.2,14.87
211.6,1.6,0.33,0.89,0.2,2.08,1.93,medicine,critical,0.72,31.0,22.3,15.6,0,2,1.2,31.48
66.88,1.23,0.57,0.46,0.24,16.08,0.72,general,standard,0.87,29.0,43.1,25.6,0,2,1.0,12.89
122.98,1.22,0.17,0.78,0.1,5.76,3.74,medicine,standard,0.95,28.4,9.9,9.0,0,2,1.2,16.98
138.57,2.57,0.52,0.68,0.11,1.12,4.2,hazmat,standard,0.67,29.2,37.3,24.8,0,0,1.4,56.94
223.8,2.2,0.3,0.93,0.39,5.23,0.45,general,standard,0.79,28.1,18.2,13.9,0,0,1.0,40.91
155.07,2.61,0.28,0.88,0.27,2.05,0.04,furniture,critical,0.89,26.9,22.3,14.7,1,1,1.0,30.42
188.73,1.93,0.43,0.32,0.25,0.78,5.47,furniture,low,0.82,29.9,24.2,24.6,0,1,1.0,27.93
91.23,1.45,0.38,0.41,0.08,0.33,3.41,perishable,high,0.8,32.7,18.9,15.3,0,1,1.2,19.18
199.12,2.73,0.32,0.35,0.49,1.55,2.6,hazmat,critical,0.89,33.9,21.0,18.1,1,1,1.4,51.7
179.18,2.07,0.27,0.57,0.37,16.04,8.65,perishable,standard,0.77,32.4,14.7,15.7,1,0,1.2,45.27
62.27,1.68,0.39,0.16,0.29,5.21,1.25,furniture,high,0.93,30.6,23.0,15.4,0,1,1.0,9.83
162.27,1.3,0.5,0.42,0.25,23.52,3.56,furniture,critical,0.85,27.2,39.2,25.8,1,0,1.0,21.11
73.91,1.27,0.3,0.93,0.35,0.39,1.51,general,high,0.78,29.1,24.0,13.5,1,1,1.0,12.99
144.32,1.6,0.24,0.79,0.16,5.35,2.27,general,standard,0.73,31.7,12.4,13.2,0,0,1.0,10.87
257.9,1.44,0.19,0.4,0.24,3.33,0.49,hazmat,high,0.68,31.6,15.1,7.8,1,0,1.4,26.47
163.9,1.35,0.2,0.5,0.18,15.86,5.31,medicine,standard,0.61,25.5,12.7,10.5,1,0,1.2,11.9
157.47,1.66,0.19,0.74,0.18,0.29,0.01,perishable,standard,0.67,29.6,10.7,8.0,0,0,1.2,27.47
126.9,1.37,0.1,0.94,0.31,4.11,1.89,general,high,0.98,27.2,5.3,4.7,0,0,1.0,11.38
136.56,2.32,0.49,0.79,0.34,0.58,8.62,medicine,high,0.66,28.9,25.5,19.7,0,4,1.2,55.44
39.31,1.48,0.26,0.98,0.2,10.22,7.62,furniture,high,0.83,29.3,18.0,9.8,0,1,1.0,6.4
99.06,1.78,0.53,0.99,0.25,13.78,0.62,general,standard,0.8,29.0,34.7,19.0,1,1,1.0,33.89
158.92,1.65,0.33,0.27,0.33,2.75,2.55,perishable,standard,0.7,34.3,20.3,16.8,1,0,1.2,21.97
53.11,1.42,0.12,0.12,0.28,5.56,0.6,medicine,high,0.77,30.7,8.3,5.9,1,0,1.2,7.49
164.97,1.27,0.51,0.85,0.31,5.56,0.45,perishable,standard,0.6,30.1,27.1,27.9,0,1,1.2,19.22
157.5,1.48,0.67,0.9,0.43,1.9,7.57,general,high,0.91,27.7,40.5,35.6,0,0,1.0,15.11
46.35,1.16,0.43,0.51,0.09,1.94,0.77,medicine,low,0.95,29.2,30.3,24.3,0,0,1.2,8.51
214.71,1.34,0.11,0.16,0.53,5.97,0.22,furniture,low,0.83,30.2,8.3,5.5,0,0,1.0,13.87
42.83,2.96,0.47,0.25,0.5,7.09,1.94,medicine,standard,0.73,30.8,30.4,22.6,0,1,1.2,34.01
84.75,2.32,0.49,0.2,0.35,16.99,0.67,perishable,standard,0.72,29.1,35.9,20.9,1,2,1.2,49.65
71.83,1.49,0.13,0.26,0.43,8.86,12.85,luxury,high,0.71,34.5,7.4,5.9,1,0,1.0,13.45
97.25,1.47,0.23,0.17,0.26,4.41,3.81,general,standard,0.6,31.7,11.8,10.8,0,0,1.0,14.48
104.05,2.09,0.24,0.21,0.18,5.33,1.17,hazmat,high,0.82,28.2,13.9,14.0,0,1,1.4,30.22
201.98,2.74,0.68,0.74,0.22,0.04,7.35,general,standard,0.84,33.6,52.1,31.7,1,1,1.0,69.39
180.4,1.33,0.24,0.13,0.41,11.2,2.25,furniture,critical,0.83,29.5,16.8,13.9,0,1,1.0,15.15
232.83,2.31,0.15,0.88,0.64,2.0,2.3,luxury,standard,0.77,33.2,10.4,6.6,0,0,1.0,37.39
77.34,1.14,0.06,0.85,0.54,6.06,0.68,furniture,low,0.65,30.7,4.0,3.1,0,1,1.0,7.59
105.83,1.24,0.16,0.66,0.53,6.25,0.39,perishable,standard,0.74,34.3,12.6,8.9,1,1,1.2,12.31
19.95,1.36,0.35,0.93,0.24,0.85,0.42,hazmat,high,0.71,26.4,22.5,15.2,0,0,1.4,11.38
32.58,2.81,0.1,0.18,0.2,0.19,3.89,general,low,0.85,24.2,5.3,3.8,0,1,1.0,10.79
152.05,1.88,0.23,0.33,0.27,2.22,0.15,hazmat,high,0.87,34.8,13.5,13.4,0,0,1.4,28.02
248.55,2.06,0.76,0.53,0.16,3.44,0.75,furniture,standard,0.83,33.0,53.7,28.1,1,0,1.0,41.81
82.1,2.53,0.82,0.22,0.35,3.78,1.58,general,high,0.73,29.1,49.6,38.3,0,0,1.0,20.7
263.76,1.39,0.41,0.66,0.65,2.0,2.48,general,high,0.94,28.6,28.7,16.9,0,0,1.0,15.21
49.15,1.76,0.17,0.85,0.26,0.24,0.1,general,standard,0.87,29.4,8.4,7.9,0,0,1.0,8.95
101.4,1.54,0.43,0.86,0.15,12.63,2.42,hazmat,critical,0.94,32.0,30.9,25.5,0,0,1.4,20.85
85.25,1.95,0.37,0.37,0.21,7.41,4.49,general,high,0.71,35.1,29.0,20.1,1,1,1.0,24.67
124.83,1.13,0.12,0.24,0.15,4.63,0.55,furniture,high,0.94,31.7,6.1,4.9,1,0,1.0,2.22
169.1,2.44,0.19,0.8,0.26,0.37,3.57,medicine,standard,0.99,34.3,10.1,9.4,1,0,1.2,46.14
85.89,1.47,0.55,0.42,0.28,2.97,1.06,perishable,standard,0.79,32.2,30.2,20.8,0,0,1.2,12.88
307.92,1.51,0.73,0.69,0.46,5.22,3.23,general,standard,0.85,32.1,52.5,40.8,0,1,1.0,28.49
178.77,1.67,0.37,0.17,0.59,6.93,2.37,perishable,critical,0.92,33.7,29.1,15.3,0,1,1.2,20.23
57.05,1.36,0.06,0.54,0.07,11.85,4.01,general,critical,0.67,33.3,3.3,2.3,0,0,1.0,2.9
52.51,2.71,0.56,0.37,0.26,0.91,2.76,furniture,standard,0.61,30.5,35.6,27.6,1,0,1.0,38.06
151.05,1.68,0.07,0.71,0.54,1.49,2.4,furniture,standard,0.75,31.4,3.7,3.5,0,0,1.0,18.99
24.47,1.41,0.65,0.65,0.44,3.26,1.17,medicine,low,0.9,28.7,47.1,30.9,1,0,1.2,25.38
252.73,1.55,0.51,0.51,0.39,7.28,4.35,furniture,standard,0.85,34.5,39.2,25.7,0,0,1.0,23.77
170.54,1.48,0.16,0.94,0.46,4.22,5.81,medicine,standard,0.9,34.3,8.7,6.2,0,2,1.2,27.95
138.64,1.76,0.36,0.59,0.45,3.41,1.83,general,standard,0.81,32.3,28.9,19.3,0,0,1.0,17.54
97.39,1.54,0.03,0.11,0.44,6.47,11.14,perishable,high,0.95,31.6,2.0,1.5,0,0,1.2,12.17
134.28,1.35,0.41,0.57,0.25,2.82,13.95,perishable,standard,0.88,25.5,20.7,15.5,1,1,1.2,20.23
126.94,1.66,0.74,0.16,0.32,11.42,5.47,perishable,standard,0.93,24.6,58.7,28.7,0,0,1.2,31.62
240.87,1.92,0.1,0.96,0.28,6.68,3.58,medicine,low,0.79,26.2,6.7,6.0,0,0,1.2,43.4
100.76,2.24,0.65,0.77,0.23,6.99,0.3,perishable,high,0.84,34.5,46.4,24.0,0,1,1.2,32.71
54.46,1.6,0.38,0.11,0.63,9.23,0.52,luxury,high,0.81,32.4,28.1,17.5,0,0,1.0,12.28
80.65,2.41,0.89,0.54,0.21,18.92,0.72,general,high,0.78,30.3,69.3,44.1,0,0,1.0,34.6
142.54,1.77,0.29,0.95,0.42,3.4,17.6,general,critical,0.74,32.6,22.2,10.5,0,2,1.0,25.78
112.1,1.91,0.4,0.82,0.2,1.6,2.75,perishable,standard,0.71,34.3,26.4,18.6,1,2,1.2,51.96
72.93,1.62,0.05,0.35,0.48,4.65,2.21,general,high,0.92,27.0,2.8,2.2,1,1,1.0,7.11
56.25,2.01,0.58,0.71,0.32,1.36,7.57,furniture,standard,0.83,24.8,37.8,22.0,0,0,1.0,14.37
129.34,1.48,0.4,0.79,0.37,20.75,0.91,general,standard,0.59,32.1,24.9,18.9,1,0,1.0,21.98
85.31,1.99,0.17,0.68,0.48,3.81,2.04,general,standard,0.87,33.9,11.2,7.0,1,1,1.0,17.23
92.2,2.97,0.75,0.91,0.32,6.41,2.04,general,high,0.71,29.0,55.3,33.7,1,1,1.0,47.12
168.03,1.78,0.33,0.31,0.04,9.74,1.79,perishable,low,0.64,32.2,23.3,15.0,0,0,1.2,28.77
78.26,2.01,0.13,0.77,0.06,7.57,4.91,furniture,critical,0.76,24.7,8.2,5.4,1,2,1.0,13.65
170.3,1.16,0.23,0.64,0.24,4.66,4.49,general,low,0.66,31.2,18.2,12.3,1,0,1.0,7.22
201.39,2.9,0.16,0.97,0.23,15.34,1.98,general,standard,0.97,23.4,10.2,8.0,0,0,1.0,52.29
153.2,1.18,0.11,0.72,0.25,2.67,1.0,general,critical,0.7,30.9,5.9,4.0,0,2,1.0,13.39
45.91,1.18,0.13,0.49,0.19,2.57,6.92,luxury,high,0.69,32.1,7.7,4.6,0,0,1.0,1.57
121.44,1.74,0.49,0.2,0.36,0.9,7.13,perishable,critical,0.71,23.8,28.9,23.8,0,0,1.2,20.59
133.96,2.86,0.61,0.67,0.41,2.58,4.99,furniture,low,0.68,24.5,32.9,28.9,1,0,1.0,71.49
144.52,1.61,0.31,0.96,0.49,5.45,5.69,medicine,standard,0.75,37.0,17.6,14.4,1,0,1.2,25.31
50.17,1.06,0.02,0.4,0.37,7.23,0.87,furniture,standard,0.92,27.0,1.3,1.1,0,0,1.0,1.66
196.69,1.47,0.08,0.69,0.11,0.3,2.15,medicine,high,0.68,30.0,4.8,4.7,1,0,1.2,12.81
240.71,2.01,0.04,0.81,0.27,6.88,4.33,general,standard,0.9,35.2,2.8,2.4,1,0,1.0,33.76
50.82,1.48,0.49,0.89,0.17,5.34,3.81,perishable,high,0.68,24.7,34.0,23.9,0,0,1.2,18.32
68.9,1.39,0.22,0.79,0.2,12.3,7.54,luxury,standard,0.81,33.9,12.6,8.7,0,2,1.0,17.84
102.48,1.92,0.21,0.47,0.13,6.79,7.06,medicine,high,0.76,28.7,11.1,11.8,0,0,1.2,21.46
56.04,1.09,0.74,0.11,0.48,18.23,3.69,perishable,critical,0.79,25.6,47.3,36.6,0,0,1.2,6.36
30.74,1.23,0.34,0.63,0.76,16.59,1.41,general,high,0.86,27.6,24.5,15.3,0,0,1.0,9.46
208.42,1.89,0.19,0.6,0.57,5.38,3.27,general,standard,0.92,29.4,11.7,10.8,0,0,1.0,26.76
49.81,2.08,0.05,0.48,0.37,1.77,2.93,hazmat,high,0.88,29.0,3.1,2.7,0,1,1.4,10.07
256.65,1.68,0.24,0.67,0.18,7.58,0.59,general,standard,0.79,23.9,18.1,9.4,0,0,1.0,22.4
46.45,1.47,0.44,0.14,0.46,0.96,3.63,luxury,standard,0.83,32.2,30.2,22.2,0,0,1.0,8.46
193.07,1.42,0.16,0.92,0.31,1.47,2.43,medicine,standard,0.75,30.3,9.8,9.4,0,0,1.2,19.68
21.63,2.39,0.58,0.37,0.55,4.23,1.0,luxury,high,0.87,30.3,32.7,27.3,0,1,1.0,14.15
112.17,1.8,0.44,0.21,0.58,0.35,1.53,furniture,standard,0.94,32.6,34.0,25.7,0,1,1.0,22.39
175.75,2.22,0.31,0.28,0.32,3.22,1.27,general,standard,0.79,28.7,22.1,14.5,1,0,1.0,29.97
88.21,2.58,0.26,0.64,0.67,9.41,0.77,perishable,critical,0.89,33.5,17.5,13.1,1,2,1.2,38.21
57.21,2.45,0.08,0.8,0.03,3.73,0.11,perishable,low,0.66,26.8,5.7,4.7,1,0,1.2,19.76
49.53,1.99,0.31,0.24,0.11,5.33,2.25,medicine,standard,0.66,31.6,23.4,11.7,0,1,1.2,24.26
82.15,1.07,0.1,0.71,0.41,13.65,0.84,general,standard,0.85,33.1,7.1,4.0,0,0,1.0,3.76
253.07,2.39,0.15,0.24,0.11,1.1,3.59,furniture,high,0.92,27.2,11.3,7.7,0,0,1.0,43.22
272.94,1.6,0.9,0.75,0.31,6.42,2.73,furniture,low,0.88,29.6,55.7,39.5,0,1,1.0,39.16
72.73,2.17,0.47,0.72,0.51,2.97,6.95,hazmat,critical,0.83,34.3,30.6,26.5,0,1,1.4,31.51
91.85,1.39,0.8,0.87,0.13,12.95,3.5,perishable,standard,0.83,31.4,48.8,32.7,0,2,1.2,28.15
99.19,2.61,0.24,0.7,0.08,3.86,0.14,furniture,standard,0.74,26.8,13.2,12.1,1,0,1.0,17.07
154.05,1.46,0.6,0.16,0.02,2.89,2.5,medicine,standard,0.79,33.0,44.2,33.8,0,0,1.2,18.94
202.12,1.22,0.17,0.86,0.15,0.76,0.14,luxury,critical,0.82,26.0,9.9,8.9,0,1,1.0,7.94
291.44,2.71,0.72,0.69,0.28,0.57,1.72,general,critical,0.87,29.5,48.1,42.4,0,2,1.0,65.8
101.36,1.45,0.72,0.29,0.28,5.61,3.5,medicine,standard,0.7,28.8,43.6,35.1,0,0,1.2,21.71
184.36,1.22,0.52,0.95,0.15,24.13,5.87,furniture,high,0.65,23.9,28.4,21.1,0,0,1.0,16.31
136.22,2.62,0.1,0.89,0.72,30.0,4.22,general,high,0.79,30.9,8.0,3.7,0,0,1.0,31.57
145.91,1.48,0.69,0.48,0.13,1.87,4.01,furniture,low,0.62,31.2,55.4,40.1,0,0,1.0,22.87
75.26,1.68,0.39,0.63,0.29,0.33,12.91,luxury,standard,0.91,32.5,25.5,17.8,0,1,1.0,14.75
117.93,1.19,0.11,0.7,0.32,2.58,1.3,perishable,standard,0.64,25.4,6.0,4.2,1,0,1.2,3.48
193.03,1.35,0.24,0.86,0.48,3.72,5.68,hazmat,standard,0.87,31.4,19.1,12.2,0,0,1.4,18.56
172.2,1.42,0.3,0.42,0.49,5.27,2.09,luxury,high,0.73,29.1,22.0,10.6,1,0,1.0,17.77
176.88,2.46,0.8,0.71,0.3,2.11,2.67,perishable,high,0.83,31.8,46.4,42.1,1,1,1.2,65.22
177.15,2.58,0.4,0.74,0.5,1.42,2.67,hazmat,high,0.9,28.4,21.6,20.2,1,1,1.4,56.28
116.26,2.18,0.15,0.43,0.14,8.15,5.88,general,standard,0.86,30.1,7.4,7.0,0,0,1.0,25.11
211.96,1.58,0.09,0.48,0.59,3.72,0.14,general,low,0.68,30.0,6.8,4.4,0,2,1.0,25.67
78.11,1.81,0.09,0.48,0.09,13.91,0.99,medicine,standard,0.97,28.1,4.6,3.5,0,1,1.2,14.64
131.76,1.54,0.4,0.47,0.22,1.9,2.31,general,standard,0.85,32.8,27.5,23.6,0,1,1.0,12.46
113.31,1.33,0.49,0.59,0.37,2.04,15.85,general,standard,0.96,27.6,34.2,17.8,0,0,1.0,13.3
126.77,2.41,0.57,0.14,0.13,8.79,0.06,general,critical,0.88,30.1,28.8,20.6,0,1,1.0,34.89
131.98,1.42,0.05,1.0,0.5,18.66,1.35,luxury,standard,0.79,33.4,3.3,2.2,1,0,1.0,15.14
66.16,2.02,0.61,0.38,0.28,2.44,2.78,perishable,low,0.8,31.0,41.7,32.1,0,1,1.2,32.99
123.23,1.72,0.02,0.59,0.17,1.2,2.15,general,standard,0.68,34.8,1.1,0.7,1,2,1.0,17.45
153.22,1.79,0.14,0.36,0.73,1.29,0.49,furniture,critical,0.84,33.2,8.0,7.2,0,1,1.0,12.96
61.78,1.81,0.25,0.94,0.14,6.78,6.62,medicine,standard,0.78,31.8,17.7,10.3,0,0,1.2,17.73
122.19,1.47,0.5,0.98,0.26,5.64,3.34,general,standard,0.79,33.8,38.1,25.0,1,1,1.0,31.02
224.74,1.88,0.4,0.98,0.43,0.49,6.22,general,low,0.92,31.5,32.1,16.3,0,1,1.0,42.8
154.23,1.83,0.65,0.49,0.33,1.2,0.95,general,low,0.73,31.3,50.7,26.0,0,0,1.0,27.94
79.06,1.69,0.72,0.64,0.19,9.1,0.86,medicine,low,0.9,35.5,44.9,37.3,0,2,1.2,29.07
72.01,1.27,0.04,0.84,0.4,0.23,11.18,hazmat,critical,0.67,31.8,3.1,2.1,0,2,1.4,23.2
149.22,2.6,0.03,0.24,0.48,0.44,1.09,general,critical,0.63,23.1,2.1,1.3,0,1,1.0,33.9
308.47,2.61,0.4,0.44,0.26,1.43,11.34,furniture,critical,0.86,25.6,25.0,21.3,1,1,1.0,80.37
88.34,1.46,0.1,0.38,0.69,2.18,8.23,general,high,0.72,34.2,6.0,4.6,0,1,1.0,13.67
96.87,1.92,0.1,0.54,0.51,2.99,12.52,hazmat,low,0.96,34.6,6.8,4.5,0,1,1.4,20.9
124.62,1.48,0.43,0.82,0.14,4.48,9.08,medicine,low,0.71,30.5,31.1,24.6,0,1,1.2,26.79
120.76,1.43,0.66,0.67,0.52,2.05,10.74,general,high,0.88,29.2,49.5,25.6,0,1,1.0,17.66
112.08,1.62,0.5,0.2,0.63,2.47,8.8,general,low,0.94,26.8,30.0,19.3,0,3,1.0,33.19
67.98,1.65,0.55,0.28,0.28,5.73,1.92,perishable,critical,0.85,25.2,27.8,30.9,0,0,1.2,12.27
101.61,1.88,0.31,0.22,0.23,5.96,4.64,furniture,standard,0.59,32.8,22.0,13.5,1,0,1.0,20.01
239.23,2.09,0.03,0.3,0.46,16.05,0.64,hazmat,high,0.82,31.2,2.2,1.7,1,0,1.4,36.09
138.28,1.19,0.26,0.13,0.28,18.64,2.88,furniture,standard,0.77,30.6,19.9,12.8,0,1,1.0,7.66
40.05,2.76,0.34,0.89,0.5,0.77,0.51,perishable,low,0.85,30.7,17.2,18.7,0,0,1.2,16.57
164.06,2.14,0.09,0.86,0.3,14.41,4.68,perishable,high,0.69,30.7,6.4,4.3,0,1,1.2,40.96
290.0,1.76,0.59,0.6,0.48,12.5,0.58,general,standard,0.61,29.9,33.4,27.6,0,0,1.0,55.36
241.63,1.27,0.59,0.79,0.85,0.99,8.37,general,high,0.73,31.8,38.9,28.9,0,1,1.0,14.25
111.13,2.49,0.38,1.0,0.44,0.74,0.29,luxury,standard,0.88,30.9,21.2,13.4,0,0,1.0,27.13
55.45,1.39,0.02,0.62,0.16,6.47,1.93,general,standard,0.81,26.9,1.4,0.8,1,0,1.0,6.34
216.13,2.49,0.17,0.65,0.13,4.38,12.98,general,low,0.88,26.8,8.5,9.8,0,0,1.0,55.13
201.0,1.61,0.72,0.88,0.38,9.97,5.6,medicine,standard,0.87,32.9,57.6,30.3,1,0,1.2,45.56
11.56,2.24,0.38,0.58,0.26,6.84,4.85,luxury,low,0.88,27.1,21.4,17.3,1,0,1.0,8.67
198.18,1.45,0.16,0.15,0.14,11.47,3.83,general,standard,0.79,32.7,12.8,6.6,0,1,1.0,17.88
69.67,2.21,0.53,0.41,0.18,3.52,0.42,general,high,0.63,28.6,38.8,29.7,1,1,1.0,35.54
61.43,1.19,0.52,0.75,0.05,1.86,1.92,medicine,standard,0.88,31.5,29.2,31.1,0,2,1.2,14.69
101.48,1.23,0.34,0.73,0.24,9.54,4.64,luxury,high,0.72,30.4,24.5,12.9,1,0,1.0,12.32
152.54,1.5,0.43,0.99,0.25,0.97,0.24,furniture,standard,0.76,32.0,26.9,22.2,0,0,1.0,11.6
79.62,2.27,0.32,0.77,0.48,7.73,14.69,general,high,0.91,31.4,24.4,18.9,1,1,1.0,30.55
234.82,2.39,0.42,0.16,0.16,0.85,14.05,perishable,critical,0.82,24.1,33.1,20.1,0,0,1.2,46.33
170.83,1.72,0.37,0.96,0.45,3.1,2.73,general,high,0.8,31.8,24.9,21.2,1,1,1.0,22.8
68.9,1.54,0.62,0.13,0.28,3.59,0.0,general,standard,0.77,25.9,46.9,25.1,0,1,1.0,14.28
215.37,2.36,0.27,0.68,0.5,3.58,1.5,luxury,standard,0.82,26.2,13.4,15.4,0,0,1.0,40.37
178.63,1.51,0.26,0.33,0.15,6.78,0.1,perishable,high,0.91,27.2,14.0,12.0,0,0,1.2,11.57
126.53,1.15,0.16,0.32,0.21,8.76,0.19,general,high,0.79,34.8,11.3,8.8,0,1,1.0,6.04
120.81,1.8,0.17,0.61,0.42,0.37,3.44,general,standard,0.64,28.4,11.1,9.6,1,0,1.0,15.49
218.51,2.62,0.68,0.13,0.15,12.93,2.32,luxury,high,0.87,32.3,40.8,30.5,0,0,1.0,54.69
97.15,1.56,0.73,0.35,0.32,0.56,13.51,general,high,0.59,32.8,49.7,35.5,1,1,1.0,27.4
267.2,2.37,0.58,0.31,0.55,3.51,12.31,perishable,standard,0.82,29.8,30.3,22.1,0,0,1.2,67.13
115.53,1.74,0.21,0.46,0.51,0.37,1.36,furniture,critical,0.88,27.8,11.8,12.4,1,0,1.0,10.79
126.9,1.63,0.22,0.14,0.31,19.55,0.74,medicine,standard,0.7,27.2,16.5,10.2,0,1,1.2,23.98
139.45,1.81,0.49,0.39,0.46,7.02,0.49,medicine,high,0.8,25.9,26.6,29.2,0,0,1.2,24.23
95.58,1.98,0.02,0.26,0.35,0.89,2.28,general,standard,0.83,33.1,1.6,1.1,1,0,1.0,11.15
71.35,1.71,0.16,0.29,0.04,2.09,6.33,general,low,0.91,35.0,7.9,8.1,0,0,1.0,9.86
30.34,1.26,0.17,0.85,0.62,9.16,0.23,general,standard,0.77,35.0,9.5,7.4,1,0,1.0,9.95
185.75,1.34,0.36,0.99,0.55,1.63,6.09,general,high,0.8,28.9,26.7,18.1,0,1,1.0,21.73
207.44,2.76,0.45,0.49,0.35,7.17,3.66,furniture,critical,0.89,33.0,34.8,25.7,0,0,1.0,49.15
254.64,2.59,0.32,0.19,0.36,11.81,5.64,perishable,low,0.63,31.5,22.5,13.2,0,1,1.2,110.65
243.47,1.23,0.12,0.8,0.63,5.27,7.51,hazmat,critical,0.78,34.2,9.5,5.8,0,0,1.4,15.29
70.6,1.41,0.23,0.85,0.72,4.01,1.34,medicine,low,0.92,34.5,12.3,9.6,0,1,1.2,17.66
99.98,1.43,0.47,0.36,0.36,5.0,7.22,general,standard,0.65,26.6,36.7,25.8,0,0,1.0,18.46
134.0,1.23,0.54,0.51,0.21,3.09,5.07,perishable,high,0.75,28.5,29.8,22.4,0,0,1.2,15.56
108.48,1.53,0.15,0.42,0.2,0.28,2.14,general,high,0.81,26.7,10.1,6.1,1,0,1.0,9.21
185.26,1.43,0.13,0.98,0.48,5.99,1.27,medicine,high,0.82,30.3,8.2,6.0,1,1,1.2,18.86
228.15,2.63,0.38,0.86,0.38,1.66,3.86,general,standard,0.72,30.9,29.9,15.0,0,1,1.0,59.95
72.64,2.32,0.08,0.35,0.47,0.14,3.6,furniture,high,0.88,31.2,5.2,4.4,0,1,1.0,20.94
23.16,1.77,0.66,0.7,0.35,2.71,3.77,hazmat,standard,0.91,24.1,36.7,27.8,1,1,1.4,34.76
226.86,1.83,0.65,0.66,0.04,1.04,1.44,furniture,high,0.77,32.0,50.4,24.9,0,0,1.0,33.22
199.58,1.48,0.04,0.53,0.55,1.69,0.11,medicine,standard,0.79,33.1,2.4,2.1,0,0,1.2,18.46
66.25,1.99,0.12,0.74,0.6,6.3,0.12,luxury,high,0.7,30.9,7.3,6.4,0,3,1.0,22.83
88.4,1.27,0.34,0.85,0.05,2.63,0.9,general,low,0.85,27.0,20.2,19.8,1,1,1.0,14.56
34.03,1.77,0.45,0.95,0.41,1.1,5.67,luxury,high,0.95,33.1,30.0,18.3,1,0,1.0,12.65
194.45,2.12,0.55,0.52,0.3,0.07,4.07,perishable,low,0.68,27.2,28.8,21.7,0,0,1.2,47.11
153.73,2.2,0.01,0.69,0.17,6.19,6.81,perishable,standard,0.74,31.9,0.7,0.6,0,1,1.2,29.64
228.39,1.78,0.4,0.76,0.07,3.44,0.23,medicine,low,0.93,36.3,22.9,14.5,1,0,1.2,39.43
226.57,2.43,0.23,0.56,0.35,7.73,0.37,perishable,standard,0.67,31.8,15.7,9.4,0,0,1.2,58.53
131.37,2.49,0.42,0.84,0.51,2.35,0.89,medicine,high,0.75,26.2,21.5,19.2,0,1,1.2,47.54
56.24,2.1,0.03,0.12,0.09,11.7,2.69,medicine,critical,0.64,34.1,1.5,1.4,0,0,1.2,13.95
35.45,1.3,0.69,0.73,0.42,25.86,6.09,perishable,high,0.84,34.3,37.6,34.6,0,0,1.2,21.15
55.5,1.97,0.09,0.26,0.49,6.52,3.3,general,standard,0.81,23.5,5.4,5.4,0,2,1.0,12.92
95.06,1.03,0.12,0.46,0.09,2.15,2.96,general,critical,0.75,30.9,8.2,5.2,0,0,1.0,3.39
114.06,1.86,0.77,0.84,0.29,3.35,0.9,luxury,high,0.83,26.6,39.3,43.0,0,0,1.0,25.46
96.7,1.07,0.63,0.82,0.26,11.0,0.27,general,critical,0.76,28.3,50.4,34.9,0,0,1.0,6.3
229.33,1.96,0.1,0.51,0.27,4.76,1.87,luxury,high,0.83,32.6,5.8,5.2,0,0,1.0,34.74
176.65,1.34,0.11,0.13,0.43,1.53,0.28,perishable,high,0.9,28.9,8.2,5.4,0,0,1.2,6.21
255.26,1.56,0.38,0.44,0.06,0.47,2.23,hazmat,low,0.54,30.0,29.9,14.3,1,0,1.4,63.56
115.88,2.3,0.24,0.41,0.47,4.32,0.64,medicine,high,0.75,29.8,12.3,13.6,0,1,1.2,33.16
164.22,1.19,0.43,0.28,0.29,4.41,1.77,perishable,critical,0.72,28.8,30.5,22.2,0,1,1.2,14.69
261.37,2.87,0.19,0.22,0.12,8.56,4.83,general,high,0.75,30.3,10.1,8.1,0,0,1.0,66.29
258.96,1.62,0.1,0.39,0.43,3.76,4.63,perishable,critical,0.79,33.9,5.1,6.0,0,0,1.2,28.01
17.57,1.01,0.09,0.47,0.14,26.54,3.89,general,standard,0.87,31.2,4.7,5.1,0,2,1.0,9.71
77.6,1.33,0.34,0.75,0.76,14.11,6.25,general,standard,0.94,34.6,22.2,12.0,0,0,1.0,8.59
31.68,2.19,0.53,0.61,0.38,10.32,18.46,medicine,low,0.81,34.4,41.5,19.5,0,0,1.2,30.9
155.15,3.12,0.35,0.61,0.66,4.26,2.34,general,high,0.63,32.4,18.8,13.1,1,1,1.0,44.88
200.87,1.11,0.18,0.86,0.12,0.46,1.64,furniture,high,0.95,29.0,9.1,8.8,0,0,1.0,7.12
105.5,2.34,0.18,0.91,0.44,9.76,3.5,general,high,0.59,31.5,13.3,8.4,0,0,1.0,25.68
212.2,1.83,0.32,0.46,0.13,3.13,5.54,furniture,high,0.8,27.4,17.4,15.1,0,1,1.0,32.33
114.23,1.59,0.05,0.86,0.18,6.76,1.65,furniture,high,0.74,32.4,3.2,2.7,0,0,1.0,13.04
76.15,2.61,0.6,0.84,0.36,1.18,0.67,furniture,low,0.89,29.0,38.6,29.8,1,0,1.0,36.28
132.04,1.54,0.47,0.3,0.32,2.96,7.84,hazmat,standard,0.84,33.2,23.9,22.7,0,0,1.4,28.46
43.89,1.42,0.43,0.14,0.33,0.49,3.88,medicine,standard,0.74,31.4,28.2,18.7,1,2,1.2,27.25
219.38,1.06,0.32,0.93,0.47,2.48,0.11,luxury,high,0.68,27.7,20.3,17.4,0,2,1.0,8.47
271.09,2.17,0.19,0.99,0.22,19.38,10.85,general,low,0.91,34.4,13.7,8.9,0,0,1.0,43.54
216.87,1.25,0.52,0.64,0.45,2.63,2.67,luxury,critical,0.85,34.7,34.2,23.5,0,1,1.0,14.84
198.48,1.69,0.08,0.41,0.24,11.21,4.53,perishable,critical,0.87,30.3,5.4,2.8,1,1,1.2,19.48
200.36,2.1,0.22,0.7,0.25,14.88,1.97,medicine,critical,0.74,33.5,15.0,11.9,0,0,1.2,31.51
118.34,2.14,0.42,0.15,0.4,17.06,10.0,medicine,standard,0.8,31.4,29.2,21.0,0,2,1.2,34.85
197.62,3.08,0.05,0.78,0.13,2.87,8.76,furniture,standard,0.81,25.7,3.6,3.0,1,0,1.0,68.25
96.77,1.11,0.72,0.29,0.61,15.03,3.87,medicine,high,0.98,30.3,52.7,26.4,1,0,1.2,25.8
120.62,1.64,0.27,0.19,0.21,7.27,5.59,perishable,low,0.82,34.1,19.9,15.4,1,2,1.2,29.35
189.58,1.74,0.78,0.91,0.39,2.22,0.98,general,high,0.69,28.0,57.3,33.2,0,0,1.0,29.18
123.09,1.55,0.41,0.6,0.22,3.9,3.69,medicine,critical,0.64,33.8,21.5,14.4,1,0,1.2,11.66
141.48,1.3,0.32,0.54,0.25,8.01,1.09,hazmat,standard,0.62,32.6,15.9,14.3,1,1,1.4,20.72
105.2,1.31,0.4,0.66,0.41,2.71,2.82,general,high,0.85,35.8,31.3,23.1,0,2,1.0,11.79
215.32,1.53,0.45,1.0,0.44,0.52,4.12,medicine,high,0.98,31.0,24.7,26.5,0,0,1.2,22.62
156.16,2.03,0.56,0.27,0.24,14.56,1.71,general,high,0.97,33.3,37.9,22.6,0,1,1.0,29.16
221.68,1.59,0.39,0.29,0.31,2.83,1.57,furniture,low,0.88,28.5,21.8,23.0,1,0,1.0,26.99
62.36,1.15,0.07,0.74,0.15,4.49,1.81,perishable,standard,0.92,33.8,5.4,4.0,0,0,1.2,6.14
92.88,1.61,0.25,0.84,0.37,4.36,3.18,perishable,critical,0.63,35.6,17.1,10.7,0,0,1.2,18.93
167.6,1.75,0.14,0.94,0.44,10.13,0.7,general,standard,0.87,33.6,7.8,6.4,0,2,1.0,21.37
217.66,1.59,0.13,0.82,0.02,1.5,8.22,perishable,standard,0.9,31.4,10.1,5.5,0,0,1.2,27.38
118.07,2.67,0.19,0.57,0.65,4.3,0.59,hazmat,standard,0.85,26.4,13.2,7.0,0,1,1.4,51.84
259.53,1.35,0.04,0.74,0.21,10.75,14.53,perishable,standard,0.81,27.6,2.6,2.2,0,0,1.2,21.5
66.37,1.46,0.36,0.58,0.48,8.14,23.46,furniture,high,0.99,33.0,18.5,12.9,0,0,1.0,9.98
142.86,2.21,0.53,0.69,0.6,4.29,1.75,perishable,standard,0.6,28.6,33.7,24.1,0,0,1.2,36.38
236.67,2.29,0.51,0.17,0.17,7.08,4.03,hazmat,standard,0.87,29.1,27.3,19.3,0,0,1.4,64.22
261.28,2.66,0.18,0.68,0.71,0.82,0.23,perishable,high,0.79,31.1,13.3,9.2,0,1,1.2,73.98
132.61,2.49,0.5,0.39,0.18,1.55,2.96,perishable,standard,0.87,27.0,35.8,18.0,1,2,1.2,49.04
40.85,1.18,0.14,0.58,0.61,5.49,2.97,perishable,standard,0.77,28.0,10.9,6.0,0,0,1.2,6.55
125.06,1.71,0.08,0.22,0.44,4.13,1.48,furniture,standard,0.94,26.5,5.7,4.2,1,0,1.0,12.06
71.25,1.15,0.48,0.59,0.32,1.48,0.06,furniture,critical,0.83,31.5,32.6,25.8,0,2,1.0,11.96
141.36,1.44,0.73,0.7,0.45,0.26,0.42,furniture,high,0.88,30.9,51.9,41.0,0,0,1.0,12.7
149.6,1.34,0.45,0.28,0.07,10.72,2.94,perishable,critical,0.85,27.7,25.2,16.7,1,0,1.2,17.45
97.66,1.65,0.18,0.19,0.42,0.21,2.22,perishable,standard,0.69,30.0,11.5,7.4,1,1,1.2,15.21
187.72,1.19,0.43,0.44,0.54,0.28,6.92,furniture,high,0.73,34.4,29.7,25.3,0,1,1.0,13.82
192.35,1.25,0.38,0.51,0.25,0.64,9.47,perishable,standard,0.8,35.6,19.6,13.3,0,0,1.2,14.44
176.86,2.33,0.15,0.68,0.22,0.04,4.47,general,high,0.94,29.3,10.8,5.9,0,2,1.0,31.3
170.8,1.23,0.61,0.26,0.29,3.99,3.13,furniture,standard,0.83,30.6,37.0,24.3,1,0,1.0,24.88
128.47,1.19,0.52,0.52,0.19,6.35,7.02,furniture,standard,0.67,28.6,30.7,26.9,0,1,1.0,15.2
123.6,1.24,0.33,0.92,0.34,0.27,1.16,furniture,critical,0.87,25.9,22.8,14.7,0,1,1.0,10.1
115.24,2.61,0.31,0.47,0.3,0.53,6.66,general,critical,0.74,28.5,23.7,15.3,1,0,1.0,25.38
142.34,1.66,0.49,0.26,0.45,1.22,2.01,medicine,standard,0.8,30.0,28.5,18.6,1,1,1.2,30.08
86.04,1.17,0.4,0.86,0.3,0.54,0.48,furniture,critical,0.79,27.7,28.4,22.9,0,2,1.0,4.76
193.22,1.68,0.5,0.48,0.45,7.65,5.88,perishable,high,0.78,27.7,35.6,24.7,0,0,1.2,29.16
160.5,2.18,0.0,0.67,0.29,3.37,1.21,furniture,standard,0.83,34.8,0.0,0.0,0,1,1.0,37.55
105.75,2.21,0.26,0.89,0.49,6.97,2.72,medicine,high,0.75,26.1,19.2,11.4,0,0,1.2,27.03
72.33,1.48,0.27,0.66,0.22,4.28,3.9,furniture,standard,0.81,27.1,18.1,12.0,0,1,1.0,15.81
44.06,1.57,0.09,0.86,0.53,9.53,5.26,hazmat,standard,0.74,29.7,7.2,4.2,0,0,1.4,8.55
118.42,1.93,0.54,0.69,0.25,0.61,2.72,general,high,0.69,29.2,35.3,27.9,1,1,1.0,33.2
112.64,1.7,0.14,0.83,0.32,4.99,2.49,luxury,standard,0.72,25.2,9.1,5.3,1,0,1.0,15.07
243.04,2.03,0.29,0.51,0.32,5.67,3.42,general,high,0.7,30.6,14.4,16.1,0,0,1.0,33.67
79.83,1.14,0.43,0.98,0.2,4.49,8.04,hazmat,standard,0.76,30.9,31.7,17.1,1,3,1.4,37.79
96.15,2.77,0.56,0.59,0.52,1.91,12.15,general,standard,0.91,27.3,44.2,22.4,1,0,1.0,43.88
34.54,1.19,0.58,0.71,0.29,0.4,4.13,perishable,standard,0.68,35.2,38.2,24.9,0,0,1.2,16.94
166.21,2.43,0.3,0.27,0.33,3.08,1.09,hazmat,high,0.89,28.9,17.8,17.1,0,1,1.4,47.17
96.34,2.11,0.38,0.47,0.32,1.32,7.57,perishable,low,0.74,26.9,22.9,22.8,1,1,1.2,28.33
168.57,1.65,0.17,0.52,0.28,0.57,2.93,furniture,high,0.93,30.1,13.3,9.1,0,0,1.0,12.51
132.7,2.09,0.05,0.84,0.23,1.59,19.99,medicine,high,0.86,31.3,3.5,2.5,0,1,1.2,25.56
189.75,1.92,0.27,0.8,0.36,6.11,0.9,hazmat,low,0.6,29.2,21.0,11.8,0,0,1.4,46.68
217.44,1.64,0.7,0.59,0.3,2.25,0.8,perishable,critical,0.66,24.5,48.7,27.0,0,1,1.2,29.49
95.35,1.67,0.5,0.82,0.45,1.38,19.45,medicine,high,0.82,31.2,30.6,25.5,0,1,1.2,18.87
158.74,2.09,0.17,0.83,0.41,1.31,8.41,hazmat,standard,0.64,31.9,10.6,7.4,0,0,1.4,33.06
102.08,2.05,0.15,0.69,0.18,5.55,25.0,perishable,standard,0.91,28.9,9.9,7.8,0,0,1.2,19.85
253.44,1.37,0.25,0.95,0.45,3.08,2.75,perishable,low,0.91,30.1,16.9,12.3,1,2,1.2,28.54
175.61,2.48,0.39,0.87,0.43,1.95,11.02,general,low,0.87,25.2,26.6,14.7,0,0,1.0,52.53
85.51,1.24,0.32,0.3,0.59,6.97,8.84,hazmat,low,0.75,33.0,20.2,16.9,0,1,1.4,19.38
140.31,1.63,0.4,0.41,0.77,0.67,4.72,furniture,high,0.87,32.7,20.1,15.7,0,0,1.0,21.11
112.19,1.33,0.12,0.21,0.08,5.47,0.13,hazmat,low,0.89,28.8,8.2,5.9,0,0,1.4,11.94
260.39,1.3,0.49,0.48,0.14,11.76,6.12,general,standard,0.99,31.6,31.8,26.1,0,0,1.0,16.8
53.48,1.44,0.46,0.41,0.37,5.14,3.13,perishable,low,0.98,34.7,32.3,24.5,0,0,1.2,15.77
168.64,1.13,0.33,0.81,0.32,8.98,0.46,perishable,critical,0.81,33.8,23.7,16.5,0,1,1.2,12.11
185.42,1.09,0.33,0.82,0.34,0.99,1.81,general,critical,0.78,31.9,19.6,17.1,0,0,1.0,0.44
218.84,2.51,0.47,0.51,0.22,3.79,0.31,general,critical,0.8,28.8,27.0,20.2,0,0,1.0,43.8
32.87,1.94,0.33,0.56,0.22,1.45,1.05,furniture,standard,0.86,30.1,17.7,17.6,1,1,1.0,14.33
216.58,1.24,0.41,0.89,0.08,2.46,5.47,perishable,standard,0.69,30.5,26.9,16.4,0,0,1.2,14.95
143.03,1.85,0.39,0.58,0.22,4.62,0.38,hazmat,standard,0.83,33.2,19.9,19.2,1,2,1.4,44.19
56.26,1.54,0.4,0.94,0.46,0.93,2.53,general,standard,0.89,32.8,31.9,20.6,1,0,1.0,24.12
92.25,1.36,0.39,0.85,0.27,7.02,0.91,medicine,standard,0.8,30.6,20.4,15.8,0,0,1.2,11.26
154.41,1.62,0.12,0.51,0.31,1.96,0.13,general,low,0.79,27.0,7.4,6.0,0,1,1.0,19.89
162.55,1.89,0.23,0.94,0.08,3.0,6.2,perishable,standard,0.81,32.1,11.7,10.0,1,1,1.2,27.01
143.69,1.01,0.37,0.81,0.14,4.4,2.09,furniture,high,0.64,33.0,29.0,17.8,1,2,1.0,21.74
191.85,2.23,0.19,0.96,0.41,3.99,0.4,hazmat,critical,0.89,36.5,10.8,7.4,1,0,1.4,31.43
170.84,1.53,0.48,0.29,0.31,7.57,1.01,medicine,standard,0.85,29.0,38.3,28.5,1,1,1.2,35.58
249.51,1.24,0.5,0.72,0.42,0.97,2.33,luxury,high,0.83,33.9,39.1,23.0,0,0,1.0,12.72
137.78,1.88,0.58,0.93,0.29,3.76,1.86,general,high,0.83,27.5,38.1,34.5,0,0,1.0,30.32
235.78,2.28,0.49,0.1,0.29,3.25,5.62,perishable,high,0.83,30.0,38.9,21.7,1,0,1.2,60.63
75.73,1.4,0.47,0.19,0.18,1.81,1.42,perishable,high,0.82,30.1,27.6,23.0,1,2,1.2,26.68
89.38,2.03,0.43,0.21,0.18,2.9,0.96,general,standard,0.81,29.4,29.5,17.4,1,0,1.0,24.97
96.11,1.09,0.36,0.47,0.52,9.35,2.42,perishable,high,0.92,33.2,20.0,19.9,1,1,1.2,15.67
235.27,2.4,0.3,0.89,0.52,19.72,0.04,medicine,high,0.97,28.4,22.8,17.0,1,0,1.2,70.64
62.32,1.57,0.11,0.53,0.02,1.98,10.03,perishable,high,0.67,33.7,7.4,5.2,1,0,1.2,10.92
124.87,2.83,0.13,0.17,0.42,3.35,5.28,general,high,0.93,30.2,10.1,7.6,1,0,1.0,29.44
10.67,1.45,0.73,0.3,0.32,0.73,2.38,general,critical,0.75,26.0,49.6,41.9,0,0,1.0,12.43
130.05,1.32,0.19,0.41,0.38,4.75,8.11,general,critical,0.92,30.2,13.0,8.3,0,0,1.0,5.46
104.63,1.37,0.23,0.89,0.32,9.39,0.39,perishable,low,0.85,30.6,16.6,13.5,1,1,1.2,15.72
23.72,1.58,0.57,0.28,0.49,14.96,0.64,perishable,low,0.78,28.6,28.9,23.9,0,0,1.2,18.65
185.47,1.23,0.27,0.73,0.18,2.85,2.98,medicine,low,0.87,31.8,17.1,14.3,0,0,1.2,12.86
192.52,2.62,0.18,0.86,0.27,11.68,0.31,perishable,standard,0.61,28.4,10.1,9.3,0,1,1.2,56.81
144.9,1.78,0.14,0.56,0.65,0.16,1.16,perishable,standard,0.71,27.6,11.0,5.1,0,0,1.2,15.81
47.7,1.33,0.38,0.65,0.62,7.56,6.38,furniture,standard,0.75,34.1,29.4,18.7,0,2,1.0,17.79
181.67,2.5,0.21,0.59,0.58,3.32,8.61,general,critical,0.73,26.8,15.5,9.8,0,0,1.0,35.01
162.74,1.06,0.34,0.79,0.2,19.39,5.43,general,critical,0.85,26.4,26.4,17.5,0,0,1.0,11.65
122.63,2.02,0.68,0.57,0.21,1.6,0.82,medicine,high,0.9,31.1,52.0,29.0,0,0,1.2,26.8
216.41,1.09,0.12,0.95,0.47,0.42,3.84,luxury,critical,0.94,27.4,8.0,4.7,1,0,1.0,3.78
97.88,1.38,0.63,0.88,0.24,4.82,3.71,general,critical,0.77,32.8,49.8,37.4,0,1,1.0,12.43
113.68,2.39,0.4,0.77,0.09,2.69,3.11,perishable,low,0.91,28.8,26.1,21.8,0,0,1.2,38.52
168.48,1.7,0.53,0.4,0.33,3.81,0.4,luxury,high,0.85,29.1,42.4,29.1,0,0,1.0,13.64
173.5,1.4,0.07,0.64,0.36,0.7,1.06,hazmat,high,0.89,28.5,5.6,3.6,0,0,1.4,18.57
138.96,2.11,0.41,0.22,0.37,7.23,1.82,general,critical,0.8,28.8,32.1,19.2,1,0,1.0,26.95
216.85,1.39,0.59,0.46,0.61,1.39,6.74,luxury,critical,0.91,26.7,35.2,23.0,1,0,1.0,21.19
31.15,1.64,0.79,0.59,0.2,1.32,1.86,hazmat,high,0.67,32.7,46.6,31.2,0,0,1.4,22.72
292.8,1.8,0.37,0.41,0.2,1.65,0.09,general,standard,0.96,27.4,23.3,18.8,1,1,1.0,28.7
282.85,1.78,0.4,0.18,0.71,0.95,0.62,luxury,standard,0.9,32.5,21.9,22.1,1,0,1.0,29.04
194.96,2.15,0.24,0.38,0.32,2.41,3.74,general,high,0.69,33.6,12.6,12.8,1,0,1.0,38.02
174.14,1.53,0.48,0.93,0.17,0.55,0.51,luxury,standard,0.66,28.5,33.9,23.0,0,0,1.0,11.79
132.14,1.24,0.61,0.65,0.19,0.76,2.86,perishable,high,0.85,31.3,37.9,34.0,0,0,1.2,11.14
68.17,1.29,0.21,0.28,0.25,3.55,7.8,luxury,high,0.67,33.9,14.3,11.4,1,0,1.0,8.59
219.81,2.16,0.37,0.82,0.31,2.49,6.91,general,standard,0.9,23.0,21.6,20.0,1,1,1.0,36.77
81.16,1.14,0.56,0.92,0.55,0.74,2.2,perishable,high,0.76,30.1,33.3,28.0,0,1,1.2,15.29
70.95,1.91,0.65,0.6,0.66,1.24,0.14,perishable,standard,0.82,25.0,45.7,34.4,0,0,1.2,26.59
279.46,1.23,0.2,0.49,0.28,4.65,1.3,hazmat,standard,0.95,24.3,11.5,8.4,1,1,1.4,19.75
54.01,1.6,0.13,0.42,0.44,4.44,4.7,perishable,standard,0.76,24.8,7.0,5.4,1,0,1.2,15.69
79.86,1.17,0.43,0.25,0.07,0.84,0.76,furniture,standard,0.83,29.9,33.5,17.8,0,2,1.0,9.31
160.07,2.48,0.49,0.15,0.61,0.59,5.57,luxury,standard,0.83,27.0,35.4,22.2,0,0,1.0,38.1
109.17,1.18,0.28,0.29,0.58,2.31,0.18,hazmat,low,0.8,28.8,15.1,13.7,0,0,1.4,11.61
207.23,2.82,0.24,0.54,0.33,1.44,0.01,general,critical,0.78,31.1,13.4,11.3,0,0,1.0,44.66
107.35,2.02,0.14,0.15,0.27,1.38,2.57,perishable,high,0.75,28.6,8.3,6.3,1,0,1.2,24.06
87.72,2.03,0.36,0.98,0.62,6.08,10.93,hazmat,low,0.78,28.5,23.1,17.0,1,0,1.4,38.4
33.71,1.24,0.24,0.73,0.44,1.84,2.43,general,critical,0.66,29.8,12.4,8.5,1,0,1.0,4.99
194.5,1.89,0.2,0.41,0.68,1.41,0.19,general,critical,0.67,30.5,11.1,10.0,1,0,1.0,19.52
253.83,2.13,0.38,0.49,0.65,1.03,0.61,medicine,standard,0.81,33.5,18.8,20.8,0,0,1.2,53.37
186.87,1.53,0.53,0.99,0.48,6.19,5.21,hazmat,low,0.87,30.5,35.9,28.4,0,0,1.4,42.63
236.78,1.45,0.56,0.42,0.55,0.19,0.15,medicine,high,0.88,34.9,42.1,24.8,1,1,1.2,43.74
24.8,1.91,0.65,0.24,0.38,1.49,3.95,hazmat,high,0.83,30.3,35.5,32.1,0,1,1.4,30.9
158.2,1.57,0.44,0.49,0.17,6.98,12.42,medicine,high,0.88,30.7,33.8,25.4,0,0,1.2,26.1
110.19,2.46,0.13,0.28,0.38,23.15,7.84,perishable,high,0.63,27.7,8.0,4.9,0,1,1.2,50.02
236.06,1.55,0.95,0.63,0.17,0.21,3.23,perishable,standard,0.71,32.2,56.1,40.6,0,2,1.2,37.66
330.79,1.81,0.46,0.44,0.08,3.13,0.71,perishable,high,0.82,32.0,25.7,26.7,0,1,1.2,28.9
51.03,2.1,0.46,0.34,0.32,7.42,2.38,hazmat,low,0.9,31.5,36.7,19.5,0,0,1.4,29.5
160.98,1.94,0.51,0.36,0.23,3.21,2.97,general,standard,0.6,33.0,29.0,21.1,1,0,1.0,40.78
250.5,1.77,0.66,0.97,0.31,8.93,5.36,medicine,standard,0.65,26.7,40.0,37.1,0,2,1.2,62.7
21.75,1.29,0.03,0.44,0.52,5.67,8.79,general,high,0.94,25.3,1.6,1.4,0,1,1.0,4.48
68.82,1.54,0.4,0.94,0.42,4.88,5.26,furniture,high,0.89,32.0,31.8,23.4,0,0,1.0,13.01
239.55,1.48,0.33,0.6,0.28,0.07,1.5,general,standard,0.91,35.7,16.6,11.8,0,0,1.0,29.65
270.4,2.73,0.43,0.61,0.56,2.4,4.27,hazmat,critical,0.7,31.5,26.1,22.6,0,4,1.4,98.55
41.86,1.29,0.61,0.18,0.05,0.77,9.17,perishable,critical,0.7,30.1,33.7,32.8,0,2,1.2,16.05
191.58,1.44,0.49,0.98,0.13,7.61,9.85,perishable,standard,0.78,25.7,28.9,29.1,1,0,1.2,33.3
110.58,1.58,0.28,0.57,0.1,6.44,2.37,general,high,0.56,28.8,15.0,10.9,1,1,1.0,14.97
85.22,2.69,0.21,0.87,0.53,0.8,10.3,perishable,low,0.83,30.9,12.1,7.8,1,0,1.2,33.39
203.18,1.76,0.15,0.72,0.09,0.36,5.08,hazmat,low,0.81,27.9,8.9,6.0,0,2,1.4,43.57
55.98,1.11,0.29,0.54,0.13,4.03,2.41,furniture,standard,0.74,28.0,16.7,10.3,1,2,1.0,9.68
58.62,1.65,0.22,0.72,0.57,2.96,1.45,general,critical,0.87,27.4,14.9,11.5,1,0,1.0,4.68
136.6,1.88,0.37,0.2,0.57,9.77,8.87,perishable,standard,0.65,31.8,23.0,21.1,0,0,1.2,32.65
159.31,1.13,0.38,0.15,0.18,3.29,8.71,perishable,standard,0.81,29.5,21.8,19.8,0,0,1.2,10.19
256.6,2.57,0.27,0.42,0.13,1.24,1.19,general,standard,0.72,25.6,17.7,14.4,1,0,1.0,49.03
89.54,1.4,0.32,0.27,0.08,0.02,0.63,hazmat,standard,0.85,30.0,18.6,15.1,0,0,1.4,9.81
78.67,1.17,0.72,0.9,0.39,8.71,3.72,general,high,0.86,25.5,50.1,35.8,1,0,1.0,18.27
106.08,1.41,0.3,0.37,0.05,12.45,3.81,general,critical,0.89,28.1,22.8,15.4,1,0,1.0,10.94
101.98,2.26,0.62,0.7,0.49,1.85,0.66,luxury,standard,0.69,34.9,47.5,27.1,0,2,1.0,36.14
201.92,2.4,0.68,0.92,0.21,3.29,6.96,perishable,standard,0.81,31.5,36.5,29.2,0,0,1.2,52.29
149.7,1.47,0.17,0.16,0.23,3.17,3.2,luxury,standard,0.88,31.3,8.7,7.0,0,0,1.0,15.01
53.5,2.65,0.05,0.74,0.13,3.4,5.38,general,high,0.8,33.0,3.6,2.7,0,0,1.0,18.1
166.09,1.48,0.49,0.11,0.67,7.57,15.68,perishable,standard,0.86,25.4,38.2,18.4,0,0,1.2,26.98
60.56,2.45,0.58,0.87,0.14,13.52,2.72,perishable,standard,0.71,29.8,38.1,29.6,0,1,1.2,33.26
192.98,1.68,0.69,0.99,0.44,2.03,5.18,medicine,low,0.87,35.9,35.4,27.4,0,1,1.2,40.87
24.62,1.74,0.23,0.31,0.52,2.57,3.99,general,high,0.75,31.5,16.2,13.5,1,1,1.0,14.03
240.81,1.29,0.73,0.25,0.31,0.75,1.98,general,high,0.74,26.1,38.9,26.1,0,1,1.0,19.14
63.12,2.39,0.38,0.55,0.35,12.36,2.58,medicine,standard,0.74,34.7,23.7,21.8,0,0,1.2,25.87
194.16,1.6,0.57,0.96,0.43,0.73,2.56,perishable,standard,0.87,29.7,40.2,21.3,0,2,1.2,32.16
197.6,2.59,0.54,0.37,0.22,19.18,0.32,perishable,standard,0.76,29.7,41.1,26.8,0,0,1.2,60.16
69.95,2.11,0.22,0.39,0.13,5.43,2.75,general,high,0.79,29.1,14.4,12.6,0,0,1.0,16.7
181.72,1.09,0.5,0.66,0.26,0.76,8.68,medicine,high,0.75,24.7,29.6,19.2,0,0,1.2,9.58
194.18,1.92,0.23,0.74,0.3,3.4,8.16,perishable,low,0.71,30.7,14.9,9.0,0,0,1.2,44.87
94.03,1.83,0.26,0.59,0.54,1.81,0.08,furniture,standard,0.92,26.0,14.1,15.4,0,0,1.0,16.56
232.09,1.67,0.38,0.3,0.34,2.89,3.7,perishable,standard,0.73,27.1,24.2,21.7,0,2,1.2,46.84
124.86,1.16,0.11,0.91,0.27,2.02,0.55,hazmat,high,0.81,33.4,7.5,4.4,1,0,1.4,9.97
44.0,1.67,0.72,0.57,0.43,6.22,8.8,luxury,standard,0.63,33.5,41.5,27.5,0,0,1.0,12.78
85.64,1.69,0.28,0.95,0.25,15.61,0.62,luxury,standard,0.56,33.5,17.4,13.0,1,1,1.0,19.07
109.98,1.56,0.2,0.53,0.51,1.71,14.22,general,high,0.77,31.8,15.7,7.6,1,0,1.0,17.27
68.86,1.29,0.52,0.22,0.24,0.29,10.89,luxury,high,0.71,31.4,25.8,27.8,1,0,1.0,18.1
46.76,1.06,0.23,0.43,0.15,0.51,1.83,furniture,standard,0.84,28.1,17.5,8.8,0,3,1.0,16.88
95.94,1.99,0.08,0.59,0.36,7.1,0.51,luxury,high,0.78,35.8,6.0,4.2,0,0,1.0,12.57
177.5,1.22,0.06,0.27,0.04,2.02,0.56,general,standard,0.92,29.1,3.6,3.0,1,0,1.0,4.13
176.52,1.12,0.55,0.47,0.27,0.96,11.4,general,standard,0.85,24.1,32.1,32.0,1,1,1.0,10.64
80.39,1.75,0.18,0.2,0.71,10.35,5.42,perishable,high,0.87,26.4,12.8,8.8,0,0,1.2,19.84
58.14,1.19,0.78,0.9,0.18,0.56,8.01,perishable,high,0.83,28.8,60.1,46.2,0,1,1.2,19.23
96.35,1.13,0.41,0.96,0.49,9.4,0.39,medicine,low,0.72,26.9,20.7,23.9,0,0,1.2,12.04
143.66,1.55,0.54,0.51,0.41,5.49,12.32,medicine,high,0.75,32.1,35.4,28.7,0,0,1.2,33.07
51.88,1.38,0.24,0.91,0.58,0.26,3.38,hazmat,standard,0.68,32.7,13.8,13.6,0,1,1.4,17.53
114.41,1.41,0.43,0.26,0.15,4.83,5.97,luxury,low,0.83,25.9,23.0,22.2,1,1,1.0,19.77
132.84,1.89,0.19,0.16,0.03,2.65,5.83,furniture,standard,0.89,35.6,12.2,7.4,1,0,1.0,17.84
148.99,1.87,0.65,0.39,0.06,2.87,10.54,hazmat,high,0.72,29.0,34.0,32.0,0,3,1.4,46.9
133.22,2.62,0.62,0.31,0.37,0.89,0.63,medicine,standard,0.74,30.0,40.7,36.3,0,1,1.2,51.09
260.04,2.09,0.15,0.31,0.13,4.69,10.11,hazmat,standard,0.59,23.4,7.5,5.7,0,0,1.4,50.23
229.35,2.19,0.44,0.8,0.42,2.59,8.65,medicine,low,0.78,25.2,29.3,25.3,0,0,1.2,55.24
312.63,1.19,0.04,0.83,0.18,0.34,4.66,luxury,high,0.64,33.7,2.3,2.0,0,1,1.0,8.93
60.23,1.7,0.18,0.61,0.31,12.12,2.0,hazmat,standard,0.93,29.9,13.6,8.4,0,0,1.4,15.51
49.85,1.46,0.78,0.75,0.19,2.08,2.36,hazmat,low,0.97,28.6,50.8,36.6,0,1,1.4,35.05
141.16,2.5,0.28,0.36,0.32,1.61,0.39,luxury,standard,0.87,25.9,18.5,10.8,1,0,1.0,28.34
66.67,1.72,0.17,0.73,0.11,2.0,5.63,general,high,0.75,26.1,12.2,6.3,0,0,1.0,12.21
159.19,1.64,0.82,0.78,0.34,10.65,2.28,perishable,high,0.86,29.0,45.1,39.5,0,0,1.2,31.64
100.3,1.88,0.24,0.95,0.41,12.09,2.12,general,high,0.81,26.3,12.5,10.1,1,1,1.0,17.7
39.47,2.03,0.11,0.18,0.72,9.28,1.99,general,low,0.94,29.2,8.4,4.0,0,2,1.0,14.38
183.71,1.43,0.14,0.86,0.38,3.56,0.93,perishable,high,0.84,27.6,10.9,8.3,0,1,1.2,14.09
264.34,1.88,0.12,0.25,0.42,1.64,8.38,general,standard,0.61,25.4,8.7,6.6,0,1,1.0,37.9
117.67,1.52,0.11,0.49,0.22,2.69,5.5,luxury,high,0.73,32.7,8.4,3.9,1,0,1.0,13.23
132.94,2.65,0.04,0.11,0.3,14.06,4.09,medicine,standard,0.88,26.7,2.8,2.1,0,0,1.2,41.35
156.96,1.4,0.45,0.96,0.44,2.19,12.5,general,high,0.72,25.4,29.8,25.6,1,1,1.0,24.26
161.69,1.38,0.06,0.97,0.33,0.64,6.66,general,standard,0.79,25.5,4.2,3.1,0,0,1.0,12.84
240.16,1.86,0.46,0.96,0.23,5.65,1.38,general,standard,0.88,33.5,33.2,21.1,0,1,1.0,38.19
148.03,1.57,0.28,0.18,0.18,4.19,6.08,luxury,high,0.79,29.2,15.3,11.2,0,0,1.0,14.76
310.1,1.77,0.68,0.38,0.57,2.09,3.14,luxury,high,0.94,30.1,51.0,30.3,0,2,1.0,36.75
195.85,2.17,0.56,0.46,0.27,0.22,1.78,medicine,standard,0.76,31.3,43.5,31.5,0,1,1.2,41.9
54.48,2.84,0.16,0.98,0.5,5.97,3.66,perishable,standard,0.75,25.2,10.9,6.3,1,0,1.2,30.99
104.14,1.47,0.11,0.81,0.26,8.19,5.13,hazmat,high,0.72,31.9,6.6,4.7,0,0,1.4,20.71
82.9,1.1,0.63,0.68,0.14,1.81,6.45,furniture,critical,0.88,33.1,35.4,34.9,0,0,1.0,2.91
316.44,1.57,0.41,0.45,0.04,8.25,9.21,medicine,critical,0.94,26.3,27.9,20.1,0,1,1.2,26.76
112.93,1.92,0.05,0.98,0.15,0.98,0.5,luxury,standard,0.86,32.5,2.6,1.9,0,1,1.0,17.31
235.72,2.03,0.16,0.74,0.35,1.68,4.11,luxury,high,0.76,36.5,12.5,8.0,0,0,1.0,35.69
65.31,1.09,0.43,0.57,0.15,16.76,7.73,medicine,critical,0.73,32.1,27.6,24.2,0,1,1.2,12.68
141.71,1.76,0.27,0.56,0.35,8.27,5.37,general,low,0.61,32.5,20.2,13.5,0,0,1.0,25.19
103.94,2.66,0.13,0.17,0.14,0.27,1.86,medicine,standard,0.9,29.9,10.2,7.3,1,0,1.2,32.71
254.94,1.23,0.06,0.44,0.05,22.28,0.02,general,high,0.96,28.1,3.3,2.9,0,1,1.0,15.5
62.05,3.07,0.17,0.22,0.22,2.67,9.37,medicine,critical,0.97,25.3,12.2,7.1,0,1,1.2,22.77
64.14,1.51,0.6,0.76,0.35,0.75,3.03,luxury,low,0.71,29.7,43.9,33.5,0,0,1.0,16.94
67.98,1.66,0.49,0.89,0.33,1.57,1.84,furniture,standard,0.85,32.0,38.5,26.3,1,1,1.0,23.53
90.98,1.61,0.57,0.94,0.44,3.51,6.64,perishable,standard,0.8,25.8,35.1,21.0,0,0,1.2,24.43
107.96,1.99,0.27,0.98,0.32,0.49,1.59,luxury,standard,0.78,32.3,13.9,13.2,1,0,1.0,24.15
169.09,2.51,0.57,0.29,0.33,3.63,0.21,perishable,low,0.72,32.0,41.0,26.5,0,0,1.2,69.26
183.85,2.5,0.12,0.56,0.52,11.64,3.81,furniture,high,0.79,31.8,6.5,4.9,0,0,1.0,33.69
80.58,1.42,0.26,0.76,0.66,6.34,3.83,hazmat,low,0.83,29.8,16.2,12.4,0,1,1.4,28.44
125.13,1.17,0.56,0.68,0.32,10.31,2.39,medicine,high,0.6,33.8,44.0,30.2,0,1,1.2,18.49
263.79,1.15,0.21,1.0,0.07,1.43,8.31,general,standard,0.66,26.4,10.9,7.6,1,4,1.0,20.51
239.07,1.55,0.48,0.33,0.7,3.73,0.76,general,standard,0.85,30.8,31.7,21.9,0,1,1.0,24.52
37.53,1.22,0.33,0.63,0.27,0.51,6.28,luxury,high,0.91,29.9,16.7,18.2,0,0,1.0,5.74
46.48,2.08,0.05,0.34,0.08,5.62,2.31,general,standard,0.89,26.5,3.7,2.7,1,2,1.0,12.61
74.35,2.19,0.27,0.7,0.03,1.28,0.77,furniture,standard,0.86,30.4,14.7,14.7,0,1,1.0,20.02
153.77,2.17,0.15,0.36,0.52,0.94,3.74,perishable,high,0.72,32.7,7.6,8.5,0,0,1.2,37.26
112.58,3.02,0.18,0.75,0.56,1.12,8.34,hazmat,standard,0.93,25.6,11.8,6.6,0,1,1.4,45.97
70.51,1.85,0.58,0.67,0.11,5.39,0.42,general,high,0.75,32.8,38.8,21.1,1,0,1.0,22.87
50.83,2.68,0.23,0.26,0.35,2.75,5.57,luxury,critical,0.71,23.7,16.0,13.0,1,0,1.0,18.36
176.95,1.64,0.08,0.3,0.58,2.59,5.2,perishable,standard,0.81,30.9,6.1,4.1,1,0,1.2,28.12
170.04,2.17,0.39,0.53,0.46,0.81,3.78,general,standard,0.84,26.6,19.8,20.3,1,1,1.0,28.95
177.59,1.86,0.01,0.73,0.48,0.68,4.22,medicine,standard,0.6,27.3,0.7,0.6,0,0,1.2,27.4
104.61,1.69,0.35,0.24,0.32,2.58,5.44,medicine,high,0.6,31.5,18.1,17.6,0,1,1.2,16.18
246.62,1.76,0.63,0.36,0.22,2.5,2.34,perishable,standard,0.78,28.0,46.8,33.9,0,5,1.2,56.53
116.71,1.37,0.57,0.21,0.4,1.42,2.5,general,standard,0.89,33.4,34.3,27.7,0,0,1.0,13.26
194.21,2.37,0.37,0.18,0.3,8.69,12.14,general,high,0.87,27.6,23.2,15.8,0,0,1.0,34.82
88.88,2.06,0.32,0.49,0.13,6.1,0.13,medicine,critical,0.9,32.7,21.2,18.4,0,2,1.2,21.68
158.96,1.56,0.2,0.3,0.41,1.54,11.09,general,standard,0.7,29.5,15.7,8.0,0,1,1.0,21.24
249.43,1.25,0.35,0.36,0.1,3.88,5.16,general,critical,0.91,33.0,27.0,16.8,0,1,1.0,11.8
166.01,1.06,0.13,0.67,0.55,5.79,2.38,luxury,high,0.78,31.0,8.8,6.4,1,0,1.0,6.07
172.04,1.11,0.01,0.71,0.21,3.24,1.89,furniture,high,0.98,33.8,0.6,0.6,0,2,1.0,7.62
84.72,1.53,0.21,0.13,0.19,0.7,3.22,perishable,high,0.78,31.9,16.6,9.5,0,0,1.2,13.74
234.45,1.07,0.2,0.41,0.44,2.93,5.23,perishable,high,0.74,32.0,14.7,10.4,1,2,1.2,12.35
162.22,1.27,0.15,0.42,0.47,1.5,1.4,general,low,0.82,30.1,11.2,8.8,1,1,1.0,13.34
88.67,1.95,0.0,0.89,0.43,0.94,0.24,medicine,standard,0.87,25.6,0.0,0.0,0,4,1.2,31.62
125.45,1.7,0.4,0.51,0.36,1.37,0.68,furniture,high,0.79,31.3,19.7,21.4,1,1,1.0,22.71
197.62,1.09,0.26,0.41,0.36,8.25,7.11,furniture,low,0.78,33.1,18.5,14.6,1,1,1.0,13.72
224.05,1.37,0.28,0.26,0.14,2.51,0.86,perishable,high,0.85,27.2,16.5,15.0,1,0,1.2,10.82
232.67,2.22,0.03,0.86,0.54,8.33,8.32,general,standard,0.8,28.3,2.4,1.7,0,0,1.0,33.76
61.56,1.1,0.48,0.89,0.45,0.68,1.34,furniture,high,0.87,29.3,31.9,17.8,0,1,1.0,5.65
131.34,2.89,0.57,0.98,0.54,4.27,11.11,furniture,standard,0.93,26.3,45.8,26.1,1,0,1.0,46.71
114.65,1.3,0.13,0.9,0.19,4.49,2.91,perishable,low,0.86,29.4,6.6,6.0,1,0,1.2,12.19
87.49,1.44,0.45,0.79,0.63,10.77,1.73,general,low,0.52,26.8,28.0,22.6,0,0,1.0,14.7
180.48,1.48,0.26,0.54,0.59,3.43,2.83,medicine,standard,0.63,34.9,18.4,13.0,0,0,1.2,20.21
264.4,1.54,0.21,0.75,0.12,5.0,8.76,general,high,0.77,25.8,11.7,9.2,1,0,1.0,21.47
112.42,2.15,0.32,0.64,0.04,13.52,6.71,furniture,standard,0.77,26.5,18.3,15.9,0,1,1.0,28.98
84.03,1.53,0.55,0.78,0.29,0.33,1.67,furniture,high,0.94,34.2,39.5,27.7,1,1,1.0,18.29
191.62,2.53,0.68,0.74,0.51,4.23,1.99,perishable,low,0.76,27.3,47.0,37.8,0,1,1.2,79.07
128.98,2.49,0.23,0.51,0.22,0.41,16.72,furniture,standard,0.63,24.4,11.5,12.6,0,0,1.0,36.98
34.89,1.97,0.24,0.53,0.06,7.25,0.61,medicine,low,0.81,29.5,13.7,10.3,1,0,1.2,13.32
44.65,2.19,0.63,0.69,0.07,2.34,2.4,perishable,standard,0.83,36.3,44.3,31.9,1,0,1.2,34.66
123.36,1.59,0.44,0.88,0.13,3.5,6.58,perishable,standard,0.83,24.5,24.4,20.7,0,1,1.2,12.48
91.84,1.6,0.32,0.51,0.27,3.03,2.15,general,low,0.98,24.8,24.7,13.8,1,0,1.0,13.94
82.73,1.96,0.23,0.44,0.16,0.16,0.33,furniture,high,0.81,30.3,13.7,13.0,0,2,1.0,20.47
117.33,1.94,0.57,0.87,0.28,0.53,1.68,medicine,standard,0.78,31.8,33.7,32.6,0,0,1.2,29.31
89.0,1.78,0.14,0.36,0.12,0.65,6.93,general,high,0.56,33.6,11.3,5.3,0,0,1.0,19.27
90.64,2.22,0.58,0.92,0.19,5.17,3.53,perishable,critical,0.74,26.0,30.5,24.9,0,1,1.2,29.94
46.51,2.45,0.08,0.59,0.15,5.69,2.84,perishable,standard,0.68,34.1,5.2,3.4,0,1,1.2,19.58
158.13,1.33,0.08,0.43,0.01,7.62,0.03,general,standard,0.72,29.5,4.2,4.7,0,0,1.0,11.96
267.05,1.82,0.33,0.46,0.5,1.81,5.4,furniture,standard,0.77,27.6,21.4,15.6,0,0,1.0,33.61
14.25,1.35,0.58,0.59,0.1,3.75,6.51,furniture,standard,0.84,34.4,32.9,24.6,0,0,1.0,5.34
117.4,1.3,0.37,0.39,0.17,4.95,0.79,general,critical,0.59,34.9,22.9,16.4,1,0,1.0,11.55
134.7,1.87,0.32,0.8,0.33,2.82,3.41,medicine,high,0.9,24.6,24.8,14.7,0,1,1.2,28.49
170.82,2.26,0.34,0.98,0.3,8.15,7.27,medicine,standard,0.81,25.2,18.1,12.0,0,0,1.2,42.13
57.9,1.22,0.6,0.84,0.55,3.47,3.33,furniture,low,0.82,29.0,39.4,25.8,1,0,1.0,22.79
130.83,2.2,0.28,0.21,0.21,2.29,2.12,perishable,standard,0.73,25.4,18.7,14.8,0,0,1.2,34.96
157.3,1.24,0.35,0.4,0.19,1.83,0.53,perishable,standard,0.81,30.1,19.0,16.2,0,0,1.2,9.03
217.54,2.34,0.72,0.56,0.26,7.13,20.24,general,low,0.76,32.8,57.6,38.1,0,1,1.0,70.21
133.5,2.05,0.28,0.89,0.3,0.65,3.36,medicine,standard,0.89,35.4,14.2,10.2,0,0,1.2,28.98
190.78,1.33,0.23,0.52,0.4,2.03,1.11,medicine,standard,0.79,34.9,18.4,12.1,0,0,1.2,20.26
180.03,1.85,0.59,0.39,0.27,8.66,5.78,general,standard,0.94,28.3,31.9,27.1,1,0,1.0,29.98
217.99,1.56,0.54,0.8,0.55,4.12,2.28,perishable,standard,0.76,23.6,38.7,19.3,1,0,1.2,50.62
131.86,1.18,0.35,0.77,0.12,5.89,1.23,general,critical,0.93,25.5,20.8,17.1,1,0,1.0,6.74
30.9,2.94,0.34,0.23,0.56,13.48,6.2,general,low,0.89,30.7,23.9,19.7,0,1,1.0,16.93
231.32,2.43,0.31,0.25,0.19,0.21,9.45,perishable,standard,0.71,27.5,15.7,16.3,0,0,1.2,57.48
44.82,1.45,0.48,0.56,0.25,3.3,5.59,medicine,low,0.88,30.7,35.0,22.9,1,0,1.2,26.99
116.91,1.57,0.76,0.87,0.48,0.09,6.0,hazmat,critical,0.85,32.3,44.3,34.6,0,1,1.4,34.84
197.78,1.43,0.07,0.35,0.46,3.83,0.2,general,high,0.95,35.3,4.3,2.9,1,2,1.0,19.27
111.83,1.5,0.43,0.67,0.2,0.01,0.03,general,high,0.68,29.0,33.1,16.3,0,1,1.0,14.53
264.54,1.86,0.0,0.49,0.32,1.62,3.75,furniture,low,0.89,32.3,0.0,0.0,1,0,1.0,32.85
102.58,3.21,0.47,0.12,0.34,0.68,0.94,medicine,high,0.93,25.4,36.7,24.7,0,1,1.2,37.76
148.59,1.65,0.24,0.52,0.22,0.77,8.35,medicine,high,0.88,29.4,19.2,9.3,0,0,1.2,20.29
130.99,1.37,0.84,0.67,0.28,1.12,0.2,general,low,0.64,33.4,52.6,39.2,0,0,1.0,11.84
149.11,1.94,0.12,0.88,0.56,12.37,1.42,medicine,critical,0.77,24.5,6.3,7.1,0,0,1.2,28.86
67.23,1.24,0.5,0.36,0.38,6.75,1.69,medicine,high,0.98,34.8,32.7,25.8,1,0,1.2,22.81
191.03,2.16,0.5,0.63,0.71,9.89,5.3,medicine,critical,0.79,28.6,33.6,21.4,1,0,1.2,46.67
130.28,1.31,0.5,0.93,0.18,8.15,6.39,perishable,standard,0.68,32.9,27.7,24.4,1,2,1.2,34.03
205.53,1.47,0.57,0.64,0.63,0.73,2.2,furniture,standard,0.79,33.3,36.8,25.7,0,0,1.0,19.99
83.93,1.42,0.23,0.92,0.09,0.94,0.75,perishable,standard,0.8,32.8,15.8,12.6,0,0,1.2,9.8
217.74,2.25,0.44,0.63,0.05,2.45,2.28,furniture,critical,0.69,32.4,29.8,15.7,0,2,1.0,47.04
34.97,1.52,0.24,0.65,0.45,1.52,7.64,general,standard,0.86,32.8,14.0,12.5,1,1,1.0,11.26
217.9,1.02,0.7,0.75,0.51,0.33,0.51,furniture,standard,0.59,32.8,48.8,32.5,0,0,1.0,6.75
117.69,1.43,0.1,0.78,0.3,5.68,0.4,perishable,high,0.76,29.6,7.9,4.0,1,0,1.2,9.06
136.37,1.55,0.55,0.56,0.19,4.05,21.37,luxury,low,0.81,32.4,31.8,32.5,0,0,1.0,25.7
94.62,2.24,0.11,0.68,0.63,3.31,1.16,medicine,high,0.82,31.9,8.3,6.1,0,2,1.2,33.47
144.36,1.23,0.67,0.73,0.54,7.24,5.83,perishable,standard,0.69,29.0,53.2,35.4,0,1,1.2,29.43
66.31,1.95,0.26,0.24,0.21,8.0,2.61,perishable,critical,0.64,25.2,20.6,9.5,0,1,1.2,22.38
153.04,1.67,0.39,0.37,0.55,2.57,6.49,perishable,critical,0.74,29.6,22.5,19.8,1,0,1.2,21.53
111.24,1.61,0.16,0.9,0.38,0.78,6.51,furniture,standard,0.74,28.1,11.5,7.7,0,0,1.0,14.96
164.02,1.68,0.18,0.32,0.4,2.35,0.53,medicine,high,0.86,29.5,14.4,9.2,0,0,1.2,18.34
96.11,1.64,0.25,0.67,0.44,0.79,7.46,furniture,low,0.91,29.6,17.4,9.1,0,1,1.0,17.29
196.96,1.19,0.22,0.15,0.23,15.68,0.75,hazmat,standard,0.68,32.2,13.1,10.4,1,0,1.4,15.39
277.69,1.89,0.84,0.84,0.54,5.37,1.59,general,critical,0.8,24.8,53.2,36.7,0,0,1.0,33.74
149.32,1.37,0.52,0.63,0.18,2.27,1.0,perishable,standard,0.77,25.9,38.6,29.4,0,0,1.2,20.21
166.51,2.21,0.31,0.55,0.57,16.31,4.52,medicine,standard,0.92,32.6,19.2,16.1,1,0,1.2,44.57
82.09,1.51,0.57,0.77,0.34,0.92,7.01,general,standard,0.73,29.1,37.1,33.5,0,0,1.0,15.8
129.14,1.6,0.06,0.79,0.25,26.9,6.01,furniture,standard,0.89,34.2,3.4,2.5,0,0,1.0,16.73
110.32,1.61,0.15,0.32,0.56,0.68,0.99,perishable,standard,0.71,28.7,7.6,6.9,1,0,1.2,11.95
201.44,1.67,0.18,0.98,0.67,1.44,1.37,general,standard,0.67,31.4,9.7,7.4,0,2,1.0,23.84
146.23,1.12,0.28,0.92,0.19,25.76,0.85,perishable,high,0.7,36.8,22.1,16.8,0,1,1.2,13.99
43.59,2.56,0.8,0.29,0.55,3.85,2.96,general,low,0.86,33.7,51.4,47.9,0,0,1.0,23.4
95.63,1.62,0.26,0.4,0.51,1.6,3.15,general,standard,0.72,23.7,19.5,13.0,0,0,1.0,9.81
304.83,1.27,0.38,0.44,0.51,10.6,3.35,furniture,low,0.82,28.8,29.3,19.1,1,0,1.0,30.92
192.21,2.48,0.17,0.81,0.14,9.58,2.73,medicine,standard,0.7,32.0,9.6,7.0,0,2,1.2,54.48
29.14,2.85,0.35,0.4,0.26,10.13,6.89,furniture,standard,0.84,31.6,18.6,20.6,0,1,1.0,19.82
204.42,2.67,0.22,0.7,0.66,0.91,1.66,furniture,low,0.83,29.8,14.4,9.2,0,0,1.0,50.45
95.28,1.27,0.18,0.69,0.34,3.14,2.1,perishable,standard,0.85,27.6,14.2,10.7,1,0,1.2,6.68
199.41,1.17,0.26,0.61,0.44,8.11,3.88,perishable,high,0.79,27.3,14.5,11.8,1,2,1.2,18.0
206.33,1.37,0.26,0.66,0.46,2.26,1.53,perishable,high,0.82,32.9,14.7,13.8,0,0,1.2,15.87
109.65,1.79,0.63,0.3,0.16,3.42,1.81,hazmat,standard,0.95,28.6,47.0,30.0,1,1,1.4,50.18
220.23,2.3,0.12,0.24,0.36,2.26,4.09,general,low,0.88,29.4,8.9,4.5,1,1,1.0,53.78
142.62,1.4,0.15,0.4,0.22,0.24,3.37,luxury,high,0.64,25.3,8.8,5.6,0,0,1.0,12.0
113.64,1.43,0.37,0.54,0.26,2.77,2.92,general,standard,0.64,24.9,22.3,17.7,0,0,1.0,12.44
163.34,1.1,0.35,0.58,0.58,12.64,0.32,hazmat,low,0.89,27.7,24.6,15.0,0,0,1.4,12.94
139.85,1.36,0.01,0.26,0.01,0.84,4.56,medicine,high,0.86,33.2,0.6,0.4,0,0,1.2,9.87
225.36,2.41,0.08,0.73,0.08,3.26,7.79,furniture,standard,0.74,30.6,5.7,3.3,1,0,1.0,53.31
106.47,1.73,0.38,0.19,0.07,1.65,13.54,furniture,standard,0.85,33.4,25.1,13.3,1,0,1.0,24.29
73.01,1.55,0.11,0.99,0.64,6.86,8.45,perishable,standard,0.79,22.5,7.2,5.8,0,1,1.2,10.58
231.55,2.27,0.44,0.81,0.34,8.35,0.33,perishable,standard,0.73,27.8,31.9,23.8,0,0,1.2,55.82
190.5,1.18,0.03,0.91,0.05,8.65,13.99,general,standard,0.85,28.3,1.6,1.6,1,0,1.0,7.63
142.21,1.45,0.22,0.52,0.36,3.15,0.38,general,standard,0.81,33.7,11.9,11.0,1,0,1.0,7.73
99.6,1.18,0.02,0.96,0.06,1.84,5.69,general,critical,0.8,30.0,1.5,0.8,0,0,1.0,2.82
167.51,2.58,0.18,0.99,0.34,3.84,0.32,medicine,critical,0.67,26.0,12.8,7.2,1,0,1.2,43.34
130.44,1.36,0.63,0.53,0.52,8.23,0.43,general,standard,0.73,31.7,50.7,23.2,0,2,1.0,21.17
188.85,1.34,0.4,0.85,0.42,4.61,1.1,luxury,standard,0.68,30.8,31.7,20.2,0,0,1.0,21.18
58.77,1.67,0.53,0.7,0.65,0.17,2.86,furniture,standard,0.69,26.7,39.1,24.6,0,3,1.0,24.08
184.36,1.04,0.54,0.28,0.76,3.63,1.55,medicine,standard,0.77,31.5,33.3,26.7,1,0,1.2,18.15
179.93,2.19,0.38,0.46,0.19,0.79,5.29,general,high,0.77,28.9,28.8,15.2,1,1,1.0,33.73
140.12,1.76,0.59,0.74,0.04,6.79,5.46,medicine,standard,0.57,30.5,46.5,22.9,0,0,1.2,30.3
111.39,2.66,0.06,0.24,0.67,2.02,3.41,perishable,high,0.74,31.1,4.5,2.9,0,2,1.2,40.85
95.71,1.25,0.69,0.39,0.1,1.41,1.48,furniture,critical,0.94,26.0,42.0,30.5,0,0,1.0,6.09
76.5,2.12,0.56,0.4,0.64,12.63,0.33,medicine,high,0.92,28.6,37.7,27.7,1,0,1.2,42.8
201.89,1.33,0.53,0.47,0.46,1.6,3.81,general,standard,0.81,32.2,31.1,27.6,0,1,1.0,18.62
190.84,2.22,0.31,0.1,0.92,4.98,0.21,perishable,high,0.95,28.0,23.6,14.4,0,1,1.2,42.82
163.22,1.56,0.14,0.37,0.14,8.72,2.62,perishable,high,0.72,24.1,7.3,8.0,0,0,1.2,19.68
245.33,1.45,0.33,0.29,0.13,3.44,2.42,medicine,low,0.76,27.9,25.9,15.9,0,1,1.2,40.13
144.09,1.25,0.41,0.95,0.5,3.11,10.24,luxury,standard,0.8,33.0,23.3,22.1,0,0,1.0,13.72
140.91,1.95,0.9,0.85,0.73,22.58,6.26,perishable,critical,0.76,28.6,54.4,44.5,0,0,1.2,36.27
126.05,1.43,0.34,0.57,0.05,1.34,6.5,furniture,low,0.65,31.6,21.0,19.7,0,0,1.0,13.34
166.34,1.43,0.35,0.18,0.09,3.4,0.1,perishable,standard,0.71,29.4,27.2,12.4,1,0,1.2,26.16
223.79,1.62,0.1,0.95,0.25,2.31,5.54,furniture,standard,0.99,31.5,8.0,5.0,0,0,1.0,16.96
105.1,1.75,0.2,0.45,0.23,1.63,1.31,hazmat,high,0.87,29.7,10.8,8.8,1,1,1.4,20.79
155.51,1.58,0.08,0.79,0.85,0.27,1.32,general,standard,0.85,36.8,6.2,3.2,0,1,1.0,19.85
99.14,1.53,0.6,0.3,0.73,3.66,0.31,luxury,high,0.85,30.2,45.5,33.4,1,0,1.0,29.64
124.2,1.75,0.19,0.67,0.19,5.8,0.38,furniture,critical,0.94,23.6,13.5,8.7,0,0,1.0,13.81
54.87,2.1,0.2,0.5,0.07,3.15,1.87,general,standard,0.8,33.3,10.0,9.3,0,0,1.0,13.97
48.41,2.18,0.62,0.56,0.36,0.6,18.97,furniture,high,0.88,30.3,40.7,29.0,0,0,1.0,14.73
141.64,1.68,0.18,0.28,0.2,0.83,1.72,furniture,critical,0.68,34.7,13.0,10.1,0,0,1.0,13.97
144.35,1.55,0.21,0.89,0.11,2.24,0.35,general,standard,0.67,30.1,14.1,9.7,1,1,1.0,15.44
108.64,2.55,0.45,0.72,0.2,5.9,3.21,furniture,high,0.76,30.3,35.7,17.4,0,0,1.0,24.12
176.23,1.27,0.07,0.47,0.53,5.99,6.0,medicine,high,0.84,27.3,4.4,3.7,0,1,1.2,17.05
119.32,1.83,0.41,0.43,0.91,6.34,5.41,general,standard,0.78,29.0,21.4,18.4,1,1,1.0,22.02
126.87,1.23,0.6,0.15,0.7,3.43,9.56,perishable,high,0.82,27.7,33.2,23.0,1,1,1.2,33.8
70.11,1.24,0.0,0.46,0.55,9.99,2.9,general,standard,0.6,32.3,0.0,0.0,1,1,1.0,8.55
161.24,1.69,0.75,0.3,0.64,1.33,7.57,medicine,critical,0.96,26.3,38.4,32.3,0,0,1.2,24.95
223.42,1.29,0.46,0.86,0.31,10.09,0.14,medicine,standard,0.97,29.1,31.8,20.4,0,0,1.2,26.92
149.59,1.28,0.27,0.37,0.06,4.88,9.43,furniture,standard,0.77,30.2,18.6,15.0,0,0,1.0,10.83
86.52,1.24,0.58,0.62,0.36,2.71,0.93,hazmat,standard,0.74,31.4,37.5,27.9,1,0,1.4,27.58
125.72,1.73,0.19,0.68,0.51,7.63,0.56,hazmat,high,0.72,31.8,15.3,7.7,0,0,1.4,28.65
94.36,1.92,0.41,0.65,0.26,5.86,9.01,medicine,critical,0.86,29.5,20.7,19.7,0,0,1.2,20.75
144.8,2.78,0.55,0.66,0.25,3.73,0.3,perishable,high,0.82,27.8,41.5,22.7,0,0,1.2,48.04
85.8,1.15,0.39,0.81,0.2,5.89,3.74,perishable,critical,0.79,32.4,20.2,22.9,0,0,1.2,6.96
119.66,1.6,0.35,0.5,0.46,2.01,3.14,perishable,standard,0.95,27.6,25.3,18.1,0,1,1.2,19.49
201.8,1.36,0.27,0.24,0.77,1.37,0.06,furniture,standard,0.83,28.2,15.5,14.6,0,0,1.0,16.05
108.12,1.38,0.13,0.55,0.17,0.43,5.44,medicine,high,0.7,31.9,10.1,6.9,1,1,1.2,13.2
94.08,2.56,0.51,0.11,0.11,1.97,1.57,furniture,high,0.67,26.6,32.0,27.0,0,0,1.0,31.05
147.41,2.16,0.1,0.75,0.16,1.72,0.18,perishable,standard,0.97,26.2,7.9,4.6,0,0,1.2,26.53
238.12,1.91,0.32,0.19,0.23,0.62,0.37,luxury,high,0.8,27.2,17.3,15.4,0,1,1.0,31.54
243.5,1.29,0.35,0.35,0.3,2.79,1.34,perishable,high,0.87,32.4,25.5,18.7,0,0,1.2,15.4
84.9,3.09,0.22,0.42,0.53,8.23,4.31,general,standard,0.86,22.8,12.7,13.1,0,0,1.0,38.54
190.75,2.38,0.29,0.87,0.08,8.66,5.33,general,high,0.81,31.9,19.8,17.4,1,1,1.0,41.38
82.4,1.09,0.33,0.79,0.15,0.46,8.98,medicine,standard,0.67,34.6,23.8,14.3,0,0,1.2,12.4
230.24,2.53,0.17,0.88,0.23,6.18,3.16,medicine,standard,0.77,31.8,12.6,9.2,1,0,1.2,66.48
282.48,1.92,0.24,0.99,0.23,11.47,2.11,perishable,low,0.7,31.5,16.1,9.6,0,2,1.2,62.83
202.5,2.31,0.45,0.61,0.07,0.06,8.47,general,low,0.74,33.9,22.2,24.5,0,1,1.0,48.04
181.78,2.72,0.3,0.23,0.39,5.59,1.96,general,standard,0.94,30.3,15.6,16.9,0,0,1.0,46.91
114.7,1.95,0.22,0.55,0.49,28.81,2.59,perishable,standard,0.79,29.2,12.6,13.1,0,1,1.2,37.53
147.48,2.28,0.3,0.87,0.4,4.86,2.08,furniture,critical,0.8,25.7,17.5,14.3,0,0,1.0,25.55
263.99,1.6,0.11,0.37,0.51,0.88,4.68,perishable,standard,0.8,30.0,7.8,6.1,0,0,1.2,29.22
124.22,2.36,0.14,0.62,0.49,2.61,4.83,general,standard,0.73,32.4,7.2,8.0,0,0,1.0,27.93
37.6,2.02,0.34,0.24,0.45,0.08,3.23,hazmat,standard,0.85,31.7,21.3,14.9,0,0,1.4,17.47
152.31,1.93,0.07,0.24,0.21,4.82,4.11,furniture,low,0.76,29.8,4.1,3.4,0,2,1.0,31.88
159.07,1.88,0.54,0.64,0.6,13.51,0.58,perishable,high,0.7,28.9,40.1,19.2,0,0,1.2,33.34
42.68,1.4,0.43,0.95,0.3,5.15,6.54,hazmat,critical,0.85,32.5,31.2,19.3,0,0,1.4,11.29
16.05,1.31,0.32,0.33,0.4,3.24,5.5,perishable,high,0.81,34.5,24.1,12.1,1,0,1.2,10.63
106.18,1.21,0.27,0.71,0.66,1.43,0.39,general,standard,0.9,25.6,16.1,15.3,0,1,1.0,6.39
59.91,2.49,0.02,0.81,0.11,2.26,3.55,general,high,0.84,27.4,1.6,1.1,0,0,1.0,15.22
70.01,1.58,0.09,0.33,0.71,0.09,1.42,furniture,critical,0.88,29.9,6.3,3.4,0,0,1.0,5.74
103.97,2.06,0.48,0.32,0.11,2.61,5.19,general,standard,0.84,29.7,28.8,28.7,1,2,1.0,43.88
125.33,2.63,0.45,0.82,0.24,0.8,15.18,furniture,high,0.95,31.4,28.3,19.0,1,0,1.0,42.04
191.25,1.8,0.22,0.16,0.18,4.58,0.35,luxury,critical,0.64,36.7,15.2,7.7,0,0,1.0,22.75
195.25,1.3,0.2,0.39,0.55,4.57,4.12,general,standard,0.78,25.5,10.7,7.6,0,0,1.0,15.99
104.85,2.24,0.33,0.57,0.28,2.19,6.68,general,critical,0.9,31.7,23.1,19.4,0,0,1.0,24.9
178.87,1.29,0.23,0.34,0.61,7.49,0.92,medicine,critical,0.8,32.2,12.6,9.1,1,0,1.2,14.17
99.71,1.89,0.36,0.19,0.42,8.31,0.86,furniture,low,0.89,32.7,26.9,19.4,0,0,1.0,15.83
229.06,1.26,0.39,0.91,0.35,2.63,3.17,general,standard,0.82,28.4,23.7,16.6,1,1,1.0,13.22
194.76,1.21,0.39,0.51,0.1,0.68,0.76,perishable,high,0.83,30.7,30.0,14.4,0,2,1.2,14.59
55.61,2.46,0.47,0.25,0.37,6.91,2.19,perishable,high,0.85,31.0,31.8,20.9,1,0,1.2,23.43
137.54,1.92,0.42,0.97,0.52,3.43,1.97,furniture,standard,0.83,30.7,22.9,23.2,0,0,1.0,21.81
57.79,1.44,0.12,0.91,0.1,8.06,2.57,hazmat,high,0.91,29.0,6.1,6.7,1,0,1.4,10.05
166.96,2.4,0.09,0.35,0.29,1.39,7.64,hazmat,standard,0.8,28.7,6.4,3.4,0,2,1.4,63.84
315.35,1.11,0.13,0.13,0.26,4.03,10.25,general,standard,0.86,26.9,8.0,7.2,0,0,1.0,10.3
88.88,1.46,0.18,0.39,0.39,0.67,8.47,medicine,low,0.69,28.6,10.3,6.8,0,1,1.2,20.03
151.54,1.4,0.22,0.19,0.32,5.03,1.49,furniture,standard,0.75,25.8,16.3,11.2,1,1,1.0,14.43
141.8,1.27,0.67,0.49,0.24,5.74,5.66,perishable,high,0.88,35.8,47.7,38.4,0,0,1.2,17.71
95.68,2.46,0.11,0.61,0.6,14.92,1.86,furniture,high,0.81,28.6,6.1,5.7,1,2,1.0,32.88
185.13,2.03,0.62,0.15,0.33,8.63,10.69,general,standard,0.82,30.7,37.9,22.3,0,0,1.0,32.45
318.15,1.84,0.43,0.98,0.27,1.03,1.48,general,standard,0.67,34.3,28.1,21.9,1,1,1.0,45.43
113.92,1.38,0.23,0.55,0.15,3.57,0.89,general,low,0.75,27.7,12.1,10.9,0,0,1.0,11.2
110.85,1.33,0.36,0.69,0.27,16.69,7.07,general,critical,0.82,29.6,21.7,15.7,1,0,1.0,11.29
246.87,1.89,0.48,0.34,0.52,1.11,1.4,medicine,standard,0.92,27.3,30.0,18.3,1,0,1.2,50.51
120.86,2.11,0.1,0.64,0.2,0.83,4.26,furniture,high,0.8,25.6,7.9,3.8,0,0,1.0,21.78
169.64,1.03,0.38,0.53,0.25,1.9,2.92,perishable,high,0.93,29.4,25.5,14.2,0,1,1.2,9.79
51.82,1.38,0.41,0.87,0.27,10.05,0.86,medicine,low,0.88,33.8,20.4,20.6,0,3,1.2,21.11
117.37,2.25,0.34,0.29,0.16,2.17,4.76,general,high,0.67,32.3,27.0,17.2,0,0,1.0,26.44
44.94,1.63,0.44,0.1,0.54,6.72,3.59,perishable,high,0.9,34.9,30.3,16.4,0,0,1.2,13.01
93.09,2.13,0.19,0.26,0.46,2.75,2.22,luxury,high,0.76,30.5,10.2,8.3,0,0,1.0,24.09
95.37,1.18,0.53,0.3,0.09,5.0,2.84,general,critical,0.83,31.4,39.8,22.5,0,0,1.0,6.95
160.06,1.35,0.51,0.5,0.35,1.36,0.18,medicine,critical,0.77,26.4,40.2,22.2,0,0,1.2,14.52
199.86,1.61,0.65,0.44,0.21,3.53,2.48,medicine,low,0.66,32.9,44.7,34.7,0,0,1.2,36.59
168.19,1.02,0.36,0.35,0.66,0.5,0.71,furniture,critical,0.86,29.3,28.4,12.8,0,2,1.0,9.11
33.03,2.44,0.28,0.36,0.15,4.84,0.0,medicine,low,0.78,31.8,18.3,15.7,1,0,1.2,21.29
77.13,2.31,0.52,0.28,0.57,3.04,0.79,hazmat,high,0.89,28.2,26.4,23.1,0,0,1.4,33.07
115.4,1.7,0.29,0.17,0.66,1.05,3.28,hazmat,low,0.79,27.7,17.7,12.5,0,0,1.4,30.62
142.81,1.53,0.21,0.8,0.12,3.9,2.95,hazmat,high,0.91,29.8,15.3,8.2,0,0,1.4,16.94
27.97,2.07,0.52,0.13,0.14,1.74,0.63,furniture,high,0.93,36.2,38.4,29.6,0,1,1.0,9.99
237.06,2.04,0.15,0.66,0.55,1.65,0.03,hazmat,standard,0.84,34.1,10.3,7.5,1,2,1.4,48.55
99.68,3.25,0.05,0.88,0.28,1.18,1.98,perishable,standard,0.8,27.2,2.7,2.8,0,1,1.2,49.82
81.22,1.42,0.29,0.44,0.25,8.43,0.76,hazmat,standard,0.79,29.7,16.0,11.2,0,0,1.4,12.9
151.1,1.49,0.33,0.64,0.31,9.95,3.62,luxury,standard,0.78,36.1,18.6,19.5,1,0,1.0,18.42
41.77,1.38,0.4,0.66,0.69,5.05,2.71,medicine,standard,0.8,22.9,20.5,17.9,0,1,1.2,19.06
55.48,1.93,0.68,0.21,0.28,4.96,4.06,perishable,standard,0.85,25.5,53.1,30.8,0,0,1.2,22.42
139.63,1.35,0.48,0.3,0.18,2.45,1.06,general,low,0.82,23.8,28.9,24.0,0,0,1.0,12.58
137.61,2.21,0.52,0.29,0.11,12.46,5.56,general,low,0.57,32.0,28.2,27.2,0,0,1.0,35.68
221.34,1.59,0.55,0.2,0.41,14.5,0.1,furniture,standard,0.84,34.4,40.1,30.0,1,0,1.0,30.41
39.85,2.43,0.32,0.7,0.66,5.74,2.33,medicine,high,0.93,30.6,24.5,16.6,0,0,1.2,15.47
245.0,2.24,0.45,0.51,0.27,2.04,2.23,general,high,0.77,30.9,27.5,23.4,1,1,1.0,50.16
130.53,1.17,0.02,0.44,0.5,6.04,10.72,medicine,high,0.97,31.8,1.0,1.1,1,0,1.2,5.23
97.17,1.46,0.26,0.88,0.34,3.36,3.82,luxury,low,0.96,31.8,18.0,13.1,1,0,1.0,12.5
127.06,2.31,0.26,0.95,0.4,1.02,8.32,general,high,0.55,30.4,14.6,12.2,0,1,1.0,40.8
263.71,1.84,0.2,0.54,0.2,0.97,4.16,furniture,low,0.83,26.2,12.8,10.1,1,0,1.0,32.14
118.86,1.69,0.1,0.86,0.66,1.12,2.09,perishable,high,0.73,35.5,6.0,5.4,0,0,1.2,14.63
172.32,1.61,0.18,0.92,0.32,5.83,9.72,furniture,critical,0.76,31.2,9.5,6.7,0,0,1.0,19.14
58.45,1.46,0.58,0.38,0.23,5.19,10.59,perishable,standard,0.81,26.2,31.5,31.0,0,1,1.2,21.32
104.81,1.83,0.18,0.12,0.25,1.42,14.96,medicine,high,0.9,33.1,14.3,7.2,0,1,1.2,22.02
207.39,1.32,0.83,0.75,0.07,7.13,1.74,general,standard,0.86,32.2,53.1,30.0,1,0,1.0,29.26
89.89,1.18,0.11,0.37,0.44,15.65,0.38,furniture,standard,0.72,31.3,8.7,6.0,1,1,1.0,8.62
195.12,1.31,0.52,0.12,0.07,0.05,0.47,general,high,0.96,26.1,31.0,26.9,1,2,1.0,26.56
121.24,2.17,0.29,0.46,0.19,0.93,2.24,perishable,high,0.66,26.7,19.6,11.5,0,0,1.2,34.17
272.94,1.61,0.43,0.53,0.13,6.36,0.59,perishable,standard,0.79,29.0,32.6,19.5,1,1,1.2,52.3
256.81,1.49,0.62,0.45,0.13,5.85,10.32,general,high,0.74,27.6,31.1,31.0,1,1,1.0,39.37
170.54,2.37,0.12,0.35,0.27,1.27,1.19,general,high,0.65,26.5,7.1,4.7,0,0,1.0,36.1
57.62,2.21,0.27,0.87,0.31,7.78,5.18,general,standard,0.71,28.9,19.4,11.4,0,1,1.0,20.14
30.13,1.82,0.12,0.56,0.48,0.61,2.98,furniture,high,0.9,31.5,6.8,5.9,0,1,1.0,2.72
48.66,1.09,0.42,0.81,0.25,4.26,9.8,perishable,high,0.77,25.6,32.4,17.7,0,0,1.2,13.67
96.03,1.78,0.3,0.4,0.41,4.18,3.35,medicine,critical,0.92,24.0,19.1,16.9,0,0,1.2,12.28
202.07,2.26,0.18,0.37,0.16,6.4,16.83,perishable,low,0.64,26.1,12.6,10.4,1,0,1.2,52.47
74.67,1.59,0.38,0.82,0.35,9.66,0.34,general,critical,0.97,27.1,28.0,20.7,1,0,1.0,22.83
164.96,2.1,0.44,0.92,0.43,9.86,4.38,general,standard,0.91,33.5,27.6,25.5,1,2,1.0,42.52
102.84,1.59,0.28,0.76,0.48,6.28,3.82,furniture,high,0.86,26.1,21.9,13.3,0,0,1.0,10.82
158.77,1.84,0.33,0.41,0.17,9.49,4.51,luxury,high,0.92,28.7,18.9,13.2,0,0,1.0,19.84
149.12,1.21,0.3,0.95,0.09,8.46,1.53,general,standard,0.8,32.6,19.2,14.0,0,0,1.0,6.82
98.64,2.59,0.18,0.77,0.61,11.56,0.37,perishable,critical,0.88,32.6,10.0,9.3,0,2,1.2,26.97
39.42,2.47,0.02,0.65,0.45,0.77,0.96,general,high,0.92,32.1,1.1,0.9,0,1,1.0,19.55
108.83,1.82,0.17,0.57,0.21,0.46,7.9,general,standard,0.8,26.8,11.0,8.3,1,0,1.0,9.51
161.21,2.56,0.37,0.67,0.13,6.6,7.06,general,low,0.66,28.9,27.4,15.0,0,2,1.0,52.93
114.36,1.95,0.2,0.14,0.18,3.02,1.01,general,high,0.87,25.1,15.5,9.7,0,0,1.0,15.43
70.05,1.93,0.23,0.69,0.62,8.97,0.12,luxury,critical,0.55,27.5,12.4,9.4,0,1,1.0,15.4
100.72,2.06,0.42,0.36,0.38,3.76,4.36,luxury,standard,0.65,26.7,25.5,18.8,0,1,1.0,23.73
253.8,2.21,0.07,0.47,0.04,21.58,0.99,hazmat,standard,0.97,33.0,5.5,3.8,1,1,1.4,53.74
169.37,1.26,0.4,0.62,0.55,0.5,2.72,general,high,0.8,36.0,21.1,21.0,1,0,1.0,8.71
128.26,1.54,0.43,0.37,0.57,4.45,2.31,general,standard,0.9,29.9,32.0,23.3,1,0,1.0,22.61
54.55,1.7,0.29,0.28,0.2,3.37,4.37,furniture,standard,0.97,26.0,17.5,15.7,0,1,1.0,10.54
187.76,1.82,0.43,0.29,0.35,1.09,1.73,perishable,critical,0.62,32.3,24.3,18.6,0,1,1.2,22.38
200.99,1.27,0.3,0.97,0.42,8.98,2.3,medicine,low,0.87,31.3,17.7,17.3,1,0,1.2,15.99
205.9,1.37,0.2,0.24,0.42,6.33,7.07,general,standard,0.71,29.5,14.0,9.8,1,0,1.0,18.29
119.86,2.26,0.2,0.77,0.18,1.68,1.51,general,critical,0.9,35.5,14.4,8.3,0,2,1.0,22.4
276.57,1.51,0.74,0.94,0.06,0.85,0.83,furniture,high,0.62,28.2,41.6,25.9,0,0,1.0,32.13
184.76,1.61,0.18,0.9,0.52,3.2,1.93,medicine,low,0.95,28.3,12.1,10.3,1,1,1.2,26.21
91.31,2.24,0.11,0.59,0.23,0.51,1.22,perishable,standard,0.77,28.3,5.6,4.4,0,0,1.2,18.11
81.88,2.58,0.22,0.43,0.26,0.76,9.38,luxury,low,0.9,25.2,17.2,8.5,0,0,1.0,22.67
109.3,1.09,0.27,0.53,0.36,1.09,0.04,general,high,0.82,28.0,17.8,13.8,1,2,1.0,5.34
114.72,1.44,0.54,0.12,0.2,0.75,6.96,general,high,0.69,30.4,43.3,27.6,1,1,1.0,24.61
78.72,1.64,0.36,0.7,0.22,6.59,1.11,furniture,low,0.94,28.2,19.2,17.7,0,0,1.0,14.4
227.34,2.14,0.58,0.65,0.61,2.13,1.27,hazmat,high,0.78,29.0,36.7,31.7,1,0,1.4,83.21
77.26,1.38,0.13,0.49,0.16,1.27,0.46,luxury,high,0.78,28.6,8.5,6.5,1,0,1.0,5.5
146.01,1.18,0.26,0.98,0.23,0.99,2.95,luxury,low,0.84,29.8,16.1,10.2,0,0,1.0,13.36
188.85,2.37,0.13,0.26,0.31,15.42,0.19,hazmat,critical,0.93,36.3,9.0,7.6,0,1,1.4,50.07
119.9,1.27,0.3,0.62,0.66,2.27,2.3,perishable,critical,0.89,31.1,19.1,13.1,0,1,1.2,8.61
153.57,2.12,0.51,0.6,0.17,5.97,5.28,perishable,low,0.78,32.6,34.7,24.1,1,2,1.2,48.05
218.54,1.91,0.35,0.2,0.3,0.17,5.06,hazmat,high,0.8,31.0,27.6,18.9,0,0,1.4,43.93
35.29,2.15,0.79,0.53,0.23,5.23,0.57,general,high,0.81,30.4,50.9,32.2,1,0,1.0,23.38
84.5,1.49,0.35,0.14,0.33,3.48,1.65,furniture,high,0.77,27.0,26.6,13.6,1,1,1.0,29.35
231.44,2.14,0.31,0.48,0.37,6.9,6.22,luxury,standard,0.7,33.1,18.6,16.7,1,1,1.0,48.24
23.26,1.16,0.67,0.12,0.38,3.53,0.63,general,standard,0.82,32.0,38.1,23.6,0,0,1.0,11.01
193.59,1.86,0.35,0.23,0.17,2.76,0.96,general,high,0.61,28.5,18.7,18.0,1,1,1.0,33.59
287.2,1.59,0.41,0.51,0.28,14.1,0.83,hazmat,standard,0.9,25.7,28.1,17.5,0,0,1.4,35.23
33.08,1.21,0.44,0.77,0.51,0.63,10.41,general,high,0.81,32.4,21.9,24.8,0,0,1.0,8.61
80.6,1.09,0.72,0.56,0.44,10.52,0.13,perishable,critical,0.77,32.2,38.2,32.5,1,1,1.2,26.0
225.44,1.83,0.15,0.58,0.25,11.45,0.47,medicine,low,0.92,29.8,11.1,6.5,1,0,1.2,39.02
87.74,1.51,0.39,0.44,0.07,8.11,17.64,perishable,low,0.86,28.9,28.9,21.0,1,1,1.2,39.21
106.67,1.69,0.43,0.64,0.61,7.42,5.08,perishable,low,0.95,32.9,21.2,21.3,0,0,1.2,32.93
182.55,2.52,0.3,0.84,0.22,13.94,4.95,general,standard,0.71,35.7,23.7,15.0,0,1,1.0,41.41
129.73,1.87,0.25,0.92,0.11,9.77,1.33,medicine,critical,0.83,35.4,16.0,10.5,1,1,1.2,20.02
83.19,1.61,0.37,0.99,0.38,0.43,4.02,medicine,critical,0.83,30.4,21.6,18.6,0,1,1.2,12.28
122.43,1.2,0.7,0.78,0.3,5.95,2.47,perishable,standard,0.69,28.7,47.5,29.8,0,2,1.2,19.37
46.9,1.9,0.27,0.2,0.32,11.89,1.56,general,low,0.75,25.9,15.1,14.5,0,0,1.0,13.23
28.12,2.33,0.07,0.23,0.38,1.25,0.29,medicine,standard,0.76,33.4,3.7,2.9,0,1,1.2,12.83
151.77,1.27,0.23,0.55,0.27,7.65,22.05,perishable,high,0.75,32.0,17.6,11.0,0,1,1.2,15.87
117.85,1.38,0.15,0.71,0.47,0.72,0.3,hazmat,critical,0.85,31.7,7.9,6.0,1,1,1.4,15.33
33.46,1.99,0.22,0.22,0.54,1.43,2.91,perishable,high,0.76,32.8,13.1,11.8,0,0,1.2,12.02
81.31,1.92,0.26,0.46,0.14,0.85,2.86,luxury,low,0.9,32.8,18.6,10.6,0,1,1.0,17.44
60.51,2.45,0.75,0.62,0.34,0.13,5.23,furniture,critical,0.66,34.9,58.8,26.9,1,0,1.0,31.67
219.3,1.92,0.16,0.28,0.18,0.03,0.79,general,critical,0.75,33.4,8.3,7.0,1,0,1.0,27.44
44.78,2.06,0.32,0.73,0.15,6.25,8.29,medicine,standard,0.96,28.2,22.6,13.2,0,0,1.2,20.68
189.37,1.81,0.6,0.4,0.1,5.27,6.18,general,critical,0.86,31.6,41.9,26.3,1,0,1.0,31.65
118.2,1.99,0.34,0.34,0.16,4.67,3.49,general,high,0.82,33.9,19.5,16.2,0,0,1.0,17.21
152.79,1.19,0.12,0.17,0.4,0.89,3.77,perishable,low,0.79,30.9,9.2,6.6,1,2,1.2,13.24
155.52,1.1,0.27,0.71,0.03,2.41,1.7,luxury,high,0.87,30.3,16.8,11.9,0,0,1.0,5.19
89.48,2.52,0.48,0.3,0.22,15.1,0.36,furniture,low,0.86,29.4,27.3,27.1,1,1,1.0,48.79
257.35,2.03,0.48,0.21,0.38,15.8,0.99,general,critical,0.81,27.8,31.4,21.3,0,0,1.0,38.46
100.41,1.59,0.41,0.37,0.2,6.06,5.25,perishable,high,0.69,33.6,23.0,14.8,0,0,1.2,13.32
133.69,2.63,0.77,0.76,0.32,1.91,0.11,general,high,0.75,29.6,54.1,45.8,1,0,1.0,44.13
63.77,1.92,0.55,0.35,0.41,3.84,0.56,luxury,low,0.58,27.3,30.4,22.9,1,2,1.0,44.17
175.84,1.76,0.71,0.13,0.27,0.16,8.17,perishable,low,0.77,31.3,53.9,30.6,0,1,1.2,47.15
36.28,1.87,0.58,0.65,0.63,8.65,6.91,perishable,critical,0.78,36.6,41.4,28.4,0,0,1.2,15.11
121.84,2.03,0.3,0.62,0.48,5.62,6.33,perishable,low,0.85,27.5,24.1,15.8,1,0,1.2,29.93
133.64,2.67,0.25,0.88,0.23,3.23,3.12,medicine,high,0.97,28.1,13.1,13.7,1,0,1.2,34.84
94.26,1.4,0.31,0.25,0.42,1.51,6.71,general,standard,0.93,29.8,16.9,16.5,0,2,1.0,9.8
154.43,1.35,0.32,0.95,0.2,9.2,3.21,general,high,0.94,31.6,18.7,15.2,1,2,1.0,22.81
222.82,1.4,0.24,0.15,0.5,11.58,2.31,luxury,critical,0.91,26.9,14.0,14.3,0,2,1.0,22.55
11.45,1.17,0.39,0.61,0.15,0.49,14.18,medicine,low,0.71,29.5,25.9,14.7,0,1,1.2,17.8
155.19,1.54,0.33,0.8,0.39,15.63,15.69,medicine,low,0.63,24.5,25.8,19.7,0,0,1.2,36.04
196.33,1.59,0.33,0.79,0.21,1.52,0.99,medicine,critical,0.93,30.7,16.9,17.1,1,1,1.2,18.17
54.8,1.18,0.73,0.69,0.3,3.93,1.29,perishable,high,0.75,35.5,58.3,37.8,0,1,1.2,20.05
131.71,3.02,0.37,0.97,0.33,6.37,1.32,general,high,0.84,31.8,19.6,20.9,0,2,1.0,44.44
86.66,2.42,0.01,0.49,0.21,1.64,0.08,medicine,critical,0.77,33.1,0.6,0.4,1,0,1.2,21.49
212.98,2.6,0.67,0.69,0.45,5.73,4.37,furniture,standard,0.98,34.3,40.7,37.8,1,1,1.0,75.3
86.72,1.11,0.23,0.21,0.43,2.14,5.43,luxury,standard,0.6,27.7,15.0,11.5,0,1,1.0,9.51
160.0,2.75,0.07,0.42,0.1,18.8,0.52,furniture,high,0.65,27.0,5.5,3.1,1,0,1.0,52.53
144.45,2.89,0.32,0.21,0.43,7.5,9.17,luxury,standard,0.81,29.1,21.2,17.2,0,0,1.0,37.44
164.24,1.75,0.13,0.61,0.11,8.05,0.71,medicine,standard,0.88,35.0,10.4,7.2,0,0,1.2,22.84
179.64,2.4,0.21,0.89,0.41,4.67,4.08,luxury,critical,0.82,31.3,16.7,8.7,1,0,1.0,19.9
135.76,1.22,0.24,0.42,0.37,16.53,6.8,medicine,high,0.89,28.2,17.4,8.5,1,0,1.2,16.2
153.23,1.97,0.22,0.73,0.4,5.13,2.66,medicine,high,0.78,34.6,12.5,11.2,1,2,1.2,38.3
191.81,1.48,0.15,0.33,0.3,1.59,0.92,furniture,low,0.71,24.0,7.7,5.9,0,1,1.0,23.18
171.96,1.21,0.7,0.6,0.62,1.37,0.23,medicine,standard,0.69,28.0,47.1,38.1,0,2,1.2,27.65
213.42,1.45,0.2,0.23,0.27,11.34,3.4,luxury,critical,0.64,29.6,10.3,8.7,0,1,1.0,15.51
56.81,1.61,0.18,0.11,0.08,1.43,1.98,general,standard,0.96,30.2,10.0,9.1,1,1,1.0,5.7
157.8,1.29,0.13,0.99,0.38,15.77,0.4,general,standard,0.79,29.7,8.7,4.8,0,1,1.0,13.0
72.05,1.62,0.26,0.86,0.12,6.16,7.8,perishable,high,0.87,29.8,19.4,15.6,0,2,1.2,15.36
205.03,2.94,0.05,0.67,0.19,0.21,0.14,luxury,standard,0.91,32.8,3.4,2.0,1,3,1.0,65.73
67.07,1.27,0.7,0.34,0.52,0.27,6.02,furniture,high,0.67,32.9,55.6,30.4,0,2,1.0,17.42
218.63,1.58,0.13,0.77,0.59,0.71,5.85,general,low,0.86,25.4,8.9,7.0,1,0,1.0,20.9
140.48,1.64,0.32,0.19,0.04,4.81,0.01,general,critical,0.65,28.3,16.3,12.7,1,2,1.0,18.42
212.41,1.32,0.05,0.67,0.34,0.38,0.63,perishable,standard,0.88,26.1,2.6,2.7,0,1,1.2,17.51
250.21,2.26,0.38,0.82,0.54,3.98,4.66,medicine,critical,0.73,29.3,25.7,14.9,0,0,1.2,59.09
134.45,2.32,0.44,0.71,0.43,8.33,2.39,luxury,standard,0.6,26.7,26.5,15.9,1,3,1.0,49.41
120.35,2.13,0.21,0.79,0.39,0.1,3.54,general,high,0.54,27.5,13.5,11.3,0,0,1.0,24.83
160.95,2.46,0.07,0.17,0.5,2.13,1.3,general,high,0.68,32.7,4.0,3.1,0,1,1.0,32.84
152.31,1.71,0.32,0.14,0.14,2.92,1.14,luxury,high,0.95,25.2,20.7,12.9,0,1,1.0,22.59
130.41,1.21,0.32,0.49,0.38,4.2,3.33,general,standard,0.55,28.5,24.9,15.7,0,0,1.0,7.03
222.01,2.82,0.8,0.81,0.31,6.89,1.51,medicine,standard,0.86,29.8,58.5,47.0,0,1,1.2,90.17
205.12,2.95,0.04,0.37,0.37,2.16,0.03,general,standard,0.81,28.2,2.0,2.4,1,1,1.0,51.42
60.06,1.33,0.04,0.76,0.14,4.84,1.16,perishable,standard,0.88,25.4,2.5,1.9,0,0,1.2,7.34
218.23,1.17,0.37,0.16,0.21,0.91,1.1,medicine,high,0.84,36.3,23.4,14.7,1,0,1.2,11.49
22.27,1.66,0.15,0.69,0.21,1.75,1.22,medicine,high,0.8,29.3,10.6,7.8,0,1,1.2,7.43
89.2,1.85,0.26,0.93,0.23,11.64,5.02,general,high,0.79,27.9,19.0,12.0,0,1,1.0,19.2
165.13,2.17,0.08,0.51,0.23,2.06,0.28,medicine,high,0.61,29.3,4.1,3.6,1,1,1.2,42.64
62.12,2.01,0.08,0.15,0.21,0.34,0.17,medicine,high,0.77,34.7,4.1,2.9,1,0,1.2,14.89
145.84,2.53,0.21,0.75,0.2,1.74,2.32,perishable,standard,0.58,30.8,12.6,10.9,0,0,1.2,48.17
202.23,2.66,0.03,0.9,0.44,3.62,1.93,perishable,high,0.76,24.0,2.1,1.2,1,0,1.2,51.64
210.69,1.72,0.63,0.43,0.35,13.27,6.25,perishable,high,0.79,34.7,34.9,23.1,0,0,1.2,26.05
130.78,1.68,0.22,0.43,0.56,0.03,7.28,furniture,standard,0.92,31.6,15.2,11.0,0,0,1.0,12.63
154.3,1.43,0.64,0.4,0.07,0.88,2.5,perishable,high,0.98,25.5,34.1,36.2,1,0,1.2,26.82
260.51,1.32,0.4,0.2,0.53,7.8,0.94,hazmat,high,0.9,25.8,23.1,23.6,1,0,1.4,22.6
78.24,1.4,0.68,0.38,0.13,1.61,1.39,perishable,high,0.6,26.6,54.2,39.1,0,1,1.2,17.55
174.42,2.49,0.49,0.48,0.65,1.39,5.83,medicine,critical,0.65,31.5,24.4,24.5,0,1,1.2,49.1
106.26,2.02,0.81,0.48,0.07,3.99,0.46,general,standard,0.87,28.7,53.3,44.3,1,1,1.0,33.62
170.3,1.46,0.4,0.29,0.33,6.63,2.7,furniture,standard,0.82,34.9,20.8,16.0,0,1,1.0,20.39
252.61,2.2,0.55,0.6,0.11,5.58,9.66,perishable,high,0.92,29.6,41.4,28.5,1,2,1.2,83.25
71.61,1.4,0.34,0.59,0.34,3.84,0.89,luxury,low,0.94,30.6,20.3,14.8,0,1,1.0,10.79
110.32,1.44,0.02,0.44,0.12,0.22,0.02,luxury,high,0.76,30.0,1.6,1.0,0,0,1.0,5.37
124.61,1.81,0.43,0.94,0.27,0.34,2.66,luxury,low,0.94,29.4,34.3,24.8,1,0,1.0,32.67
62.65,1.19,0.37,0.97,0.55,0.64,1.64,perishable,standard,0.9,24.6,28.4,18.1,1,0,1.2,28.06
36.46,2.64,0.64,0.71,0.16,3.12,5.03,perishable,standard,0.7,33.0,40.0,29.8,0,0,1.2,28.6
216.12,1.1,0.37,0.36,0.29,3.02,7.28,medicine,low,0.86,25.9,19.3,20.6,0,0,1.2,15.21
125.43,1.79,0.25,0.94,0.23,11.76,1.09,furniture,standard,0.93,29.6,17.5,10.1,1,0,1.0,24.37
231.49,2.16,0.54,0.75,0.26,2.41,1.49,general,standard,0.87,27.3,32.3,32.2,0,0,1.0,44.29
179.45,1.93,0.6,0.5,0.52,1.53,0.11,perishable,high,0.67,28.8,31.2,23.0,1,1,1.2,58.13
78.66,1.13,0.26,0.89,0.32,0.93,3.78,hazmat,standard,0.88,28.5,14.6,11.7,1,0,1.4,12.45
82.48,1.94,0.64,0.24,0.73,8.01,3.32,furniture,critical,0.71,25.9,32.7,27.6,1,0,1.0,29.08
103.93,1.46,0.79,0.7,0.46,5.41,2.68,perishable,high,0.76,30.1,56.0,33.0,0,1,1.2,24.27
98.52,1.53,0.1,0.35,0.12,6.33,1.09,medicine,standard,0.93,33.1,7.7,5.0,1,1,1.2,10.9
153.81,2.2,0.47,0.6,0.3,6.9,3.6,luxury,standard,0.8,27.5,26.0,19.7,0,0,1.0,29.18
29.58,1.19,0.27,0.36,0.23,0.3,3.83,medicine,standard,0.86,24.4,19.6,12.7,1,0,1.2,6.27
171.13,1.56,0.29,0.62,0.2,17.01,7.01,perishable,high,0.81,27.4,19.9,11.8,0,0,1.2,29.89
272.82,1.97,0.11,0.49,0.45,1.87,1.72,general,critical,0.79,28.4,8.4,6.1,1,2,1.0,30.99
200.65,1.72,0.12,0.62,0.31,1.36,7.48,furniture,low,0.72,33.9,8.6,6.2,1,0,1.0,29.96
170.36,1.53,0.19,0.17,0.18,0.83,6.15,furniture,high,0.95,31.2,9.9,10.6,0,0,1.0,13.38
61.91,1.39,0.41,0.1,0.14,2.41,7.1,furniture,standard,0.71,34.8,32.0,22.0,0,0,1.0,11.21
141.89,1.3,0.06,0.81,0.12,0.13,0.69,hazmat,standard,0.79,33.7,4.2,2.3,1,0,1.4,8.39
155.98,1.82,0.21,0.35,0.68,3.0,0.81,general,standard,0.92,28.8,14.1,9.6,1,0,1.0,18.49
156.86,2.68,0.55,0.73,0.33,2.8,7.26,furniture,low,0.88,25.8,37.9,25.4,0,2,1.0,53.99
198.65,1.66,0.49,0.14,0.74,0.19,3.32,luxury,standard,0.92,35.8,24.4,25.7,0,3,1.0,35.33
147.17,1.88,0.05,0.7,0.52,5.44,4.07,general,critical,0.93,27.9,3.8,2.1,1,0,1.0,18.07
239.56,1.09,0.07,0.74,0.19,2.36,2.66,perishable,standard,0.71,25.6,5.5,2.8,1,1,1.2,8.04
286.19,1.0,0.48,0.74,0.07,11.82,4.94,general,low,0.84,30.8,32.4,25.4,0,0,1.0,6.82
229.55,1.24,0.52,0.87,0.08,4.16,3.38,hazmat,standard,0.83,30.7,26.1,31.0,0,0,1.4,22.85
101.11,2.03,0.37,0.88,0.37,0.65,0.43,furniture,high,0.7,30.7,21.4,17.7,0,1,1.0,21.47
100.63,1.33,0.1,0.28,0.35,4.05,1.29,perishable,standard,0.67,27.6,7.1,3.8,0,0,1.2,10.85
253.37,1.35,0.22,0.62,0.38,5.03,10.12,general,critical,0.89,27.3,15.2,8.9,0,0,1.0,14.09
163.88,1.28,0.08,0.12,0.25,7.68,2.37,perishable,standard,0.7,30.2,6.0,3.6,1,0,1.2,12.67
61.58,2.13,0.53,0.18,0.57,0.3,0.89,general,standard,0.93,29.9,32.2,26.1,0,0,1.0,14.33
45.0,1.87,0.2,0.48,0.19,1.71,1.82,perishable,standard,0.92,27.4,16.0,10.6,1,0,1.2,11.56
176.21,2.11,0.05,0.13,0.21,0.43,1.32,luxury,critical,0.78,28.7,3.9,2.6,0,1,1.0,24.14
76.59,2.96,0.38,0.41,0.6,3.82,4.1,perishable,high,0.86,34.4,22.7,21.7,1,1,1.2,39.24
52.35,1.71,0.21,0.68,0.34,6.98,3.22,hazmat,standard,0.87,23.0,14.0,12.4,0,1,1.4,19.53
132.56,2.34,0.33,0.83,0.16,11.95,0.47,perishable,high,0.65,30.5,19.3,11.8,0,0,1.2,26.01
125.91,2.09,0.43,0.49,0.14,3.08,8.69,medicine,standard,0.91,35.2,21.6,23.2,1,0,1.2,29.07
223.08,2.11,0.48,0.54,0.1,0.97,1.71,perishable,standard,0.76,34.9,35.0,17.2,1,1,1.2,56.87
181.5,1.71,0.2,0.11,0.13,11.24,4.87,luxury,high,0.71,32.8,11.9,8.2,0,0,1.0,23.01
151.8,3.23,0.42,0.88,0.55,0.14,2.4,medicine,high,0.82,30.3,22.6,22.5,1,0,1.2,52.51
67.58,2.28,0.46,0.99,0.5,1.69,14.51,medicine,standard,0.74,33.8,25.4,21.5,0,0,1.2,23.0
244.8,2.12,0.36,0.51,0.22,0.72,4.16,perishable,standard,0.73,30.4,24.3,20.8,0,1,1.2,52.14
217.2,1.56,0.79,0.37,0.13,16.12,13.98,medicine,standard,0.73,26.8,43.1,45.7,0,0,1.2,35.65
295.82,1.78,0.21,0.26,0.27,1.94,6.44,general,high,0.85,26.5,11.0,10.4,1,0,1.0,36.96
199.64,2.57,0.49,0.75,0.53,1.58,3.54,general,high,0.68,26.6,39.1,25.8,1,0,1.0,63.99
120.4,1.94,0.04,0.47,0.56,1.14,4.0,furniture,low,0.87,26.9,2.1,2.0,0,0,1.0,20.67
85.9,1.99,0.53,0.4,0.37,2.17,4.78,medicine,standard,0.72,29.3,26.5,24.0,1,1,1.2,36.65
179.69,1.76,0.04,0.63,0.32,5.32,4.42,general,standard,0.6,28.5,2.8,2.3,0,0,1.0,21.49
200.92,2.02,0.37,0.83,0.75,2.04,0.34,luxury,standard,0.81,29.7,29.7,15.7,1,0,1.0,33.43
33.37,1.73,0.08,0.74,0.43,0.98,3.85,perishable,standard,0.85,27.4,5.5,4.0,0,0,1.2,8.34
128.82,2.37,0.88,0.83,0.32,2.59,1.4,general,standard,0.87,26.3,68.1,49.4,1,0,1.0,32.68
34.23,1.91,0.36,0.58,0.74,1.11,1.79,perishable,standard,0.92,29.4,21.6,18.9,0,1,1.2,15.57
129.83,1.59,0.21,0.62,0.36,0.13,0.33,furniture,standard,0.68,32.4,15.2,11.1,0,0,1.0,12.61
217.19,2.42,0.08,0.11,0.24,3.34,5.74,medicine,high,0.85,33.8,5.6,3.2,1,1,1.2,39.95
194.69,1.61,0.24,0.49,0.16,4.04,1.43,furniture,standard,0.81,30.1,18.3,13.2,1,0,1.0,18.58
21.86,2.0,0.41,0.82,0.67,2.28,2.0,luxury,high,0.85,27.0,23.9,19.4,0,1,1.0,6.82
165.38,1.68,0.6,0.66,0.52,0.99,4.27,perishable,critical,0.76,27.7,29.5,26.7,1,0,1.2,34.29
56.78,1.4,0.19,0.72,0.47,1.25,16.03,hazmat,standard,0.93,28.9,14.3,11.2,0,0,1.4,14.19
68.18,1.73,0.62,0.23,0.58,3.92,0.18,hazmat,standard,0.72,32.3,38.0,25.3,0,2,1.4,36.62
184.28,1.42,0.23,0.92,0.28,1.92,0.21,perishable,critical,0.9,33.4,12.3,12.9,1,1,1.2,19.27
115.07,2.2,0.15,0.77,0.36,3.52,1.57,furniture,standard,0.85,25.8,8.6,8.5,1,0,1.0,24.4
58.06,1.31,0.25,0.91,0.17,17.64,5.66,furniture,standard,0.87,32.4,13.8,11.9,0,0,1.0,8.41
138.02,1.85,0.38,0.36,0.3,1.07,8.94,medicine,critical,0.64,27.1,19.6,17.3,0,0,1.2,24.9
150.0,1.97,0.42,0.63,0.48,9.08,0.44,hazmat,low,0.81,32.8,33.6,15.3,0,0,1.4,47.98
53.2,2.61,0.54,0.82,0.12,5.09,1.66,medicine,high,0.86,32.7,34.5,29.1,0,0,1.2,24.68
144.0,1.34,0.47,0.47,0.55,6.01,1.63,perishable,critical,0.91,27.5,24.1,22.7,0,0,1.2,8.7
153.63,1.07,0.26,0.41,0.43,1.54,1.15,furniture,high,0.94,30.3,13.8,13.3,0,1,1.0,8.62
208.23,2.23,0.04,0.46,0.08,0.44,4.99,perishable,high,0.84,31.3,3.2,1.5,0,0,1.2,29.0
248.09,2.17,0.67,0.67,0.2,2.98,2.9,medicine,standard,0.67,26.7,44.0,30.2,1,1,1.2,63.88
127.5,1.15,0.35,0.43,0.19,2.04,0.13,general,low,0.85,28.9,24.1,18.3,0,0,1.0,8.41
176.31,1.93,0.31,0.3,0.34,0.31,0.19,luxury,high,0.74,24.4,19.8,15.2,0,1,1.0,26.04
116.5,1.09,0.28,0.56,0.31,6.64,2.52,medicine,critical,0.8,26.8,16.5,13.0,0,0,1.2,6.13
136.53,2.24,0.55,0.16,0.24,28.03,1.26,general,standard,0.87,31.9,32.0,26.4,0,0,1.0,31.28
212.11,1.67,0.29,0.91,0.52,2.11,0.2,furniture,critical,0.66,29.4,18.6,13.6,0,1,1.0,18.96
218.09,2.69,0.72,0.94,0.37,20.72,0.94,general,standard,0.75,25.4,42.9,30.0,0,0,1.0,55.69
173.75,1.69,0.34,0.99,0.07,10.9,0.41,perishable,standard,0.87,32.4,17.0,17.5,0,0,1.2,24.47
228.93,1.1,0.23,0.78,0.23,1.79,8.26,general,standard,0.66,32.2,16.5,12.5,1,0,1.0,7.15
137.52,1.91,0.26,0.82,0.1,0.21,1.1,general,low,0.86,28.9,15.4,13.2,0,1,1.0,26.15
68.3,1.02,0.15,0.85,0.29,30.0,3.16,perishable,high,0.94,29.5,9.1,5.3,1,1,1.2,9.76
130.81,1.53,0.49,0.26,0.58,6.72,0.21,medicine,standard,0.89,31.9,37.8,22.9,0,1,1.2,18.31
129.53,2.01,0.35,0.28,0.75,4.31,6.06,medicine,low,0.73,26.8,18.0,17.8,0,0,1.2,37.49
167.86,1.13,0.55,0.84,0.45,1.9,0.25,luxury,low,0.98,34.4,43.0,21.7,1,1,1.0,22.4
97.89,1.87,0.26,0.48,0.15,3.45,0.9,medicine,standard,0.9,28.7,19.2,10.5,1,1,1.2,22.18
157.47,1.43,0.85,0.81,0.37,3.49,4.39,furniture,high,0.84,35.4,56.2,46.1,1,0,1.0,29.54
128.13,2.46,0.35,0.23,0.1,5.58,14.79,medicine,low,0.79,26.6,23.9,15.2,0,1,1.2,57.19
190.55,2.21,0.44,0.14,0.6,5.26,0.92,perishable,low,0.88,34.8,29.7,19.6,0,0,1.2,52.1
137.28,1.31,0.17,0.46,0.78,13.95,0.22,general,low,0.95,27.6,11.8,8.9,1,1,1.0,13.33
13.12,1.3,0.08,0.34,0.07,6.16,1.96,hazmat,standard,0.82,30.4,5.0,4.3,0,0,1.4,4.93
127.43,1.93,0.2,0.83,0.38,7.62,2.71,furniture,standard,0.8,33.2,14.4,9.1,0,1,1.0,26.62
106.87,2.37,0.13,0.93,0.41,4.99,4.71,medicine,high,0.82,24.1,9.1,6.4,1,0,1.2,23.71
296.61,2.95,0.18,0.69,0.43,2.6,7.46,perishable,low,0.79,27.4,12.3,9.6,1,0,1.2,98.88
221.86,1.67,0.43,0.19,0.21,10.11,2.27,medicine,high,0.96,27.0,33.6,22.8,1,0,1.2,38.51
126.7,1.39,0.42,0.11,0.11,20.66,4.8,general,high,0.97,30.4,26.3,19.5,1,1,1.0,24.58
197.03,1.5,0.18,0.8,0.41,0.31,0.91,furniture,high,0.9,31.5,14.4,7.6,1,1,1.0,13.14
76.39,1.39,0.4,0.88,0.44,9.6,10.62,furniture,low,0.94,32.2,20.6,17.1,1,1,1.0,20.59
104.38,1.33,0.03,0.95,0.64,11.67,1.88,general,low,0.82,28.1,2.4,1.7,0,1,1.0,13.2
138.78,2.08,0.1,0.75,0.31,6.82,0.62,hazmat,standard,0.83,24.0,5.2,3.9,0,0,1.4,31.13
283.17,1.79,0.25,0.13,0.27,1.31,1.91,general,high,0.68,36.5,13.8,10.3,1,0,1.0,36.28
59.98,1.67,0.11,0.53,0.45,5.14,0.76,hazmat,high,0.86,35.1,6.2,6.5,1,1,1.4,14.12
202.4,1.52,0.61,0.54,0.35,5.43,1.65,luxury,standard,0.91,25.7,44.6,32.3,1,0,1.0,28.99
180.48,2.38,0.41,0.14,0.11,4.61,5.94,hazmat,high,0.88,27.5,27.2,20.8,0,0,1.4,58.23
83.42,1.11,0.16,0.92,0.64,2.21,0.44,medicine,standard,0.88,28.6,8.3,5.7,1,1,1.2,5.06
252.19,1.58,0.39,0.79,0.42,11.35,0.32,general,critical,0.98,24.4,31.1,19.1,1,1,1.0,29.86
184.43,1.79,0.59,0.28,0.39,6.23,0.65,perishable,standard,0.67,25.0,47.2,31.3,0,2,1.2,41.83
179.64,2.38,0.41,0.69,0.19,3.74,2.24,general,standard,0.81,28.2,22.5,19.7,1,0,1.0,46.46
170.03,1.28,0.24,0.83,0.24,1.21,0.62,perishable,low,0.9,26.1,12.6,10.2,1,0,1.2,12.73
187.96,1.54,0.46,0.87,0.07,1.04,5.79,medicine,critical,0.7,28.4,31.9,26.7,0,1,1.2,23.53
88.77,1.45,0.24,0.88,0.27,10.74,4.48,general,high,0.93,24.8,14.5,11.5,0,0,1.0,8.26
185.77,1.74,0.09,0.81,0.19,2.12,9.91,general,high,0.87,28.9,5.5,3.3,0,1,1.0,19.53
231.14,1.7,0.34,0.66,0.09,14.17,11.55,hazmat,standard,0.78,35.3,22.0,18.0,0,1,1.4,53.22
96.23,2.16,0.18,0.18,0.21,1.0,1.93,furniture,standard,0.65,29.6,13.6,7.0,0,1,1.0,20.66
194.82,1.81,0.23,0.34,0.45,0.09,3.23,perishable,high,0.78,31.0,15.3,9.4,1,0,1.2,23.08
106.99,1.69,0.05,0.58,0.6,2.93,4.86,general,standard,0.85,32.4,2.7,2.5,0,2,1.0,20.09
145.82,1.63,0.12,0.43,0.03,2.06,4.29,perishable,low,0.92,26.5,5.9,6.5,1,0,1.2,17.62
80.23,1.5,0.26,0.74,0.01,17.84,0.17,luxury,standard,0.93,27.5,18.0,13.3,1,0,1.0,5.03
88.2,2.68,0.07,0.21,0.08,7.22,2.96,hazmat,high,0.73,31.8,3.9,2.6,0,0,1.4,38.09
116.23,2.28,0.41,0.95,0.51,1.02,3.0,medicine,low,0.8,31.0,30.9,24.2,0,0,1.2,37.97
142.42,1.63,0.38,0.41,0.13,5.32,1.79,perishable,high,0.89,29.2,20.9,22.5,1,0,1.2,22.33
79.66,1.72,0.65,0.57,0.37,8.34,1.66,perishable,critical,0.75,35.2,50.0,24.9,0,0,1.2,12.88
166.09,1.1,0.18,0.4,0.38,2.35,2.59,medicine,low,0.64,34.0,13.4,10.3,0,1,1.2,14.63
72.85,1.72,0.08,0.82,0.17,9.09,0.98,luxury,high,0.85,27.9,6.1,4.5,1,1,1.0,13.61
158.68,1.26,0.0,0.24,0.55,0.14,6.37,luxury,low,0.76,26.2,0.0,0.0,1,0,1.0,5.95
184.96,1.38,0.14,0.42,0.34,15.45,2.05,perishable,standard,0.83,29.6,7.3,6.4,1,1,1.2,21.36
101.57,1.13,0.28,0.65,0.41,3.28,14.33,hazmat,standard,0.91,28.9,17.0,11.8,0,1,1.4,20.9
224.94,1.17,0.74,0.14,0.22,2.01,1.03,perishable,critical,0.95,32.6,39.9,42.4,0,0,1.2,13.37
134.92,1.92,0.48,0.65,0.51,5.82,3.31,general,standard,0.67,28.7,28.0,18.4,1,0,1.0,31.71
138.55,1.12,0.14,0.73,0.34,11.55,2.06,perishable,critical,0.8,24.2,8.5,6.4,1,0,1.2,5.85
201.76,2.15,0.61,0.96,0.12,13.71,2.68,medicine,standard,0.82,32.1,31.8,24.4,0,1,1.2,43.19
179.94,1.51,0.43,0.98,0.52,1.58,4.57,general,high,0.65,28.3,32.2,21.1,1,1,1.0,34.92
152.06,1.65,0.23,0.34,0.14,1.14,3.05,furniture,standard,0.84,28.7,14.0,10.7,1,0,1.0,16.58
46.68,2.35,0.07,0.7,0.25,0.61,2.42,general,standard,0.65,28.2,4.3,3.9,0,0,1.0,20.58
165.1,2.05,0.09,0.18,0.09,3.7,5.58,luxury,high,0.72,32.6,6.0,4.6,1,0,1.0,27.21
34.28,1.29,0.69,0.75,0.13,0.75,8.66,general,critical,0.68,31.8,52.5,40.8,0,0,1.0,5.21
77.73,1.14,0.06,0.4,0.12,16.01,0.47,hazmat,critical,0.88,27.6,3.5,3.2,0,0,1.4,7.93
59.22,1.15,0.5,0.29,0.35,2.41,5.29,general,standard,0.7,25.5,33.4,29.9,1,0,1.0,10.36
176.99,2.08,0.13,0.12,0.24,4.88,0.2,furniture,standard,0.76,30.2,9.3,5.7,0,0,1.0,19.69
109.56,1.7,0.28,0.57,0.13,6.51,0.76,general,standard,0.96,29.9,20.1,10.3,0,0,1.0,14.6
170.43,1.5,0.17,0.26,0.14,5.17,1.88,medicine,critical,0.97,31.8,13.0,7.3,0,2,1.2,18.21
67.82,2.01,0.84,0.62,0.09,2.94,0.23,furniture,high,0.72,29.8,62.0,40.3,0,0,1.0,14.16
103.07,1.54,0.51,0.56,0.1,2.69,0.58,medicine,standard,0.92,28.9,26.3,25.7,1,1,1.2,32.67
71.28,1.31,0.25,0.66,0.1,9.24,6.06,perishable,low,0.8,30.4,15.6,13.0,0,0,1.2,13.22
243.31,1.51,0.42,0.32,0.66,0.99,1.5,medicine,standard,0.9,35.6,22.8,22.6,0,0,1.2,20.54
84.35,1.28,0.64,0.21,0.31,5.04,1.63,general,high,0.86,26.1,36.8,36.7,0,1,1.0,11.69
90.93,1.55,0.11,0.8,0.41,30.0,9.66,general,low,0.84,30.2,6.6,4.3,0,1,1.0,24.07
221.16,1.8,0.7,0.99,0.25,1.07,7.87,hazmat,standard,0.86,25.7,34.8,27.1,0,1,1.4,47.3
159.27,2.03,0.58,0.44,0.21,1.36,3.94,perishable,high,0.71,31.7,33.1,29.7,0,0,1.2,31.22
160.01,1.6,0.35,0.45,0.32,18.69,3.72,hazmat,high,0.9,29.6,25.2,19.6,0,0,1.4,22.87
91.54,1.87,0.26,0.88,0.09,1.52,0.23,general,high,0.75,26.1,15.7,9.4,0,2,1.0,22.05
171.96,1.21,0.73,0.26,0.08,0.36,2.98,furniture,low,0.66,33.7,57.4,36.0,1,0,1.0,25.94
107.35,1.28,0.44,0.41,0.62,3.03,0.53,medicine,high,0.79,32.1,23.7,19.0,0,0,1.2,13.5
166.32,1.05,0.17,0.35,0.61,0.02,1.13,general,critical,0.85,33.2,9.1,6.6,0,2,1.0,7.62
200.99,1.62,0.18,0.21,0.51,9.05,4.56,medicine,low,0.95,26.3,14.3,6.8,0,1,1.2,32.01
147.52,1.15,0.62,0.59,0.16,3.12,0.03,furniture,high,0.84,35.7,43.7,33.8,0,1,1.0,10.8
255.42,1.61,0.09,0.66,0.54,2.3,0.51,luxury,standard,0.63,29.0,5.0,4.2,0,0,1.0,21.56
184.61,2.09,0.16,0.89,0.56,3.85,0.79,medicine,high,0.59,32.8,7.9,7.6,0,0,1.2,37.26
133.88,2.31,0.14,0.68,0.37,0.89,1.83,furniture,standard,0.91,28.9,10.1,6.6,0,1,1.0,27.83
278.18,1.23,0.15,0.15,0.46,1.31,1.38,general,high,0.76,31.1,7.4,7.8,1,0,1.0,8.47
40.75,1.92,0.46,0.14,0.18,1.89,2.85,general,critical,0.82,32.6,29.6,19.9,0,0,1.0,12.02
104.35,1.74,0.63,0.15,0.11,0.62,7.75,furniture,high,0.7,32.3,43.5,24.9,1,1,1.0,26.84
169.51,1.49,0.23,0.33,0.37,2.82,1.04,perishable,low,0.84,28.6,16.9,8.8,0,0,1.2,21.51
168.2,1.62,0.11,0.33,0.55,3.45,3.14,perishable,high,0.86,26.6,8.3,5.4,1,1,1.2,21.85
17.98,2.16,0.48,0.8,0.24,1.69,1.83,medicine,high,0.72,27.3,28.1,27.9,1,0,1.2,24.6
116.44,2.32,0.31,0.14,0.29,1.03,12.77,medicine,standard,0.62,27.1,18.6,13.9,0,1,1.2,35.76
177.33,3.12,0.11,0.65,0.14,14.34,8.39,medicine,standard,0.8,29.0,6.8,4.6,0,1,1.2,61.78
152.93,2.17,0.39,0.64,0.61,5.04,2.66,perishable,standard,0.76,32.8,27.9,15.2,0,0,1.2,40.41
227.65,1.75,0.23,0.56,0.66,1.09,3.89,hazmat,low,0.78,24.2,14.0,10.1,1,0,1.4,50.82
108.83,2.01,0.01,0.12,0.22,0.79,1.07,general,high,0.77,27.2,0.8,0.5,0,1,1.0,16.33
251.1,1.69,0.18,0.84,0.09,5.99,2.64,perishable,standard,0.65,33.5,8.9,6.9,0,0,1.2,25.48
119.84,1.59,0.49,0.44,0.36,5.1,6.06,general,standard,0.68,25.7,37.7,28.9,0,0,1.0,20.41
204.17,2.31,0.33,0.5,0.17,7.38,0.62,hazmat,critical,0.75,32.2,20.9,13.4,0,0,1.4,45.72
93.81,1.23,0.15,0.7,0.23,6.06,1.55,luxury,low,0.94,29.8,8.4,5.8,0,0,1.0,11.88
289.26,2.33,0.28,0.7,0.34,2.32,10.6,perishable,high,0.91,34.7,16.1,14.9,1,0,1.2,49.07
116.48,2.45,0.4,0.35,0.19,16.62,0.52,general,standard,0.78,28.9,20.1,16.1,0,1,1.0,32.56
231.73,2.52,0.49,0.11,0.11,7.92,1.64,perishable,standard,0.83,32.7,25.3,25.8,0,2,1.2,64.95
141.3,1.79,0.13,0.82,0.2,3.55,0.67,perishable,standard,0.85,37.1,10.0,6.5,0,0,1.2,22.78
272.35,2.1,0.23,0.78,0.1,3.25,0.76,luxury,standard,0.85,31.7,12.9,10.2,0,1,1.0,41.23
77.65,1.28,0.58,0.68,0.4,1.06,2.32,medicine,standard,0.67,25.0,38.4,28.8,0,1,1.2,18.12
193.99,1.69,0.5,0.94,0.68,7.38,2.68,medicine,standard,0.95,34.9,34.3,23.2,1,3,1.2,54.31
278.37,2.19,0.69,0.28,0.56,0.76,4.03,medicine,low,0.75,25.6,50.8,31.7,0,0,1.2,54.76
150.86,1.59,0.44,0.19,0.15,0.54,18.95,furniture,standard,0.69,24.3,33.6,24.0,1,0,1.0,27.62
165.74,1.68,0.2,1.0,0.13,1.93,12.86,perishable,critical,0.64,25.5,14.1,9.2,1,0,1.2,24.07
121.84,1.88,0.57,0.88,0.5,0.59,5.49,hazmat,high,0.76,25.0,30.0,25.8,1,1,1.4,49.11
27.78,1.54,0.16,0.14,0.35,1.43,9.99,general,low,0.73,30.4,10.3,7.6,0,0,1.0,8.55
44.32,1.79,0.31,0.4,0.31,3.1,12.76,general,low,0.9,31.5,24.1,18.0,1,0,1.0,11.96
211.36,2.12,0.16,0.57,0.36,1.27,0.03,medicine,critical,0.82,30.6,8.5,6.5,1,1,1.2,33.66
118.71,1.54,0.07,0.67,0.41,13.04,4.44,perishable,standard,0.82,33.2,5.4,2.7,0,0,1.2,12.99
85.38,1.47,0.52,0.47,0.3,10.27,1.29,perishable,high,0.82,31.1,34.4,19.9,0,1,1.2,13.72
332.75,1.78,0.42,0.18,0.16,12.28,0.7,hazmat,high,0.95,29.7,29.8,17.2,1,2,1.4,70.53
54.14,2.03,0.12,0.53,0.27,1.37,0.08,general,standard,0.72,31.9,7.5,6.5,1,1,1.0,14.2
108.55,2.34,0.37,0.59,0.39,0.17,3.94,general,low,0.81,33.6,22.9,13.3,1,0,1.0,33.63
16.68,2.63,0.37,0.38,0.24,9.34,4.97,medicine,critical,0.74,30.9,29.7,18.4,0,0,1.2,18.26
60.76,2.33,0.13,0.24,0.32,4.44,3.4,perishable,critical,0.95,36.3,8.5,7.0,1,1,1.2,18.7
241.65,2.08,0.52,0.57,0.32,2.39,2.99,medicine,high,0.76,25.2,30.6,23.5,0,0,1.2,53.99
123.54,1.77,0.57,0.35,0.26,7.92,3.21,general,standard,0.92,30.2,39.5,33.2,1,0,1.0,27.38
201.56,2.02,0.36,0.32,0.26,9.21,3.33,general,high,0.64,31.8,24.0,14.0,0,1,1.0,35.44
224.61,2.1,0.35,0.75,0.15,4.04,0.86,general,standard,0.94,25.8,20.4,15.9,0,0,1.0,26.77
99.94,1.68,0.14,0.6,0.49,7.52,6.66,perishable,standard,0.54,29.7,9.4,8.2,0,0,1.2,17.59
50.78,1.59,0.09,0.77,0.33,3.36,4.71,furniture,standard,0.86,34.5,5.5,3.3,1,2,1.0,13.39
132.78,2.36,0.32,0.5,0.04,2.21,0.78,luxury,standard,0.69,31.7,20.9,13.9,0,1,1.0,39.02
177.12,1.98,0.54,0.17,0.58,0.82,2.64,general,critical,0.84,29.0,36.9,28.9,0,0,1.0,30.92
175.17,1.92,0.47,0.54,0.4,4.58,2.29,furniture,standard,0.94,29.2,32.3,23.4,0,0,1.0,33.46
298.65,2.09,0.65,0.64,0.52,1.51,1.29,furniture,low,0.64,35.5,40.9,24.2,0,0,1.0,66.74
295.09,1.2,0.13,0.8,0.11,6.46,3.97,perishable,standard,0.81,24.6,6.9,6.0,0,0,1.2,13.24
174.05,1.48,0.59,0.62,0.28,1.46,8.33,general,low,0.7,28.8,45.6,31.4,0,0,1.0,16.09
115.03,1.32,0.47,0.82,0.5,5.91,4.16,medicine,critical,0.87,28.3,23.4,22.4,0,0,1.2,13.1
82.36,2.22,0.64,0.56,0.42,4.33,1.42,medicine,low,0.62,28.8,36.2,37.5,0,0,1.2,39.72
251.46,2.17,0.2,0.65,0.12,4.76,0.24,general,standard,0.94,32.1,12.5,7.1,1,0,1.0,42.46
92.66,2.04,0.24,0.12,0.27,16.43,0.34,general,high,0.76,29.2,12.7,12.4,1,0,1.0,20.25
195.35,1.44,0.05,0.88,0.3,4.38,1.77,hazmat,critical,0.85,31.7,3.7,1.8,1,1,1.4,23.33
192.65,1.77,0.58,0.25,0.28,1.3,3.68,perishable,standard,0.74,32.6,38.0,23.2,1,0,1.2,34.79
92.83,2.09,0.52,0.77,0.27,4.93,11.12,perishable,critical,0.67,29.4,34.8,20.2,0,0,1.2,25.25
165.65,1.77,0.45,0.5,0.25,4.78,2.44,furniture,low,0.87,31.2,35.9,26.5,0,1,1.0,24.16
120.96,1.05,0.17,0.9,0.48,0.02,5.52,luxury,standard,0.73,30.2,8.5,7.5,0,1,1.0,6.73
97.78,2.33,0.33,0.37,0.16,17.92,0.03,perishable,standard,0.87,31.0,19.9,13.1,0,0,1.2,30.28
83.2,1.47,0.62,0.97,0.54,12.1,3.91,hazmat,standard,0.66,28.0,45.1,30.0,0,0,1.4,25.18
173.75,2.27,0.29,0.76,0.25,1.07,1.21,perishable,standard,0.77,30.0,18.6,15.9,0,0,1.2,48.16
97.0,1.33,0.21,0.65,0.48,4.93,8.98,hazmat,critical,0.88,26.2,12.0,10.3,0,0,1.4,18.63
99.39,1.76,0.24,0.95,0.18,0.15,2.52,hazmat,standard,0.7,33.4,17.8,12.4,1,0,1.4,15.94
101.17,1.46,0.07,0.59,0.09,4.04,5.15,hazmat,high,0.73,24.5,5.1,3.4,0,0,1.4,7.69
134.53,1.47,0.17,0.43,0.25,10.16,2.79,general,standard,0.86,28.5,13.6,7.4,0,1,1.0,12.18
250.46,1.32,0.13,0.73,0.28,6.13,2.33,general,standard,0.73,31.8,9.4,6.3,0,1,1.0,14.77
97.17,1.4,0.34,0.32,0.41,4.63,0.05,general,standard,0.94,32.2,23.7,20.1,1,0,1.0,3.38
135.07,1.24,0.6,0.57,0.27,1.73,4.03,furniture,standard,0.85,28.9,43.6,34.3,0,1,1.0,9.87
243.61,2.56,0.53,0.9,0.15,4.11,0.62,perishable,standard,0.89,28.4,36.5,20.9,0,1,1.2,76.86
108.73,2.02,0.44,0.5,0.2,2.19,6.27,general,high,0.79,27.1,22.3,17.8,0,1,1.0,15.96
79.07,1.83,0.33,0.48,0.19,7.37,4.22,perishable,high,0.77,32.7,19.4,14.1,1,0,1.2,15.35
123.9,1.53,0.22,0.4,0.15,15.23,5.58,medicine,low,0.68,29.5,17.4,9.7,1,0,1.2,17.95
174.41,1.88,0.48,0.69,0.27,8.9,7.8,perishable,standard,0.8,34.4,31.4,26.2,0,1,1.2,34.7
97.54,1.31,0.5,0.34,0.08,1.74,3.26,furniture,standard,0.82,30.0,32.6,25.7,1,0,1.0,21.71
159.92,1.56,0.57,0.83,0.42,1.39,1.69,luxury,standard,0.76,30.4,44.9,25.6,0,0,1.0,22.74
196.29,1.13,0.4,0.67,0.21,25.71,1.87,perishable,standard,0.77,28.4,32.0,20.2,0,0,1.2,14.79
167.93,2.41,0.12,0.96,0.45,1.32,0.89,perishable,critical,0.86,32.7,8.8,6.3,1,0,1.2,43.01
24.52,1.51,0.09,0.93,0.27,0.08,0.34,hazmat,high,0.87,28.9,6.8,5.2,0,0,1.4,5.13
243.9,1.14,0.18,0.39,0.26,3.08,7.84,perishable,standard,0.74,29.0,13.6,6.5,1,1,1.2,16.25
77.74,1.62,0.15,0.84,0.34,1.48,2.46,furniture,standard,0.8,30.0,10.9,8.7,1,0,1.0,11.59
95.26,2.37,0.57,0.15,0.62,1.81,0.99,general,critical,0.8,29.6,36.7,26.6,1,0,1.0,37.67
163.77,2.03,0.28,0.39,0.56,3.5,5.0,furniture,high,0.89,32.9,15.5,11.2,1,0,1.0,27.12
189.76,2.11,0.26,0.79,0.38,0.16,3.76,perishable,high,0.93,31.9,20.8,10.7,0,0,1.2,38.31
289.51,1.47,0.35,0.17,0.32,4.19,1.12,perishable,standard,0.9,34.5,25.5,17.3,0,0,1.2,25.14
75.42,2.1,0.26,0.64,0.05,4.5,0.64,furniture,low,0.76,26.4,17.8,13.7,0,1,1.0,22.88
173.86,1.37,0.44,0.78,0.24,6.47,5.68,luxury,critical,0.93,35.3,27.4,20.2,1,0,1.0,21.87
194.0,1.93,0.29,0.74,0.73,2.84,0.82,furniture,standard,0.78,30.6,19.5,12.8,1,1,1.0,35.47
111.56,1.98,0.3,0.8,0.38,5.1,5.06,perishable,high,0.77,30.3,19.5,11.8,0,1,1.2,27.13
244.33,1.85,0.55,0.25,0.06,3.43,0.14,general,high,0.78,31.8,30.7,19.7,0,3,1.0,37.64
130.26,1.44,0.56,0.39,0.36,11.28,1.62,perishable,high,0.98,32.2,39.0,26.0,0,1,1.2,24.07
176.21,2.64,0.1,0.78,0.25,7.23,1.84,medicine,low,0.93,32.0,6.3,4.8,1,1,1.2,60.41
250.73,1.65,0.22,0.63,0.6,0.55,2.3,general,standard,0.82,30.1,11.0,10.5,0,1,1.0,29.12
181.82,1.8,0.58,0.18,0.45,5.83,3.06,general,high,0.74,24.4,28.8,30.0,0,1,1.0,28.52
194.48,1.95,0.42,0.93,0.25,11.31,0.66,general,critical,0.74,31.6,22.9,16.5,0,0,1.0,30.26
21.86,1.1,0.07,0.25,0.13,0.41,2.87,hazmat,standard,0.75,27.4,5.6,3.1,0,0,1.4,4.17
73.96,1.69,0.16,0.63,0.02,2.98,4.66,perishable,standard,0.92,32.6,8.5,7.4,1,1,1.2,20.98
172.71,2.32,0.32,0.29,0.64,6.44,5.94,furniture,standard,0.94,26.7,22.0,18.2,1,0,1.0,32.82
133.34,1.32,0.45,0.84,0.4,10.21,1.73,medicine,critical,0.74,31.8,31.7,15.8,0,0,1.2,15.41
196.48,1.14,0.2,0.62,0.55,1.93,2.62,general,high,0.66,26.1,15.6,7.4,0,1,1.0,10.97
69.94,1.79,0.42,0.47,0.42,3.49,7.41,luxury,standard,0.65,30.6,26.9,17.2,1,2,1.0,36.22
66.78,1.23,0.07,0.76,0.31,1.16,9.77,general,low,0.94,31.5,4.9,3.0,0,2,1.0,12.35
34.97,2.01,0.04,0.42,0.32,1.35,2.21,furniture,critical,0.86,25.0,2.6,1.5,0,0,1.0,9.43
267.28,1.85,0.22,0.1,0.07,2.79,0.37,perishable,standard,0.88,34.7,11.6,9.2,1,1,1.2,37.64
244.31,1.99,0.33,0.18,0.25,6.06,1.86,hazmat,standard,0.62,29.9,17.5,11.7,0,1,1.4,54.45
69.83,1.4,0.2,0.15,0.39,0.29,17.26,hazmat,standard,0.71,33.2,11.3,10.9,1,0,1.4,16.12
148.38,1.12,0.32,0.3,0.43,1.2,5.9,perishable,standard,0.57,34.6,24.2,12.4,1,1,1.2,17.08
123.67,1.56,0.26,0.92,0.62,4.51,6.36,general,standard,0.75,29.0,18.8,10.0,0,0,1.0,10.42
88.41,2.14,0.54,0.27,0.35,4.96,9.26,furniture,critical,0.89,30.4,31.7,29.9,0,0,1.0,20.01
70.15,2.53,0.69,0.63,0.18,1.88,0.01,furniture,critical,0.75,34.1,43.8,27.3,0,2,1.0,21.24
81.94,1.74,0.29,0.81,0.3,2.74,1.31,medicine,high,0.74,30.0,19.0,16.3,1,1,1.2,19.88
228.38,2.29,0.23,0.76,0.01,5.09,3.46,medicine,high,0.78,30.0,16.9,10.9,0,1,1.2,52.8
248.92,1.28,0.08,0.39,0.14,1.73,0.8,general,high,0.92,30.0,5.3,2.9,0,0,1.0,8.45
213.17,1.35,0.73,0.53,0.37,1.18,1.05,perishable,high,0.99,35.1,39.9,30.9,1,0,1.2,38.55
157.05,2.33,0.22,0.17,0.45,2.24,11.57,perishable,high,0.73,25.5,11.7,12.8,0,0,1.2,41.55
67.87,1.24,0.27,0.19,0.61,0.86,18.86,perishable,high,0.96,26.3,20.4,13.5,0,2,1.2,16.79
137.24,1.86,0.52,0.32,0.2,5.59,7.19,perishable,low,0.68,27.3,27.8,30.8,0,0,1.2,44.19
261.43,1.25,0.09,0.23,0.19,0.7,13.39,general,high,0.89,36.4,5.2,4.3,0,0,1.0,8.47
182.83,2.05,0.09,0.16,0.18,0.06,4.59,perishable,standard,0.83,28.2,4.5,3.5,0,0,1.2,33.27
49.73,1.15,0.1,0.33,0.1,1.97,0.18,furniture,standard,0.78,28.7,6.5,5.8,0,1,1.0,3.65
140.65,2.53,0.51,0.58,0.34,10.55,2.19,general,critical,0.95,26.1,39.7,29.4,1,1,1.0,36.77
55.62,1.11,0.07,0.29,0.06,1.07,5.94,general,low,0.59,24.9,4.2,3.7,0,0,1.0,0.17
195.55,1.34,0.3,0.35,0.23,4.83,11.43,furniture,critical,0.95,29.8,17.5,11.3,1,1,1.0,4.99
80.23,1.26,0.45,0.84,0.31,5.57,6.49,medicine,high,0.92,32.4,31.8,16.5,1,0,1.2,29.72
89.16,1.67,0.38,0.78,0.5,11.25,7.68,medicine,high,0.84,25.5,28.9,17.0,1,0,1.2,32.34
184.71,2.95,0.38,0.13,0.78,1.74,3.68,general,low,0.7,26.6,25.3,20.2,1,1,1.0,82.96
17.96,1.82,0.38,0.17,0.29,3.09,3.19,furniture,high,0.93,32.0,19.6,16.3,0,0,1.0,5.8
91.32,1.72,0.51,0.94,0.15,4.0,0.82,general,standard,0.7,29.7,40.4,23.5,1,0,1.0,20.99
68.11,1.94,0.52,0.43,0.59,0.55,1.01,medicine,standard,0.86,23.9,40.3,20.3,0,0,1.2,22.24
99.01,1.79,0.27,0.12,0.35,1.31,4.34,perishable,standard,0.93,36.4,14.5,16.1,0,0,1.2,13.94
161.16,1.33,0.2,0.45,0.2,10.47,3.53,medicine,low,0.83,30.5,10.6,11.6,1,0,1.2,14.66
207.83,1.34,0.13,0.79,0.39,0.78,7.09,general,low,0.87,32.3,9.8,6.3,0,0,1.0,5.81
249.64,1.75,0.27,0.91,0.05,0.49,4.31,general,standard,0.63,33.3,21.4,14.1,1,1,1.0,33.65
159.27,1.31,0.66,0.73,0.04,5.62,4.47,perishable,standard,0.68,30.8,49.9,30.6,1,0,1.2,22.28
199.86,2.57,0.15,0.35,0.11,5.48,0.38,general,standard,0.79,25.7,8.7,7.0,1,0,1.0,45.22
95.69,1.28,0.57,0.99,0.5,4.11,5.01,medicine,critical,0.79,33.7,34.5,33.6,1,0,1.2,24.45
16.8,1.1,0.09,0.24,0.25,3.32,23.02,general,standard,0.89,29.9,4.4,4.6,0,0,1.0,8.37
140.21,1.15,0.59,0.43,0.23,1.34,1.51,furniture,standard,0.96,32.9,43.0,21.3,0,1,1.0,5.59
154.11,1.34,0.09,0.42,0.25,3.61,2.22,general,high,0.79,30.5,6.3,5.1,1,0,1.0,11.31
109.47,1.48,0.2,0.54,0.16,0.09,2.94,furniture,standard,0.68,33.0,10.7,10.8,0,0,1.0,11.07
140.45,1.48,0.5,0.2,0.13,2.72,2.45,hazmat,standard,0.8,30.7,29.6,25.2,0,1,1.4,27.91
127.65,1.18,0.18,0.65,0.23,0.88,0.5,perishable,low,0.97,29.5,13.6,8.9,0,1,1.2,12.72
104.97,1.69,0.33,0.67,0.61,5.42,3.42,general,standard,0.81,34.7,19.1,13.9,1,0,1.0,14.34
176.78,1.73,0.07,0.51,0.1,0.08,2.84,luxury,standard,0.79,34.7,5.3,2.6,0,0,1.0,21.19
203.76,1.11,0.11,0.19,0.24,3.87,3.5,perishable,critical,0.93,33.1,6.5,4.2,0,0,1.2,4.46
188.98,1.15,0.07,0.78,0.69,13.71,3.05,general,standard,0.71,28.4,4.2,3.2,0,1,1.0,13.28
150.74,2.54,0.61,0.94,0.76,5.63,0.52,luxury,critical,0.65,32.9,32.6,34.1,0,0,1.0,27.93
107.38,1.39,0.6,0.42,0.69,6.17,1.9,hazmat,critical,0.92,28.7,34.0,23.2,0,0,1.4,19.89
51.94,2.4,0.09,0.31,0.15,6.61,6.69,luxury,critical,0.76,33.6,4.5,3.9,0,0,1.0,8.41
158.99,2.07,0.49,0.96,0.26,0.45,14.54,hazmat,standard,0.74,36.4,30.4,22.1,0,1,1.4,51.61
199.03,1.48,0.13,0.23,0.43,2.85,19.13,general,standard,0.74,34.9,7.2,7.3,0,1,1.0,17.96
80.85,1.65,0.46,0.53,0.52,1.1,5.67,perishable,standard,0.93,27.9,32.0,23.6,1,0,1.2,33.99
183.36,1.13,0.34,0.72,0.11,2.68,2.13,perishable,standard,0.67,30.8,26.3,19.8,1,0,1.2,25.29
90.31,1.85,0.17,0.14,0.57,6.71,0.13,perishable,low,0.93,34.4,10.6,6.3,0,0,1.2,18.9
292.5,3.16,0.43,0.83,0.61,0.61,2.77,perishable,high,0.87,29.5,34.6,17.1,1,2,1.2,110.97
74.91,1.88,0.25,0.7,0.35,3.78,1.26,perishable,standard,0.73,25.4,20.0,14.7,0,0,1.2,21.8
76.14,1.82,0.44,0.77,0.48,5.75,1.49,hazmat,standard,0.72,34.4,34.2,16.3,0,1,1.4,34.13
205.43,1.11,0.21,0.29,0.13,1.91,2.87,luxury,standard,0.7,27.8,11.8,7.9,0,0,1.0,3.43
98.89,1.37,0.2,0.34,0.31,4.74,1.02,general,standard,0.59,32.2,12.9,10.6,0,0,1.0,10.28
244.84,1.08,0.4,1.0,0.64,0.07,2.79,furniture,high,0.63,32.0,22.2,18.4,0,1,1.0,11.37
169.38,2.12,0.57,0.42,0.58,2.54,9.39,perishable,high,0.91,28.4,32.3,25.0,0,0,1.2,32.22
230.12,1.57,0.31,0.12,0.43,0.51,1.4,perishable,high,0.87,29.6,21.8,15.1,0,0,1.2,19.86
78.64,2.17,0.17,0.42,0.23,1.82,2.33,furniture,standard,0.88,31.0,11.2,8.6,1,1,1.0,17.85
88.7,1.69,0.15,0.44,0.1,0.12,1.3,general,low,0.77,32.9,9.0,7.3,0,0,1.0,17.46
148.73,1.49,0.16,0.9,0.17,0.69,4.21,luxury,standard,0.98,32.1,7.9,9.0,0,0,1.0,13.86
200.97,2.11,0.36,0.35,0.31,3.17,6.97,luxury,low,0.89,27.5,26.2,13.2,0,0,1.0,39.77
33.34,2.37,0.08,0.81,0.45,2.55,13.01,perishable,high,0.6,31.6,5.6,4.2,1,1,1.2,26.26
206.53,1.39,0.61,0.2,0.5,10.52,4.01,general,standard,0.8,32.8,42.9,22.4,1,0,1.0,28.81
159.77,2.09,0.09,0.56,0.39,1.02,1.66,general,critical,0.88,30.0,4.6,4.4,0,0,1.0,18.23
184.46,1.4,0.23,0.47,0.37,1.84,1.16,general,low,0.77,37.1,13.7,11.2,0,2,1.0,21.88
105.39,1.37,0.31,0.39,0.66,0.98,0.22,medicine,standard,0.67,31.4,20.1,18.4,1,2,1.2,21.08
240.34,2.06,0.22,0.8,0.16,17.01,1.72,general,standard,0.67,25.4,15.2,10.8,0,0,1.0,32.68
49.2,1.26,0.15,0.64,0.38,23.55,6.48,hazmat,critical,0.87,29.3,11.6,7.6,1,0,1.4,10.7
171.26,1.28,0.28,0.96,0.57,4.91,6.39,hazmat,high,0.8,26.3,14.8,14.0,0,0,1.4,20.08
227.54,1.09,0.75,0.42,0.42,0.36,7.51,hazmat,standard,0.73,33.2,49.9,37.7,1,1,1.4,49.04
69.26,1.34,0.07,0.21,0.42,1.99,2.06,general,standard,0.64,32.9,5.1,2.9,0,2,1.0,8.56
31.44,1.82,0.31,0.31,0.32,8.02,4.06,luxury,standard,0.93,32.2,20.2,18.5,1,0,1.0,12.68
221.58,2.0,0.23,0.71,0.13,3.85,0.68,furniture,standard,0.78,31.8,11.9,10.7,1,0,1.0,33.67
204.8,1.53,0.4,0.69,0.08,4.12,3.84,luxury,low,0.79,27.2,24.3,14.0,0,0,1.0,22.04
120.56,1.8,0.26,0.67,0.44,15.64,4.14,general,standard,0.69,32.6,19.4,10.0,0,0,1.0,19.59
148.13,1.48,0.0,0.75,0.25,0.45,3.75,furniture,standard,0.8,31.2,0.0,0.0,1,1,1.0,6.61
158.51,2.38,0.3,0.2,0.25,12.73,1.63,general,low,0.76,32.9,23.6,15.7,1,1,1.0,52.0
215.7,2.87,0.32,0.36,0.51,10.56,4.11,general,standard,0.66,30.2,20.2,17.7,0,0,1.0,63.41
154.54,1.43,0.24,0.62,0.38,1.87,0.0,perishable,standard,0.78,25.1,14.6,13.9,0,2,1.2,27.54
73.51,1.82,0.02,0.49,0.53,2.08,2.26,perishable,standard,0.92,29.4,1.5,1.0,0,0,1.2,9.46
70.15,2.32,0.79,0.56,0.59,0.94,2.5,hazmat,low,0.75,24.7,54.2,36.8,0,0,1.4,57.31
235.41,2.12,0.4,0.29,0.43,0.39,0.3,perishable,high,0.83,31.9,20.6,22.3,0,1,1.2,49.38
46.83,1.41,0.48,0.65,0.17,2.61,0.26,perishable,high,0.96,28.9,36.7,24.1,0,0,1.2,12.5
199.18,2.24,0.11,0.4,0.24,1.53,7.28,luxury,low,0.95,33.1,6.9,5.0,0,0,1.0,33.81
99.59,1.22,0.19,0.82,0.28,3.26,4.48,furniture,standard,0.71,32.0,15.1,9.7,0,0,1.0,8.19
24.14,1.54,0.72,0.63,0.21,11.6,4.03,hazmat,standard,0.69,29.3,38.9,26.2,1,1,1.4,39.93
190.22,2.4,0.57,1.0,0.64,0.15,1.9,general,standard,0.78,29.6,34.6,30.5,0,0,1.0,46.52
161.55,1.26,0.14,0.63,0.03,3.84,0.46,general,low,0.71,24.2,10.3,7.0,0,1,1.0,12.7
138.68,1.36,0.09,0.15,0.08,3.49,1.98,medicine,low,0.84,34.6,6.2,3.2,1,0,1.2,10.7
99.33,1.98,0.04,0.3,0.7,6.03,6.7,perishable,standard,0.66,30.1,2.5,2.2,0,1,1.2,24.81
272.05,1.98,0.17,0.33,0.28,13.88,0.37,luxury,low,0.88,34.9,9.3,7.0,0,1,1.0,35.32
142.58,2.05,0.33,0.12,0.22,1.93,8.47,general,high,0.74,35.3,24.7,12.6,0,1,1.0,30.72
120.2,1.03,0.34,0.93,0.45,1.57,4.68,perishable,critical,0.74,30.5,18.1,14.6,0,0,1.2,5.68
80.39,1.5,0.41,0.66,0.03,1.41,1.25,perishable,standard,0.79,31.7,29.9,21.6,0,1,1.2,15.11
67.28,1.61,0.51,0.83,0.26,1.84,5.92,general,low,0.86,26.7,32.0,17.9,1,1,1.0,30.5
185.92,2.03,0.54,0.63,0.25,0.64,4.78,hazmat,low,0.75,30.4,39.9,30.7,0,2,1.4,57.31
112.58,1.02,0.3,0.87,0.28,0.02,11.12,medicine,low,0.83,31.3,18.8,14.4,0,0,1.2,10.59
10.92,1.39,0.26,0.66,0.8,1.06,1.67,furniture,low,0.77,30.5,14.7,11.8,1,0,1.0,10.05
87.84,3.07,0.16,0.17,0.87,8.04,1.47,hazmat,critical,0.81,23.8,8.9,9.5,0,0,1.4,40.49
219.42,2.31,0.56,0.13,0.23,4.83,0.94,perishable,standard,0.77,28.2,41.5,29.5,0,0,1.2,59.52
191.01,1.33,0.82,0.5,0.48,3.24,7.32,luxury,critical,0.73,33.9,56.0,32.1,0,1,1.0,18.47
91.93,1.75,0.06,0.68,0.42,8.58,6.31,medicine,low,0.79,24.6,3.2,3.5,1,0,1.2,25.45
211.43,1.34,0.04,0.86,0.38,1.49,0.33,perishable,standard,0.63,30.1,2.5,2.1,0,0,1.2,20.51
237.43,2.55,0.09,0.91,0.22,7.48,25.0,medicine,standard,0.82,32.3,5.6,4.1,0,1,1.2,65.16
261.01,1.57,0.42,0.84,0.1,0.34,1.23,luxury,low,0.85,30.3,26.2,19.8,0,0,1.0,26.15
227.11,1.24,0.62,0.2,0.21,8.32,6.91,perishable,high,0.92,30.2,37.7,35.7,0,1,1.2,23.77
129.3,1.54,0.33,0.78,0.26,5.15,4.12,general,standard,0.91,30.7,16.7,12.9,0,1,1.0,17.29
173.79,1.99,0.09,0.41,0.05,14.99,8.6,medicine,high,0.64,29.2,4.5,4.9,1,1,1.2,42.64
161.06,2.09,0.27,0.87,0.77,4.36,3.39,general,high,0.8,33.1,17.7,11.0,1,0,1.0,29.99
232.19,1.54,0.36,0.84,0.2,0.03,6.38,general,standard,0.68,27.0,26.7,18.4,0,0,1.0,25.21
168.71,2.11,0.32,0.69,0.69,2.2,3.44,medicine,standard,0.76,27.9,19.2,18.3,0,1,1.2,34.72
45.07,1.44,0.43,0.92,0.43,2.67,5.61,furniture,standard,0.87,28.3,26.0,15.8,1,0,1.0,20.32
24.98,2.8,0.23,0.59,0.18,0.81,4.73,general,high,0.67,29.5,15.2,11.0,0,1,1.0,24.21
206.44,1.9,0.21,0.32,0.31,5.13,0.2,general,low,0.58,31.4,15.6,12.2,1,1,1.0,36.28
109.39,1.63,0.31,0.69,0.31,3.63,2.0,medicine,standard,0.89,34.1,19.4,13.5,0,2,1.2,19.08
136.05,1.16,0.66,0.27,0.26,7.37,0.52,general,high,0.78,32.8,38.9,38.5,1,1,1.0,20.1
48.87,2.36,0.42,0.79,0.42,0.47,5.42,medicine,critical,0.8,28.7,28.1,17.2,1,3,1.2,35.3
29.65,3.12,0.2,0.89,0.13,5.65,3.38,general,standard,0.9,32.3,9.8,9.3,1,0,1.0,15.99
191.79,1.15,0.44,0.7,0.61,3.37,5.93,hazmat,high,0.86,32.8,33.8,21.2,0,0,1.4,16.25
246.41,1.3,0.07,0.54,0.28,5.03,2.42,medicine,critical,0.83,31.6,4.9,3.3,1,0,1.2,7.08
145.0,1.61,0.22,0.96,0.26,11.77,11.45,hazmat,high,0.9,32.6,11.9,12.6,0,2,1.4,35.5
178.24,1.52,0.55,0.81,0.1,6.34,2.25,general,low,0.86,30.2,32.3,25.4,0,0,1.0,23.11
125.03,1.67,0.06,0.51,0.51,0.68,2.89,luxury,standard,0.78,32.0,4.3,2.8,0,0,1.0,13.19
206.09,1.85,0.15,0.59,0.46,1.7,2.32,medicine,high,0.79,26.8,8.8,8.6,0,1,1.2,27.55
208.24,2.76,0.51,0.75,0.26,11.43,3.0,perishable,high,0.66,30.6,38.3,29.2,1,0,1.2,84.51
213.45,1.13,0.28,0.5,0.1,1.79,3.17,furniture,high,0.94,27.7,16.2,13.3,0,1,1.0,3.7
158.72,2.53,0.18,0.46,0.2,1.83,0.3,furniture,critical,0.7,28.6,10.7,8.2,0,2,1.0,39.88
83.7,1.34,0.32,0.88,0.35,5.56,4.98,furniture,high,0.83,29.7,17.9,14.2,0,0,1.0,11.7
128.07,2.43,0.3,0.43,0.19,0.92,3.31,furniture,high,0.91,28.7,17.5,17.2,0,0,1.0,19.09
199.06,1.53,0.34,0.99,0.35,4.63,11.54,luxury,standard,0.71,27.3,20.9,19.4,0,2,1.0,29.79
161.82,1.87,0.25,0.41,0.29,4.95,2.48,general,low,0.76,30.2,16.3,10.9,1,1,1.0,33.11
101.15,1.46,0.24,0.78,0.53,6.55,0.24,general,high,0.88,35.0,17.5,9.6,0,4,1.0,26.74
186.01,1.18,0.14,0.56,0.4,7.0,8.83,luxury,high,0.6,34.2,8.8,6.8,0,0,1.0,13.16
104.75,1.75,0.17,0.15,0.26,7.5,5.15,general,critical,0.63,25.8,11.6,8.9,0,0,1.0,13.47
117.15,1.69,0.39,0.82,0.45,11.15,1.68,perishable,standard,0.89,27.0,28.3,19.3,1,1,1.2,34.08
193.55,1.99,0.13,0.85,0.24,0.04,0.25,medicine,standard,0.88,33.7,6.6,5.4,1,1,1.2,35.6
204.13,1.98,0.44,0.77,0.25,5.79,2.17,furniture,standard,0.9,26.0,27.4,15.7,0,1,1.0,30.33
70.22,2.11,0.22,0.93,0.61,4.58,5.49,hazmat,critical,0.64,28.8,16.1,10.8,1,1,1.4,28.64
178.6,2.61,0.25,0.16,0.22,0.19,10.6,perishable,standard,0.9,27.4,18.7,10.5,0,0,1.2,51.28
92.02,1.63,0.26,0.38,0.41,3.16,3.82,general,high,0.62,33.0,17.5,14.0,1,0,1.0,12.1
116.98,1.24,0.31,0.99,0.08,16.58,3.24,medicine,low,0.82,24.6,16.4,11.3,1,0,1.2,19.19
30.7,2.15,0.18,0.55,0.25,3.09,2.02,perishable,standard,0.96,26.1,10.0,10.5,0,2,1.2,11.99
253.51,2.09,0.6,0.34,0.75,2.47,2.58,general,standard,0.73,34.3,31.4,22.0,0,0,1.0,49.17
235.97,2.33,0.72,0.43,0.27,1.26,3.68,general,critical,0.71,31.9,40.9,30.6,0,0,1.0,42.9
264.92,1.74,0.65,0.95,0.44,11.61,4.38,perishable,standard,0.72,29.1,34.2,25.1,1,1,1.2,68.16
192.66,1.5,0.28,0.75,0.5,0.17,4.07,perishable,high,0.72,27.4,16.8,16.7,0,0,1.2,17.57
100.23,2.04,0.29,0.21,0.52,6.21,9.94,hazmat,standard,0.96,31.9,19.1,10.2,0,0,1.4,28.57
140.51,1.29,0.53,0.33,0.09,1.43,1.43,general,high,0.84,28.1,26.7,20.7,0,1,1.0,9.87
58.96,1.22,0.55,0.2,0.43,6.97,6.06,perishable,standard,0.72,36.2,37.5,21.6,0,0,1.2,11.6
229.75,1.7,0.29,0.88,0.19,8.66,0.35,general,standard,0.65,36.4,16.4,15.8,0,1,1.0,38.08
152.23,2.64,0.76,0.43,0.65,4.39,0.4,luxury,low,0.63,28.5,57.9,43.1,1,0,1.0,67.28
146.9,2.14,0.24,0.98,0.82,0.05,0.07,perishable,critical,0.91,24.0,15.3,14.1,0,0,1.2,22.23
194.72,2.24,0.16,0.98,0.53,2.77,0.13,general,standard,0.94,30.5,8.5,6.0,0,0,1.0,27.41
98.05,1.17,0.17,0.69,0.18,1.77,1.32,general,critical,0.74,31.4,10.2,6.5,0,0,1.0,0.87
92.11,1.93,0.64,0.72,0.48,5.44,15.64,furniture,standard,0.84,28.4,31.6,38.4,0,0,1.0,23.33
81.91,1.58,0.33,0.54,0.5,10.02,1.22,perishable,critical,0.64,28.9,22.1,11.9,1,0,1.2,15.84
124.9,1.55,0.3,0.48,0.31,12.07,6.74,general,high,0.65,25.8,21.7,15.1,0,2,1.0,20.0
110.9,1.35,0.08,0.44,0.75,1.37,2.45,general,critical,0.71,26.1,4.0,3.3,1,1,1.0,12.89
118.65,2.15,0.31,0.93,0.31,2.9,4.28,furniture,critical,0.83,31.0,23.3,17.3,0,0,1.0,22.19
173.17,2.49,0.18,0.46,0.16,10.6,4.04,hazmat,low,0.91,25.5,11.1,6.4,0,2,1.4,59.23
230.78,2.28,0.65,0.97,0.11,3.19,1.14,perishable,high,0.93,32.3,34.9,25.0,0,0,1.2,65.27
203.95,1.15,0.06,0.81,0.25,0.76,3.82,general,critical,0.96,32.0,4.7,2.6,0,1,1.0,7.83
223.27,1.82,0.46,0.31,0.05,3.24,8.83,perishable,critical,0.8,36.2,28.4,21.4,0,1,1.2,41.98
136.12,2.41,0.34,0.41,0.28,4.73,0.75,medicine,standard,0.9,29.3,21.1,15.6,0,0,1.2,40.62
180.77,1.01,0.03,0.23,0.1,9.48,1.38,general,standard,0.89,34.0,2.2,1.7,0,0,1.0,3.37
100.2,1.08,0.83,0.24,0.34,1.22,2.64,luxury,standard,0.87,31.9,66.1,31.3,1,0,1.0,20.55
257.38,1.03,0.28,0.6,0.53,15.53,4.71,hazmat,standard,0.93,32.0,19.3,14.6,0,0,1.4,10.76
124.84,1.22,0.57,0.35,0.48,7.53,1.58,general,high,0.75,26.9,38.9,29.7,0,0,1.0,10.87
234.19,1.49,0.17,0.95,0.39,1.57,1.48,general,low,0.82,32.0,13.2,10.2,0,0,1.0,17.23
150.53,1.2,0.07,0.43,0.43,19.02,6.15,luxury,critical,0.93,27.6,4.4,3.6,1,1,1.0,9.32
122.38,1.42,0.3,0.14,0.23,14.2,7.69,furniture,standard,0.83,30.6,21.2,13.0,0,0,1.0,12.2
184.25,1.46,0.72,0.21,0.21,6.77,1.72,general,standard,0.71,26.6,44.2,31.1,1,1,1.0,28.37
247.63,1.81,0.19,0.43,0.19,4.09,1.01,perishable,standard,0.75,30.8,13.5,9.8,0,1,1.2,38.71
95.78,1.78,0.55,0.57,0.15,12.7,6.79,general,high,0.92,28.9,42.9,28.0,0,0,1.0,14.93
122.62,1.44,0.2,0.12,0.43,2.92,4.47,hazmat,standard,0.72,27.5,11.9,10.6,0,0,1.4,11.5
58.55,1.46,0.13,0.41,0.33,2.77,2.1,perishable,low,0.94,31.8,8.6,6.6,0,0,1.2,4.2
236.2,2.62,0.04,0.77,0.37,2.37,9.95,general,low,0.66,27.0,2.7,1.6,0,0,1.0,64.75
69.38,1.41,0.2,0.19,0.21,8.7,10.55,hazmat,standard,0.93,29.7,15.2,9.2,1,0,1.4,16.91
266.44,2.06,0.62,0.2,0.13,0.85,5.38,perishable,standard,0.73,27.6,34.8,25.3,1,1,1.2,73.12
244.16,2.72,0.1,0.38,0.07,0.35,10.98,furniture,standard,0.73,30.2,5.2,5.2,1,3,1.0,64.3
77.36,2.15,0.44,0.19,0.07,1.83,1.75,perishable,standard,0.97,28.9,34.4,23.7,1,2,1.2,42.13
94.27,1.53,0.07,0.44,0.34,14.41,6.86,furniture,low,0.91,29.6,4.5,3.4,1,0,1.0,10.99
217.71,1.62,0.19,0.75,0.24,3.06,3.25,furniture,standard,0.77,25.9,10.7,10.5,0,1,1.0,24.84
145.06,1.78,0.09,0.98,0.42,1.84,0.62,furniture,critical,0.93,26.0,5.6,5.1,1,0,1.0,12.49
14.06,1.13,0.22,0.14,0.05,0.28,2.46,furniture,high,0.75,30.2,12.1,12.1,1,0,1.0,1.62
130.0,1.51,0.45,0.62,0.18,5.44,0.08,medicine,standard,0.87,31.3,34.7,23.3,1,2,1.2,38.21
144.63,1.7,0.3,0.3,0.71,3.82,6.06,furniture,standard,0.8,28.0,15.2,12.7,1,0,1.0,23.59
204.16,1.64,0.1,0.5,0.42,7.85,3.78,furniture,low,0.96,25.7,5.9,4.6,1,1,1.0,21.29
69.7,1.88,0.16,0.99,0.28,2.6,0.29,general,high,0.91,36.6,8.8,9.1,0,1,1.0,10.61
303.2,1.73,0.26,0.99,0.09,6.79,2.9,furniture,standard,0.84,31.4,18.4,10.8,0,0,1.0,33.53
210.32,1.41,0.3,0.65,0.1,1.0,0.64,luxury,standard,0.7,28.2,23.6,15.4,0,1,1.0,16.64
287.76,2.08,0.34,0.25,0.12,6.16,2.68,general,high,0.79,27.5,26.9,19.1,1,0,1.0,59.22
169.06,1.87,0.41,0.55,0.55,1.47,14.91,perishable,high,0.9,29.1,25.6,24.4,0,0,1.2,45.64
14.49,1.41,0.39,0.85,0.26,8.48,2.31,furniture,standard,0.76,32.4,27.2,18.1,1,0,1.0,18.52
133.21,2.42,0.61,0.62,0.45,5.07,0.81,perishable,high,0.72,29.3,38.2,34.4,0,2,1.2,43.73
172.03,2.11,0.05,0.75,0.61,2.98,0.25,perishable,low,0.67,34.1,3.9,2.0,0,0,1.2,46.57
39.54,1.62,0.12,0.79,0.17,0.69,0.18,perishable,standard,0.84,27.9,7.9,6.0,0,0,1.2,8.12
36.19,1.26,0.7,0.51,0.31,1.4,0.58,general,high,0.96,28.7,36.2,38.7,0,1,1.0,9.28
207.83,2.69,0.06,0.7,0.76,0.89,0.34,furniture,high,0.95,31.6,4.0,2.1,0,0,1.0,42.97
59.03,2.21,0.23,0.21,0.18,2.36,0.02,medicine,low,0.93,25.5,18.0,10.2,0,0,1.2,10.59
203.95,1.64,0.45,0.44,0.11,1.31,1.61,general,high,0.91,32.7,23.8,23.9,0,0,1.0,18.92
129.81,1.24,0.25,0.56,0.32,2.53,1.48,luxury,high,0.85,30.7,12.6,9.8,0,1,1.0,8.68
218.66,2.09,0.36,0.75,0.12,14.22,7.59,medicine,critical,0.72,34.9,28.1,21.4,1,0,1.2,58.5
153.31,1.58,0.21,0.52,0.02,0.26,0.46,hazmat,high,0.67,36.4,14.9,12.1,1,0,1.4,22.86
180.16,1.37,0.11,0.96,0.54,0.7,5.12,perishable,standard,0.84,29.2,8.1,5.6,1,0,1.2,15.48
56.73,2.88,0.47,0.36,0.25,3.65,7.38,medicine,high,0.63,31.7,28.8,19.0,1,0,1.2,52.38
218.36,1.86,0.12,0.26,0.32,6.76,0.75,medicine,standard,0.87,27.5,7.6,6.1,0,1,1.2,30.59
296.54,1.09,0.17,0.28,0.35,1.69,0.44,perishable,critical,0.79,28.8,11.5,8.7,1,0,1.2,6.38
186.49,1.24,0.13,0.43,0.76,7.99,0.66,hazmat,high,0.55,33.8,9.3,6.7,0,0,1.4,17.18
40.98,1.99,0.21,0.58,0.16,1.25,0.09,medicine,critical,0.96,25.2,15.2,8.7,1,0,1.2,6.61
88.23,1.47,0.23,0.38,0.28,13.27,1.01,perishable,critical,0.95,34.2,12.8,11.2,1,2,1.2,16.59
208.72,1.65,0.17,0.88,0.4,4.04,2.34,medicine,standard,0.8,31.7,8.8,6.8,1,0,1.2,26.51
200.47,1.65,0.29,0.73,0.05,1.36,0.01,general,high,0.7,31.6,21.9,11.2,0,1,1.0,31.63
236.79,1.18,0.58,0.34,0.13,3.96,5.23,medicine,standard,0.77,25.7,42.3,25.6,0,0,1.2,22.07
84.0,1.32,0.11,0.79,0.34,13.35,0.03,luxury,low,0.83,32.1,7.8,4.2,0,2,1.0,12.8
65.8,1.31,0.31,0.62,0.23,9.04,4.91,general,standard,0.76,32.7,19.4,15.5,1,0,1.0,13.08
58.67,1.56,0.15,0.72,0.56,3.84,1.98,perishable,high,0.81,29.7,9.8,8.1,1,0,1.2,12.03
114.0,1.6,0.38,0.95,0.57,0.91,0.78,hazmat,high,0.65,29.0,29.5,19.8,0,0,1.4,22.25
121.84,1.98,0.05,0.32,0.24,14.28,5.99,general,high,0.66,30.6,4.0,2.5,1,0,1.0,19.76
238.23,2.02,0.16,0.93,0.28,10.46,5.63,furniture,high,0.77,27.4,10.1,7.9,0,0,1.0,28.2
132.58,1.21,0.21,0.73,0.16,0.06,1.39,medicine,high,0.9,30.8,15.4,7.9,1,0,1.2,3.7
172.33,1.2,0.59,0.29,0.19,0.38,2.58,luxury,low,0.69,28.1,35.9,21.0,0,1,1.0,15.38
206.5,2.5,0.18,0.92,0.12,3.14,4.03,general,low,0.86,30.7,11.9,9.3,1,2,1.0,50.24
159.6,1.31,0.33,0.5,0.04,4.21,2.74,medicine,standard,0.65,24.0,18.1,19.3,0,1,1.2,16.34
172.39,1.93,0.6,0.29,0.06,4.11,2.35,furniture,standard,0.82,26.7,44.3,35.2,1,0,1.0,41.85
43.79,1.49,0.54,0.34,0.25,4.78,1.49,general,standard,0.75,24.5,27.9,27.6,1,2,1.0,17.16
145.45,1.95,0.55,0.76,0.15,5.77,6.18,general,standard,0.9,36.1,29.1,25.4,1,1,1.0,44.35
267.93,1.14,0.17,0.95,0.13,13.87,0.79,hazmat,standard,0.91,31.4,12.4,8.7,1,0,1.4,11.04
140.24,1.52,0.12,0.31,0.46,2.54,4.19,general,standard,0.83,24.5,6.4,4.6,1,0,1.0,14.61
92.47,1.32,0.16,0.93,0.04,0.15,2.21,furniture,standard,0.85,28.7,12.0,5.9,1,2,1.0,13.82
111.53,1.24,0.01,0.16,0.05,4.17,7.47,general,standard,0.89,24.9,0.8,0.4,0,1,1.0,6.3
157.16,1.43,0.16,0.21,0.02,4.23,7.39,luxury,standard,0.69,31.4,10.2,9.5,0,0,1.0,11.11
172.36,1.3,0.81,0.43,0.13,1.33,4.69,general,standard,0.82,29.1,41.4,44.5,1,1,1.0,27.5
155.63,1.83,0.52,0.63,0.23,3.68,6.17,perishable,high,0.76,28.6,29.6,22.9,1,0,1.2,49.79
178.62,1.7,0.21,0.62,0.51,11.35,4.29,general,standard,0.64,27.4,12.3,11.9,1,0,1.0,20.45
243.82,1.41,0.25,0.14,0.41,4.94,0.23,luxury,high,0.92,29.8,19.6,10.9,0,0,1.0,9.67
118.12,2.37,0.56,0.13,0.51,6.68,3.46,general,standard,0.85,27.4,39.3,31.4,1,1,1.0,31.71
234.23,1.11,0.86,0.69,0.22,5.33,1.79,furniture,high,0.92,26.4,44.3,41.2,0,0,1.0,0.97
166.54,1.78,0.47,0.5,0.69,2.0,2.75,hazmat,standard,0.81,26.2,33.4,26.9,1,1,1.4,59.56
152.69,1.91,0.15,0.53,0.52,0.98,0.18,general,low,0.96,29.8,10.4,7.3,0,0,1.0,16.49
141.64,1.42,0.36,0.13,0.57,2.43,7.47,hazmat,standard,0.93,34.6,21.3,19.3,0,0,1.4,18.44
59.48,1.49,0.4,1.0,0.43,5.85,9.69,luxury,high,0.85,28.9,25.0,18.0,0,3,1.0,23.18
255.58,2.07,0.09,0.63,0.45,2.8,7.65,general,critical,0.79,29.9,4.9,4.5,0,0,1.0,38.31
102.7,1.78,0.23,0.92,0.37,3.04,3.53,general,high,0.81,31.6,17.2,10.0,0,0,1.0,16.45
123.95,1.39,0.53,0.43,0.26,6.38,6.97,general,high,0.93,27.4,32.7,24.4,0,0,1.0,10.8
325.58,1.2,0.13,0.6,0.72,5.27,2.69,medicine,high,0.75,27.6,9.5,5.2,1,0,1.2,12.91
136.8,1.52,0.49,0.48,0.47,9.14,6.37,luxury,high,0.6,25.4,32.6,20.9,0,0,1.0,10.86
143.62,2.79,0.03,0.21,0.77,8.72,2.62,medicine,high,0.56,29.2,2.2,1.4,0,0,1.2,61.56
72.96,1.43,0.35,0.49,0.21,0.83,7.96,hazmat,high,0.73,35.5,18.1,20.7,0,1,1.4,20.46
63.16,1.98,0.36,0.31,0.28,2.91,1.54,perishable,low,0.91,36.3,24.4,13.8,1,0,1.2,11.11
22.14,1.95,0.24,0.34,0.51,1.8,12.47,hazmat,standard,0.81,29.2,12.3,11.2,0,0,1.4,16.29
17.58,1.4,0.33,0.78,0.31,17.88,0.19,general,high,0.7,29.8,19.7,15.5,0,1,1.0,13.87
184.82,1.58,0.17,0.41,0.39,2.44,3.16,furniture,standard,0.89,28.2,12.5,7.8,0,0,1.0,11.87
107.19,2.12,0.12,0.77,0.13,4.33,3.0,general,high,0.99,26.8,7.2,4.3,1,1,1.0,18.16
7.32,1.92,0.25,0.98,0.33,3.93,3.97,furniture,critical,0.88,31.7,18.6,14.6,1,1,1.0,10.71
274.35,1.44,0.06,0.39,0.21,6.27,2.92,hazmat,critical,0.65,31.6,3.4,2.9,0,0,1.4,27.53
219.24,1.86,0.75,0.31,0.06,0.79,4.01,general,standard,0.62,31.4,52.7,36.0,1,0,1.0,45.4
112.1,1.22,0.07,0.78,0.72,16.1,11.25,hazmat,critical,0.9,31.5,3.9,2.7,1,1,1.4,20.32
245.03,1.06,0.1,0.62,0.49,0.4,1.33,perishable,standard,0.8,26.2,6.1,5.0,0,1,1.2,10.17
203.81,1.65,0.73,0.82,0.18,5.13,5.16,medicine,standard,0.77,28.9,40.0,37.8,0,0,1.2,31.34
139.58,1.21,0.33,0.24,0.4,26.73,3.38,perishable,standard,0.7,32.9,19.4,14.0,0,0,1.2,14.65
47.78,1.37,0.23,0.69,0.21,14.61,3.78,furniture,high,0.63,29.0,16.1,11.6,0,0,1.0,8.88
125.23,1.57,0.05,0.75,0.31,1.39,2.49,perishable,standard,0.88,33.0,3.6,2.0,1,0,1.2,11.46
117.24,2.03,0.52,0.22,0.2,2.86,1.88,perishable,critical,0.73,29.3,31.5,24.9,0,0,1.2,30.29
85.98,1.27,0.18,0.24,0.58,3.59,2.01,perishable,high,0.95,34.0,9.0,7.0,1,0,1.2,5.71
161.26,1.85,0.4,0.95,0.24,1.08,1.97,general,standard,0.98,31.8,22.0,17.4,0,1,1.0,18.7
203.36,1.34,0.66,0.27,0.15,7.46,9.24,furniture,critical,0.86,29.3,50.2,23.6,1,0,1.0,27.92
135.29,3.16,0.15,0.72,0.07,3.51,12.13,perishable,critical,0.91,28.7,9.2,9.0,1,0,1.2,38.21
41.7,1.94,0.38,0.59,0.49,1.64,7.02,hazmat,high,0.99,36.6,19.6,22.3,1,1,1.4,24.13
68.64,1.2,0.64,0.84,0.24,12.38,0.67,perishable,critical,0.81,33.3,42.8,22.5,0,0,1.2,9.1
277.31,1.74,0.48,0.15,0.53,1.26,1.37,perishable,standard,0.89,26.6,37.5,25.1,0,0,1.2,29.17
29.36,1.66,0.29,0.11,0.18,1.39,1.03,medicine,critical,0.76,31.1,21.1,14.6,0,2,1.2,10.16
141.71,1.5,0.07,0.78,0.23,14.11,5.55,hazmat,high,0.88,31.3,4.8,2.5,1,1,1.4,18.69
108.99,1.68,0.82,0.89,0.41,1.64,0.04,luxury,high,0.82,28.2,57.7,43.5,0,1,1.0,17.45
171.12,1.99,0.4,0.67,0.07,7.29,2.91,hazmat,standard,0.72,32.6,27.5,22.5,0,0,1.4,48.35
165.8,2.9,0.66,0.45,0.41,2.78,4.35,medicine,high,0.66,28.6,40.6,37.0,0,0,1.2,44.32
147.15,2.2,0.36,0.5,0.26,6.16,1.17,furniture,low,0.85,36.3,25.4,18.6,0,0,1.0,42.8
220.25,1.51,0.37,0.8,0.52,30.0,7.92,medicine,standard,0.75,30.2,21.3,21.3,1,1,1.2,25.27
175.89,1.11,0.5,0.56,0.22,6.88,0.58,perishable,standard,0.8,31.6,25.7,27.2,1,1,1.2,24.18
143.93,1.37,0.17,0.72,0.77,3.37,2.71,luxury,standard,0.7,29.5,12.5,9.4,1,0,1.0,9.0
166.48,1.87,0.34,0.95,0.46,5.73,2.0,general,critical,0.78,32.4,19.0,17.9,0,0,1.0,21.44
240.09,2.07,0.54,0.35,0.24,3.28,2.57,perishable,high,0.94,31.6,36.2,27.0,0,0,1.2,42.31
139.31,1.71,0.54,0.24,0.52,7.52,4.6,general,critical,0.75,31.5,38.2,25.6,1,1,1.0,27.38
228.53,1.65,0.08,0.86,0.16,0.19,1.77,hazmat,low,0.88,32.3,6.2,3.3,0,0,1.4,30.7
223.68,1.62,0.55,0.73,0.04,2.58,3.67,general,critical,0.75,26.2,30.8,31.6,1,1,1.0,27.67
67.49,2.57,0.13,0.53,0.68,0.49,0.42,hazmat,standard,0.77,32.7,8.3,4.9,0,1,1.4,40.29
71.64,2.23,0.19,0.61,0.39,1.72,0.55,general,critical,0.72,27.4,13.8,11.1,0,2,1.0,18.45
172.99,1.62,0.53,0.92,0.72,9.32,0.35,medicine,high,0.6,29.1,41.7,22.9,0,3,1.2,35.86
242.48,2.39,0.3,0.96,0.65,0.72,2.67,luxury,low,0.72,31.1,17.9,16.0,0,0,1.0,46.39
91.55,1.41,0.43,0.11,0.52,3.04,14.13,perishable,standard,0.84,30.6,26.7,17.6,0,2,1.2,28.6
158.39,1.75,0.27,0.75,0.13,30.0,0.56,furniture,low,0.76,26.7,14.9,9.7,0,2,1.0,26.68
180.56,1.9,0.42,0.98,0.4,8.34,3.52,general,high,0.94,30.8,27.2,20.9,0,1,1.0,26.32
19.09,1.89,0.07,0.27,0.03,2.92,1.55,furniture,standard,0.73,34.4,5.2,3.9,1,0,1.0,5.43
180.0,1.26,0.02,0.26,0.4,1.67,5.12,luxury,high,0.79,30.0,1.0,0.8,1,1,1.0,12.86
88.52,1.42,0.42,0.21,0.2,4.4,0.24,general,high,0.81,33.6,26.9,18.4,0,0,1.0,8.0
143.32,2.38,0.31,0.48,0.14,7.8,2.02,perishable,critical,0.76,30.3,22.8,14.1,1,1,1.2,34.89
32.6,1.55,0.16,0.8,0.19,3.13,1.3,hazmat,standard,0.83,29.9,10.3,6.4,0,0,1.4,10.33
86.0,2.46,0.09,0.59,0.58,1.61,1.03,perishable,standard,0.68,27.2,5.0,3.3,0,0,1.2,21.86
145.84,1.55,0.33,0.45,0.13,7.13,4.11,perishable,high,0.6,28.2,17.7,16.2,0,0,1.2,18.62
139.56,1.17,0.18,0.62,0.17,9.41,3.82,medicine,high,0.68,35.7,12.9,10.7,0,0,1.2,9.85
100.88,1.23,0.65,0.42,0.36,1.42,2.04,furniture,low,0.8,32.3,48.9,27.4,0,0,1.0,9.21
130.45,1.65,0.05,0.56,0.37,1.31,2.87,general,standard,0.89,26.9,2.9,1.8,0,0,1.0,10.33
179.22,1.31,0.6,0.52,0.08,2.09,1.32,perishable,standard,0.94,32.8,40.9,28.8,0,0,1.2,22.4
148.6,2.11,0.03,0.92,0.34,0.36,2.42,general,standard,0.94,28.4,2.0,1.5,0,0,1.0,23.94
61.73,1.54,0.29,0.58,0.46,15.32,6.16,furniture,standard,0.86,26.4,20.3,14.5,0,0,1.0,11.1
50.22,2.38,0.43,0.69,0.75,7.07,1.39,perishable,standard,0.72,27.8,26.1,19.5,0,1,1.2,30.04
209.78,1.64,0.7,0.37,0.04,0.32,1.34,general,high,0.76,24.8,55.9,30.8,0,0,1.0,29.42
168.45,2.54,0.28,0.43,0.25,14.91,4.08,general,critical,0.7,34.5,21.3,11.5,0,0,1.0,38.62
168.97,2.06,0.02,0.98,0.48,3.42,6.92,medicine,standard,0.88,25.6,1.0,0.8,1,0,1.2,22.8
122.05,1.29,0.61,0.65,0.57,1.58,6.88,general,high,0.91,25.2,32.7,36.0,0,0,1.0,12.57
86.05,1.11,0.36,0.37,0.07,13.2,1.91,perishable,standard,0.8,29.4,25.3,12.9,1,0,1.2,20.19
81.36,1.17,0.45,0.16,0.31,9.56,0.32,perishable,low,0.63,25.8,27.1,16.7,0,0,1.2,8.09
191.44,1.28,0.69,0.65,0.28,2.1,0.84,furniture,standard,0.7,32.6,51.7,24.7,0,1,1.0,17.09
73.52,2.3,0.65,0.17,0.55,6.39,0.76,medicine,standard,0.85,28.4,45.0,35.9,0,0,1.2,23.47
159.03,1.05,0.3,0.25,0.11,1.33,0.65,perishable,standard,0.72,28.8,20.4,14.8,0,1,1.2,9.11
163.95,1.28,0.58,0.29,0.44,18.2,12.93,hazmat,standard,0.81,27.2,29.2,25.6,0,1,1.4,30.22
55.66,2.46,0.12,0.68,0.22,0.92,1.8,perishable,critical,0.96,33.5,6.9,4.7,0,0,1.2,14.54
117.35,1.55,0.17,0.46,0.33,1.82,3.48,general,high,0.92,29.8,12.8,9.4,0,1,1.0,13.81
188.83,1.78,0.43,0.76,0.4,9.62,2.24,general,high,0.77,32.6,27.8,20.1,0,2,1.0,29.92
129.64,1.64,0.26,0.3,0.3,11.37,9.75,perishable,standard,0.87,25.1,13.6,10.9,1,1,1.2,28.88
31.94,1.65,0.52,0.9,0.26,6.32,5.41,furniture,standard,0.86,26.8,30.8,30.2,1,0,1.0,24.07
250.26,1.8,0.59,0.29,0.58,0.48,5.14,furniture,standard,0.82,34.2,35.4,20.8,1,1,1.0,46.1
127.54,1.26,0.31,0.13,0.26,2.97,2.47,general,standard,0.86,29.1,23.0,13.5,0,0,1.0,10.33
65.05,1.25,0.31,0.51,0.18,2.12,5.49,general,high,0.78,27.8,18.1,11.2,0,0,1.0,4.87
264.7,1.15,0.37,0.21,0.41,1.83,6.46,general,low,0.97,30.7,23.2,15.1,1,1,1.0,12.52
53.42,2.83,0.68,0.48,0.77,1.59,16.26,hazmat,critical,0.63,33.5,47.1,39.8,1,0,1.4,50.52
173.55,1.02,0.1,0.97,0.23,5.08,0.6,medicine,high,0.71,27.1,6.3,4.6,1,1,1.2,5.51
149.1,2.25,0.58,0.82,0.22,0.7,4.51,furniture,standard,0.86,30.0,38.2,30.1,0,0,1.0,30.78
94.45,1.26,0.45,0.51,0.25,7.68,0.87,general,standard,0.86,31.1,31.0,17.2,1,0,1.0,23.44
57.51,2.13,0.17,0.76,0.07,1.88,4.01,perishable,standard,0.79,23.6,11.4,9.2,1,1,1.2,16.82
221.27,2.45,0.75,0.48,0.31,2.25,1.11,perishable,high,0.97,27.7,54.7,32.2,0,1,1.2,43.82
115.27,1.36,0.3,0.1,0.17,8.78,0.32,general,low,0.85,28.7,23.7,11.0,0,0,1.0,8.67
187.43,2.12,0.42,0.82,0.1,3.08,5.76,perishable,low,0.82,32.1,23.8,20.7,0,1,1.2,41.12
20.75,1.92,0.48,0.79,0.48,4.26,1.98,perishable,low,0.95,29.6,34.4,23.2,0,2,1.2,22.62
205.87,1.51,0.38,0.93,0.19,3.49,1.13,hazmat,critical,0.83,29.3,20.7,18.7,0,1,1.4,26.7
228.45,2.79,0.71,0.2,0.11,2.72,6.1,luxury,critical,0.87,26.6,38.0,29.9,0,1,1.0,42.23
181.12,1.59,0.22,0.83,0.22,5.27,2.04,medicine,high,0.93,26.4,16.5,7.9,0,1,1.2,23.43
81.62,1.45,0.18,0.83,0.28,0.31,1.0,perishable,low,0.74,29.4,12.2,10.4,1,1,1.2,17.78
120.08,2.04,0.55,0.43,0.33,6.98,3.96,perishable,standard,0.69,33.5,42.1,27.3,0,1,1.2,36.52
155.77,1.34,0.35,0.46,0.62,5.63,1.02,general,low,0.74,33.4,23.0,17.7,0,0,1.0,9.09
121.37,2.41,0.29,0.48,0.33,1.55,13.24,medicine,high,0.88,24.7,20.8,10.2,0,1,1.2,31.52
103.32,1.89,0.25,0.42,0.83,1.55,2.86,hazmat,low,0.82,31.7,18.4,14.2,1,0,1.4,19.36
229.37,1.17,0.07,0.62,0.65,1.35,8.6,hazmat,low,0.8,30.7,4.3,3.9,1,0,1.4,13.07
85.39,2.04,0.24,0.56,0.22,6.33,0.3,medicine,standard,0.77,27.0,15.9,14.1,1,0,1.2,14.19
234.79,1.08,0.22,0.62,0.47,4.32,2.19,furniture,high,0.86,33.5,15.1,12.3,0,0,1.0,4.94
105.81,2.32,0.34,0.64,0.15,4.02,0.04,medicine,standard,0.75,30.8,24.3,19.5,0,1,1.2,30.59
155.28,2.21,0.27,0.72,0.56,12.15,3.18,furniture,standard,0.72,23.8,18.5,10.2,1,0,1.0,26.14
226.23,1.35,0.32,0.37,0.06,30.0,1.69,perishable,standard,0.88,29.7,20.5,18.0,0,1,1.2,26.64
70.8,2.25,0.44,0.27,0.15,4.32,5.68,general,low,0.88,35.5,24.5,25.8,1,1,1.0,24.47
87.41,1.64,0.76,0.58,0.26,5.19,0.3,general,high,0.77,31.2,56.5,44.5,1,0,1.0,32.44
111.49,1.31,0.21,0.49,0.17,4.58,2.4,luxury,critical,0.77,26.3,12.9,9.7,0,0,1.0,4.17
135.49,1.06,0.48,0.74,0.24,0.54,1.29,general,high,0.7,33.1,36.5,24.8,1,0,1.0,13.38
265.72,2.55,0.48,0.61,0.21,2.8,1.84,luxury,standard,0.81,31.0,24.2,28.2,0,0,1.0,65.01
35.25,1.73,0.21,0.72,0.13,2.87,4.64,general,standard,0.8,25.9,11.0,9.3,0,1,1.0,9.61
111.2,1.7,0.07,0.27,0.11,0.31,1.16,luxury,standard,0.82,27.7,4.2,3.2,0,1,1.0,10.71
119.74,1.97,0.84,0.99,0.51,7.93,6.69,general,standard,0.76,26.5,45.1,35.3,0,0,1.0,30.15
187.73,2.43,0.07,0.31,0.28,0.75,1.05,furniture,standard,0.9,32.0,5.5,3.5,1,0,1.0,41.94
119.79,1.48,0.49,0.46,0.29,4.56,3.84,furniture,high,0.64,28.3,32.2,18.3,1,0,1.0,30.03
61.43,1.34,0.09,0.75,0.15,0.76,4.11,perishable,standard,0.65,27.3,4.6,4.3,0,1,1.2,7.33
131.3,1.39,0.51,0.12,0.24,3.87,1.48,luxury,high,0.72,25.5,29.6,19.2,0,1,1.0,18.96
73.91,1.47,0.58,0.84,0.44,0.13,2.32,luxury,standard,0.79,31.9,40.8,33.4,0,0,1.0,13.73
215.72,1.18,0.2,0.62,0.34,4.45,0.55,medicine,standard,0.84,28.3,15.0,11.8,1,1,1.2,14.39
272.83,2.17,0.53,0.89,0.13,4.12,2.16,perishable,standard,0.91,28.0,31.4,19.0,1,0,1.2,66.86
163.54,2.55,0.27,0.59,0.13,0.12,4.38,perishable,standard,0.65,31.3,21.4,13.0,0,0,1.2,54.85
51.89,2.25,0.08,0.12,0.27,0.29,2.42,medicine,standard,0.71,33.7,4.9,4.7,0,0,1.2,12.91
66.05,1.43,0.21,0.54,0.5,7.97,2.85,perishable,high,0.73,24.9,14.1,8.0,0,2,1.2,12.03
114.58,2.13,0.34,0.91,0.54,3.57,1.4,general,high,0.76,29.7,17.3,16.3,0,1,1.0,25.02
242.29,1.88,0.29,0.33,0.29,1.18,11.6,furniture,low,0.72,29.7,21.4,10.4,1,2,1.0,36.04
64.03,1.58,0.35,0.39,0.35,3.99,1.08,furniture,high,0.72,26.5,26.1,14.4,1,0,1.0,16.51
114.34,1.94,0.22,0.13,0.26,0.94,0.17,general,high,0.97,32.8,15.9,10.3,0,0,1.0,17.68
27.84,2.2,0.1,0.87,0.21,4.02,5.43,general,high,0.84,33.7,7.0,5.2,0,0,1.0,6.13
148.62,2.5,0.22,0.88,0.64,0.56,9.29,luxury,high,0.79,27.8,11.2,11.0,1,0,1.0,45.06
51.06,2.07,0.15,0.25,0.5,0.79,1.23,perishable,standard,0.72,33.1,9.2,6.0,0,0,1.2,12.17
54.74,1.54,0.37,0.29,0.09,2.75,2.4,perishable,high,0.99,28.0,24.3,13.7,0,0,1.2,9.17
225.87,1.07,0.01,0.58,0.37,8.39,1.6,medicine,critical,0.8,32.4,0.6,0.4,0,0,1.2,3.86
150.67,2.12,0.64,0.29,0.18,2.96,7.35,furniture,standard,0.77,27.5,49.9,23.6,0,0,1.0,34.18
178.66,2.17,0.4,0.29,0.26,2.73,1.55,general,standard,0.73,30.8,31.3,20.8,1,1,1.0,53.04
76.84,1.41,0.71,0.46,0.32,2.12,0.3,hazmat,critical,0.79,32.9,53.7,25.1,0,1,1.4,18.08
233.63,1.6,0.19,0.61,0.51,3.03,4.85,perishable,high,0.94,29.8,14.3,8.5,1,0,1.2,26.45
200.03,2.28,0.47,0.12,0.21,9.28,10.0,furniture,standard,0.94,24.6,23.1,26.8,0,0,1.0,44.79
142.48,1.18,0.02,0.89,0.19,4.5,7.43,perishable,critical,0.69,32.5,1.4,0.9,1,2,1.2,11.52
67.59,1.92,0.19,0.75,0.36,4.76,3.34,perishable,critical,0.8,28.7,9.7,6.8,0,0,1.2,15.34
236.14,1.27,0.53,0.18,0.35,0.22,2.45,perishable,high,0.88,34.1,33.8,20.9,1,1,1.2,39.17
55.15,1.75,0.1,0.62,0.71,2.9,0.68,hazmat,low,0.77,32.5,5.4,4.3,0,0,1.4,20.75
155.74,1.46,0.21,0.22,0.25,5.67,1.65,furniture,standard,0.84,34.4,11.9,11.1,1,1,1.0,17.03
40.03,1.69,0.49,0.72,0.16,1.3,2.87,furniture,high,0.91,30.6,35.6,22.7,0,0,1.0,13.16
268.61,1.71,0.27,0.28,0.22,0.94,0.09,furniture,low,0.87,26.7,16.7,15.4,0,0,1.0,25.17
128.93,2.38,0.14,0.31,0.37,0.12,0.44,luxury,high,0.89,26.9,9.0,5.1,0,2,1.0,25.94
49.56,1.12,0.43,0.86,0.23,0.98,3.23,hazmat,standard,0.86,29.0,21.8,15.5,0,0,1.4,8.46
40.34,2.54,0.58,0.38,0.41,0.69,1.62,furniture,standard,0.65,29.0,44.3,27.8,1,0,1.0,32.05
219.4,1.85,0.63,0.85,0.32,12.48,1.58,hazmat,high,0.76,31.3,34.4,28.4,0,0,1.4,49.69
100.53,2.66,0.62,0.78,0.51,1.26,2.52,hazmat,high,0.98,28.9,34.8,30.8,1,0,1.4,71.2
17.8,1.66,0.19,0.39,0.21,6.56,0.96,general,standard,0.75,30.7,11.1,8.9,1,2,1.0,11.52
123.01,1.23,0.46,0.72,0.17,7.3,0.84,luxury,critical,0.75,30.4,22.6,22.8,0,0,1.0,11.16
308.89,1.71,0.46,0.11,0.61,3.35,0.7,medicine,high,0.81,27.2,27.6,19.0,0,0,1.2,38.47
96.08,2.22,0.03,0.62,0.33,5.24,3.68,hazmat,high,0.86,27.7,1.7,1.6,0,1,1.4,26.03
300.95,1.11,0.22,0.85,0.11,1.31,0.03,hazmat,critical,0.93,27.2,15.8,11.8,1,0,1.4,9.9
252.77,1.43,0.31,0.86,0.41,5.85,1.59,furniture,high,0.76,30.4,18.4,11.5,0,0,1.0,17.59
187.26,1.04,0.5,0.66,0.29,6.86,9.32,perishable,standard,0.89,31.2,28.9,22.6,0,0,1.2,10.99
72.57,2.54,0.13,0.42,0.46,1.8,11.09,hazmat,critical,0.76,34.1,7.0,6.6,0,1,1.4,35.04
189.84,1.92,0.13,0.97,0.21,7.59,0.94,perishable,standard,0.6,29.8,7.5,7.5,0,0,1.2,32.51
124.88,1.5,0.54,0.99,0.27,20.35,0.21,luxury,high,0.77,31.1,29.0,26.8,0,0,1.0,18.42
143.21,1.3,0.6,0.12,0.3,11.76,0.52,furniture,high,0.87,33.0,39.8,34.6,1,2,1.0,25.0
88.43,1.71,0.24,0.24,0.43,1.59,2.64,hazmat,standard,0.71,31.6,17.4,10.4,0,0,1.4,18.04
97.71,2.09,0.22,0.98,0.23,6.92,2.21,luxury,critical,0.91,29.0,13.4,10.6,0,0,1.0,19.48
162.92,2.23,0.19,0.99,0.14,0.96,3.59,general,critical,0.88,29.2,11.9,7.6,0,1,1.0,23.54
161.55,1.87,0.11,0.95,0.42,3.31,14.89,perishable,high,0.82,28.7,7.2,4.8,0,0,1.2,35.26
25.0,1.51,0.13,0.17,0.13,12.35,6.49,furniture,high,0.8,32.2,9.4,6.7,0,0,1.0,6.78
215.79,1.76,0.28,0.69,0.35,0.12,0.31,general,high,0.69,26.7,20.3,12.7,0,0,1.0,35.06
119.27,1.78,0.32,0.16,0.55,5.95,0.55,furniture,high,0.92,26.5,20.5,15.0,1,1,1.0,17.54
80.21,1.94,0.66,0.53,0.34,15.86,0.82,furniture,standard,0.78,30.0,51.1,29.0,0,0,1.0,21.55
230.41,1.83,0.29,0.98,0.46,2.32,1.15,luxury,standard,0.86,29.0,17.3,13.6,0,0,1.0,35.95
125.95,1.77,0.21,0.88,0.66,5.68,0.2,medicine,critical,0.82,27.3,11.0,10.9,0,1,1.2,20.58
115.91,1.53,0.37,0.21,0.29,0.61,7.31,medicine,standard,0.94,33.7,26.2,15.0,0,1,1.2,19.69
180.54,2.83,0.31,0.59,0.38,2.34,9.27,perishable,critical,0.81,23.6,23.0,11.4,0,1,1.2,56.29
108.12,2.15,0.12,0.23,0.25,6.89,3.17,furniture,critical,0.84,26.8,6.3,4.6,0,0,1.0,20.81
24.55,2.07,0.25,0.24,0.36,0.02,9.19,perishable,standard,0.63,27.5,16.9,12.3,1,0,1.2,17.42
67.88,1.78,0.56,0.21,0.35,1.5,8.9,furniture,high,0.92,29.1,28.8,23.4,0,0,1.0,12.98
230.22,1.56,0.68,0.19,0.79,2.68,1.44,perishable,high,0.78,28.8,37.6,27.3,0,0,1.2,21.93
53.0,1.51,0.13,0.28,0.22,5.29,2.38,furniture,critical,0.74,29.1,10.4,7.1,0,0,1.0,3.05
183.7,2.67,0.09,0.93,0.27,1.29,0.96,hazmat,standard,0.7,36.4,4.8,3.7,0,0,1.4,68.03
172.83,1.75,0.65,0.42,0.4,2.68,19.82,furniture,standard,0.87,30.7,34.0,27.7,1,0,1.0,35.19
197.57,1.65,0.03,0.87,0.35,2.91,3.5,furniture,high,0.72,29.2,2.3,1.5,0,0,1.0,15.49
130.13,2.15,0.08,0.13,0.23,1.34,5.42,medicine,high,0.6,27.8,4.1,3.2,0,1,1.2,30.14
64.01,2.08,0.54,0.63,0.26,6.78,12.51,perishable,critical,0.91,34.9,42.7,26.3,0,1,1.2,18.89
112.95,1.23,0.65,0.62,0.56,3.16,0.22,perishable,high,0.69,23.9,39.4,25.5,0,1,1.2,16.77
117.58,1.99,0.33,0.93,0.13,9.08,1.93,perishable,standard,0.79,30.1,17.6,15.6,0,0,1.2,18.97
251.14,2.37,0.13,0.22,0.31,1.21,1.89,furniture,high,0.76,36.5,7.8,5.6,0,0,1.0,40.87
203.84,1.34,0.44,0.78,0.09,3.5,2.52,general,low,0.76,35.6,24.1,22.1,0,1,1.0,21.12
74.99,1.93,0.0,0.81,0.17,15.75,1.15,medicine,low,0.68,33.7,0.0,0.0,0,0,1.2,17.79
192.91,1.53,0.01,0.57,0.51,0.49,1.04,furniture,critical,0.89,29.9,0.7,0.4,0,0,1.0,7.66
37.56,1.55,0.02,0.3,0.51,25.19,4.32,perishable,low,0.84,31.8,1.5,0.8,0,2,1.2,16.71
152.92,1.1,0.11,0.41,0.06,0.19,5.65,furniture,critical,0.8,33.1,6.4,5.5,1,0,1.0,3.34
138.8,1.24,0.6,0.58,0.18,1.46,0.89,furniture,critical,0.93,27.3,33.8,25.4,0,1,1.0,13.56
75.29,1.58,0.37,0.54,0.29,0.75,2.93,perishable,standard,0.78,31.2,28.9,18.7,0,0,1.2,16.98
40.26,2.44,0.28,0.73,0.66,4.72,0.17,furniture,standard,0.73,32.1,20.3,15.7,0,1,1.0,19.07
67.7,2.41,0.2,0.33,0.52,10.8,2.42,medicine,high,0.92,31.7,12.3,8.7,1,3,1.2,24.85
70.31,2.28,0.64,0.37,0.57,0.34,2.01,perishable,low,0.9,30.9,45.0,30.8,0,2,1.2,34.44
63.53,1.9,0.05,0.91,0.55,4.9,2.5,furniture,standard,0.82,32.9,3.3,2.1,0,1,1.0,12.5
182.75,2.46,0.61,0.77,0.35,9.6,0.34,medicine,high,0.91,36.6,42.2,34.5,0,1,1.2,56.72
24.09,1.64,0.5,0.42,0.49,3.3,2.46,general,standard,0.85,27.9,25.4,28.9,1,1,1.0,28.0
225.44,2.47,0.39,0.75,0.28,3.03,6.39,hazmat,standard,0.82,35.2,26.8,16.9,0,0,1.4,68.86
65.04,1.81,0.53,0.12,0.03,17.31,3.82,perishable,standard,0.7,32.8,40.4,23.7,0,1,1.2,26.31
164.55,1.73,0.22,0.42,0.3,8.48,2.49,perishable,standard,0.83,36.0,10.8,9.1,1,0,1.2,24.03
186.0,1.3,0.45,0.23,0.18,1.73,4.34,hazmat,high,0.85,29.4,35.5,18.0,0,1,1.4,23.82
220.75,2.18,0.19,0.36,0.38,14.08,0.4,perishable,low,0.64,30.3,14.6,8.5,1,1,1.2,66.99
187.82,1.94,0.42,0.61,0.19,5.63,0.13,furniture,low,0.68,33.4,30.5,16.0,0,0,1.0,27.5
87.18,1.73,0.4,0.68,0.12,11.16,9.23,perishable,high,0.77,29.1,26.0,19.5,0,0,1.2,17.3
77.34,1.47,0.06,0.97,0.1,4.91,14.56,general,high,0.68,33.2,4.2,2.6,0,1,1.0,10.6
184.89,1.96,0.25,0.65,0.45,3.56,7.12,hazmat,standard,0.64,34.2,13.1,13.4,1,0,1.4,43.76
202.1,2.07,0.32,0.37,0.1,1.33,1.71,furniture,standard,0.96,24.9,24.7,16.0,1,0,1.0,30.67
133.34,1.65,0.06,0.81,0.39,1.7,4.63,general,standard,0.84,26.3,3.4,2.4,0,0,1.0,9.77
59.06,2.42,0.28,0.45,0.2,1.02,1.4,luxury,high,0.8,28.7,19.5,12.9,0,0,1.0,13.69
134.13,1.5,0.88,0.21,0.32,5.4,0.27,perishable,low,0.82,31.5,52.6,32.8,0,0,1.2,34.41
162.19,1.7,0.35,0.65,0.11,0.74,2.0,hazmat,standard,0.79,25.9,22.5,12.6,0,1,1.4,34.58
57.11,1.73,0.32,0.59,0.31,10.56,0.07,hazmat,high,0.67,33.6,25.7,15.4,1,0,1.4,28.44
164.18,2.21,0.23,0.13,0.11,9.97,0.9,perishable,standard,0.78,31.3,15.8,11.0,0,0,1.2,33.76
96.94,1.9,0.27,0.27,0.21,0.12,0.15,perishable,standard,0.68,29.2,18.6,10.5,1,0,1.2,17.38
92.22,1.33,0.58,0.23,0.28,5.29,3.36,general,standard,0.87,29.2,43.6,28.6,0,0,1.0,7.08
149.04,1.78,0.59,0.49,0.28,4.94,4.76,general,standard,0.78,31.2,37.9,23.3,0,0,1.0,21.23
218.66,1.67,0.43,1.0,0.26,5.09,4.5,medicine,critical,0.87,33.7,30.5,22.1,0,0,1.2,22.63
190.89,1.45,0.16,0.78,0.25,6.07,1.59,furniture,standard,0.71,31.8,10.6,8.0,1,1,1.0,15.72
178.02,1.49,0.21,0.38,0.28,4.52,0.38,hazmat,standard,0.78,31.3,13.8,7.8,0,0,1.4,23.81
315.84,1.77,0.77,0.96,0.42,0.19,3.05,general,critical,0.63,23.6,50.7,41.4,0,0,1.0,37.44
222.13,1.5,0.09,0.58,0.48,6.12,0.14,general,high,0.89,24.7,6.2,4.6,0,0,1.0,14.93
151.36,1.87,0.31,0.86,0.04,0.53,1.39,general,critical,0.65,31.1,18.0,11.7,0,1,1.0,20.62
111.34,1.31,0.05,0.99,0.14,3.46,5.65,general,standard,0.76,32.1,4.0,2.4,0,1,1.0,8.59
201.29,1.29,0.16,0.83,0.42,12.99,4.11,medicine,high,0.67,27.2,8.8,5.9,1,1,1.2,19.22
179.43,1.76,0.41,0.85,0.14,0.39,0.34,luxury,high,0.93,33.6,31.5,16.7,0,0,1.0,22.51
50.78,2.54,0.57,0.96,0.43,7.38,16.06,furniture,standard,0.72,32.7,33.7,33.5,0,1,1.0,23.1
110.34,1.59,0.45,0.29,0.61,14.26,2.51,furniture,high,0.87,28.4,24.5,22.8,0,1,1.0,13.72
49.07,1.23,0.07,0.86,0.3,13.97,3.94,general,standard,0.71,31.2,4.5,3.8,1,1,1.0,9.95
59.48,1.61,0.4,0.25,0.44,1.99,7.67,luxury,critical,0.74,30.2,31.2,19.9,1,1,1.0,18.77
88.89,2.52,0.27,0.6,0.61,5.71,3.16,general,high,0.73,29.1,13.5,13.5,0,0,1.0,24.75
109.73,2.52,0.32,0.2,0.11,5.34,1.37,furniture,high,0.79,29.0,23.3,14.9,0,1,1.0,37.9
99.28,1.74,0.16,0.4,0.27,2.88,10.05,perishable,critical,0.59,30.7,7.9,8.7,1,1,1.2,16.92
93.62,1.78,0.13,0.23,0.84,2.97,6.41,general,high,0.79,33.4,9.9,7.0,0,1,1.0,22.31
153.12,2.75,0.5,0.85,0.08,10.5,6.11,perishable,low,0.78,29.9,39.8,28.7,0,1,1.2,62.78
140.0,1.38,0.43,0.65,0.14,2.54,0.74,medicine,high,0.83,25.3,26.2,25.1,0,0,1.2,13.85
240.16,2.01,0.02,0.28,0.23,22.92,10.08,medicine,standard,0.69,32.1,1.1,0.7,1,0,1.2,44.14
185.93,2.4,0.15,0.87,0.51,0.46,0.57,perishable,low,0.71,30.1,11.9,6.2,0,0,1.2,58.52
159.4,1.39,0.42,0.68,0.79,0.92,0.94,general,low,0.67,31.6,21.3,20.0,1,1,1.0,26.16
215.58,1.42,0.63,0.17,0.34,1.1,15.83,perishable,standard,0.85,32.0,36.3,27.8,0,0,1.2,22.5
68.12,1.16,0.5,0.38,0.32,1.37,4.19,general,high,0.98,28.5,31.8,25.3,0,0,1.0,7.54
184.52,1.62,0.01,0.22,0.09,0.79,8.0,hazmat,critical,0.9,31.2,0.7,0.5,0,1,1.4,19.82
91.73,1.95,0.32,0.18,0.46,14.62,2.72,medicine,high,0.78,29.5,19.5,18.2,1,1,1.2,23.28
227.23,2.14,0.49,0.71,0.5,0.23,2.32,furniture,critical,0.86,28.2,31.4,19.5,1,0,1.0,26.8
161.64,1.42,0.51,0.22,0.37,1.94,0.46,medicine,high,0.89,33.6,26.2,23.7,0,1,1.2,23.35
88.27,1.2,0.43,0.23,0.25,3.84,2.4,perishable,standard,0.91,26.2,32.2,21.6,0,2,1.2,19.33
247.46,1.9,0.22,0.8,0.54,0.58,3.89,perishable,high,0.65,25.1,14.8,12.9,1,0,1.2,39.97
185.94,2.08,0.2,0.93,0.0,0.83,9.24,luxury,standard,0.91,26.6,10.6,7.8,1,0,1.0,33.22
118.52,1.6,0.18,0.34,0.3,6.14,7.81,luxury,standard,0.65,30.5,14.1,6.5,1,0,1.0,17.21
294.59,1.54,0.65,0.95,0.36,7.47,6.13,medicine,standard,0.92,35.1,49.6,35.6,1,1,1.2,55.57
257.05,1.11,0.38,0.35,0.12,4.01,2.41,general,critical,0.87,30.8,28.6,20.4,0,0,1.0,7.52
134.36,1.7,0.68,0.43,0.26,1.24,0.44,furniture,standard,0.97,28.3,36.4,29.9,0,0,1.0,14.8
24.93,2.68,0.08,0.69,0.37,0.81,0.16,general,low,0.86,29.8,5.0,3.7,0,2,1.0,15.31
114.37,1.29,0.05,0.77,0.1,4.94,0.23,luxury,standard,0.86,27.6,2.5,1.8,0,0,1.0,2.33
188.57,1.3,0.58,0.99,0.57,1.12,2.32,furniture,standard,0.81,28.6,45.4,30.3,0,2,1.0,24.45
105.09,1.51,0.49,0.79,0.23,0.97,3.85,luxury,high,0.76,32.0,28.1,25.6,1,1,1.0,22.37
66.42,1.7,0.32,0.5,0.53,2.96,1.29,general,critical,0.72,34.0,22.9,17.2,0,0,1.0,10.15
152.84,1.1,0.23,0.2,0.19,2.12,0.54,perishable,critical,0.78,29.0,12.4,12.7,1,1,1.2,7.11
95.07,1.78,0.37,0.66,0.06,1.57,2.75,perishable,high,0.62,33.8,22.8,16.4,0,0,1.2,22.08
193.77,1.8,0.4,0.86,0.51,6.36,0.15,general,standard,0.6,28.8,22.7,14.5,1,0,1.0,28.43
31.04,1.33,0.57,0.85,0.19,17.9,2.98,medicine,high,0.84,35.5,28.2,32.1,0,0,1.2,18.37
240.41,1.38,0.1,0.75,0.67,4.3,1.36,general,high,0.94,32.9,6.8,4.3,0,0,1.0,6.82
207.56,1.65,0.22,0.78,0.41,6.52,16.26,luxury,standard,0.85,25.1,14.0,8.1,0,1,1.0,28.19
39.35,1.36,0.33,0.22,0.57,1.76,1.08,furniture,low,0.9,35.4,20.6,17.7,0,0,1.0,6.23
69.97,1.61,0.47,0.21,0.48,0.93,0.9,perishable,standard,0.92,26.8,27.5,17.8,1,1,1.2,21.22
119.42,2.03,0.34,0.62,0.46,0.96,0.33,hazmat,standard,0.62,25.8,22.5,15.1,1,2,1.4,45.57
235.43,2.0,0.42,0.16,0.24,3.7,3.3,luxury,low,0.94,32.1,26.6,23.2,0,1,1.0,38.85
92.9,1.51,0.37,0.26,0.48,3.47,7.0,furniture,critical,0.87,30.2,24.4,14.3,1,0,1.0,9.27
134.92,2.01,0.15,0.76,0.56,3.69,4.12,perishable,standard,0.89,30.3,10.8,8.4,0,0,1.2,29.16
197.25,1.64,0.6,0.12,0.29,11.92,6.71,perishable,standard,0.85,25.4,30.3,31.6,0,0,1.2,28.51
152.49,2.15,0.09,0.25,0.52,7.79,1.82,general,standard,0.69,31.2,4.8,4.2,0,2,1.0,29.45
119.12,1.8,0.32,0.81,0.33,2.18,2.4,general,low,0.81,27.9,17.1,18.6,0,1,1.0,24.63
69.79,1.64,0.25,0.93,0.13,4.5,13.8,luxury,high,0.74,33.8,16.6,14.9,1,0,1.0,11.52
186.12,2.24,0.42,0.33,0.61,6.46,1.71,perishable,standard,0.88,29.0,25.7,19.9,1,1,1.2,66.56
248.53,1.38,0.27,0.56,0.74,10.53,3.83,perishable,high,0.8,28.6,13.8,12.7,0,0,1.2,23.86
184.6,1.49,0.42,0.9,0.57,3.86,2.8,perishable,high,0.78,32.7,22.5,24.6,1,0,1.2,20.41
127.17,1.28,0.39,0.83,0.38,0.42,0.64,perishable,standard,0.85,32.7,25.2,19.7,1,2,1.2,26.09
175.23,1.36,0.6,0.87,0.39,15.12,7.79,general,standard,0.66,23.7,42.5,29.0,0,0,1.0,19.12
125.02,1.5,0.08,0.39,0.37,2.19,0.73,perishable,low,0.9,32.4,5.5,4.0,1,1,1.2,19.01
187.64,2.38,0.16,0.36,0.22,10.63,0.18,furniture,low,0.68,31.5,9.0,6.7,0,0,1.0,37.86
163.39,1.68,0.31,0.75,0.34,1.35,1.27,perishable,low,0.73,34.7,21.8,14.7,0,0,1.2,29.73
158.4,1.43,0.56,0.57,0.06,8.12,3.91,perishable,high,0.83,31.0,39.1,25.5,0,1,1.2,20.42
118.16,1.74,0.45,0.88,0.3,0.15,8.47,luxury,standard,0.74,31.0,29.9,23.3,1,0,1.0,31.7
147.56,1.38,0.03,0.77,0.33,7.51,1.18,general,standard,0.79,22.8,2.3,1.2,0,1,1.0,8.06
89.32,1.51,0.75,0.41,0.74,1.48,4.61,hazmat,standard,0.82,26.7,44.0,44.9,0,0,1.4,31.02
167.24,1.49,0.06,0.84,0.22,3.96,15.75,hazmat,low,0.61,31.2,4.1,2.8,0,2,1.4,35.21
118.84,1.85,0.68,0.93,0.6,1.6,1.88,perishable,standard,0.78,30.6,47.3,39.5,0,0,1.2,26.42
111.18,2.04,0.57,0.21,0.52,6.46,5.95,luxury,low,0.91,28.2,34.7,23.5,0,0,1.0,20.93
312.64,1.83,0.15,0.58,0.65,1.77,1.49,perishable,standard,0.7,25.6,9.6,8.2,1,1,1.2,39.7
26.64,1.97,0.29,0.61,0.21,9.2,2.05,general,high,0.85,31.8,18.4,16.6,0,0,1.0,8.78
170.41,2.08,0.13,0.15,0.53,1.45,5.16,general,critical,0.68,35.9,6.6,7.5,0,1,1.0,31.47
42.15,1.32,0.62,0.11,0.53,15.72,7.36,general,standard,0.86,34.2,36.9,31.9,0,2,1.0,15.31
133.01,1.33,0.36,0.26,0.11,1.57,0.68,perishable,standard,0.81,28.1,20.8,19.9,1,1,1.2,18.69
197.47,1.17,0.19,0.85,0.39,1.98,1.38,general,high,0.69,33.8,12.5,7.6,1,0,1.0,6.87
68.11,1.97,0.16,0.68,0.31,13.37,8.66,luxury,standard,0.78,25.9,12.5,7.8,1,0,1.0,20.22
36.12,1.54,0.35,0.26,0.24,3.66,7.03,general,low,0.9,31.8,27.3,19.1,0,0,1.0,8.1
176.27,1.42,0.24,0.65,0.4,2.47,0.86,medicine,high,0.83,33.3,13.0,9.8,1,0,1.2,19.18
76.74,2.14,0.12,0.67,0.51,1.38,2.36,medicine,standard,0.79,28.1,8.7,5.4,0,0,1.2,15.8
62.84,1.81,0.34,0.52,0.34,1.41,1.68,medicine,standard,0.91,27.0,21.2,19.8,0,2,1.2,16.51
109.49,1.25,0.42,0.57,0.71,14.28,2.24,general,high,0.73,35.3,22.3,15.3,0,0,1.0,13.52
284.78,2.69,0.44,0.72,0.1,1.34,3.33,hazmat,standard,0.8,28.4,33.8,22.6,1,0,1.4,114.09
116.8,1.78,0.72,0.91,0.13,9.42,0.53,hazmat,standard,0.72,29.9,57.2,29.6,0,0,1.4,37.97
101.33,1.91,0.84,0.87,0.52,1.35,2.22,general,high,0.98,32.7,44.2,29.6,0,0,1.0,19.63
105.71,1.9,0.45,0.74,0.25,25.34,4.9,general,high,0.75,23.5,24.3,26.0,1,2,1.0,26.81
60.38,1.1,0.17,0.87,0.35,3.08,0.89,furniture,standard,0.6,31.1,8.5,9.2,0,0,1.0,1.93
105.97,1.7,0.29,0.66,0.54,4.32,5.24,perishable,high,0.81,29.1,19.3,14.9,1,0,1.2,21.21
236.24,1.23,0.38,0.78,0.42,10.64,0.75,perishable,high,0.87,36.4,20.3,19.2,1,0,1.2,13.94
67.26,1.73,0.09,0.9,0.27,4.75,10.34,medicine,standard,0.96,28.5,6.6,5.3,0,2,1.2,23.73
72.11,1.4,0.42,0.89,0.38,5.74,6.47,furniture,standard,0.85,31.3,23.5,16.4,0,0,1.0,11.86
73.04,2.45,0.35,0.83,0.24,2.39,9.17,luxury,low,0.91,24.5,22.4,14.4,0,0,1.0,24.12
51.76,1.46,0.68,0.59,0.35,2.18,10.47,hazmat,low,0.87,32.3,46.7,38.6,0,1,1.4,27.25
233.53,1.94,0.09,0.27,0.14,8.08,1.28,general,standard,0.71,35.0,5.0,3.8,0,0,1.0,36.72
204.23,1.02,0.22,0.86,0.67,1.91,0.04,hazmat,standard,0.73,28.1,15.4,7.7,0,0,1.4,6.5
127.94,2.41,0.71,0.78,0.3,9.74,6.22,perishable,high,0.92,28.8,47.4,39.4,0,0,1.2,44.94
220.64,2.58,0.08,0.79,0.31,4.85,2.33,medicine,low,0.83,25.1,5.2,4.2,0,0,1.2,53.04
92.21,2.02,0.56,0.21,0.51,1.53,9.54,general,standard,0.95,35.5,44.5,27.1,0,1,1.0,22.55
112.62,1.04,0.65,0.87,0.21,0.97,0.66,general,standard,0.66,29.3,35.9,31.7,0,0,1.0,5.27
168.57,2.2,0.25,0.82,0.33,10.49,6.68,perishable,standard,0.62,30.9,17.0,13.6,0,0,1.2,38.64
125.76,2.73,0.17,0.46,0.33,24.68,5.21,general,critical,0.88,30.5,11.5,8.8,0,0,1.0,33.2
197.39,1.38,0.15,0.53,0.39,4.07,3.76,furniture,high,0.8,34.9,11.1,6.2,0,1,1.0,14.43
220.84,2.12,0.4,0.96,0.59,1.47,1.49,general,critical,0.59,33.2,28.1,21.0,1,0,1.0,45.21
45.62,1.21,0.2,0.14,0.69,1.48,8.6,general,high,0.8,29.0,11.5,11.8,1,0,1.0,8.51
247.9,1.11,0.41,0.22,0.41,18.36,14.21,perishable,high,0.95,33.0,31.5,21.3,0,0,1.2,19.58
143.27,1.52,0.66,0.84,0.49,3.24,4.1,perishable,low,0.71,33.3,47.6,24.2,0,0,1.2,25.9
95.0,1.15,0.59,0.65,0.11,8.56,0.45,hazmat,high,0.91,27.7,41.4,30.3,0,0,1.4,17.6
125.87,1.58,0.17,0.15,0.34,7.47,2.75,perishable,low,0.68,35.4,11.1,8.5,0,3,1.2,26.0
174.79,1.79,0.53,0.73,0.16,2.03,1.42,medicine,standard,0.89,28.0,26.4,20.9,0,1,1.2,38.0
94.65,1.5,0.11,0.45,0.35,5.69,1.02,perishable,high,0.92,29.5,7.3,6.0,0,1,1.2,15.55
186.39,1.17,0.47,0.51,0.66,7.42,6.64,luxury,low,0.95,28.7,25.0,21.0,1,1,1.0,17.23
107.3,1.82,0.29,0.3,0.32,7.75,7.19,luxury,low,0.74,34.4,16.5,14.2,1,0,1.0,27.34
275.91,1.5,0.62,0.26,0.73,14.7,1.52,perishable,high,0.85,34.8,48.9,26.6,1,1,1.2,27.94
85.84,1.49,0.25,0.48,0.37,3.92,2.76,general,standard,0.92,32.1,17.6,8.8,0,1,1.0,16.49
124.51,1.81,0.13,0.63,0.05,1.11,2.68,perishable,critical,0.77,30.5,8.9,5.7,0,3,1.2,30.38
233.29,1.5,0.58,0.29,0.47,1.06,3.17,furniture,standard,0.76,31.6,36.0,23.1,0,1,1.0,27.44
214.02,1.23,0.05,0.51,0.35,5.08,3.47,general,standard,0.85,29.0,3.3,2.0,0,1,1.0,7.35
122.49,1.78,0.61,0.63,0.3,8.78,2.56,luxury,low,0.74,29.8,30.4,35.6,0,0,1.0,28.13
259.75,1.18,0.21,0.53,0.44,1.35,3.68,general,high,0.73,29.0,14.3,9.9,0,1,1.0,13.24
42.76,1.48,0.14,0.52,0.5,9.33,7.27,general,high,0.97,31.6,8.6,6.9,0,0,1.0,7.42
148.17,1.27,0.15,0.36,0.22,19.42,2.55,perishable,high,0.75,26.7,11.5,5.7,0,0,1.2,13.66
111.74,2.15,0.42,0.2,0.57,24.23,2.51,hazmat,low,0.89,34.9,27.5,18.4,0,1,1.4,44.5
126.01,1.8,0.39,0.96,0.25,10.37,1.15,general,low,0.92,32.6,30.7,23.1,0,1,1.0,24.52
90.57,1.65,0.32,0.91,0.61,0.04,2.51,medicine,critical,0.71,31.0,18.4,17.6,0,0,1.2,18.93
138.11,2.19,0.11,0.94,0.62,0.04,6.1,medicine,critical,0.95,32.6,7.1,5.0,1,0,1.2,24.98
54.32,1.82,0.19,0.59,0.13,14.05,9.06,general,standard,0.8,27.1,14.2,9.0,0,0,1.0,12.1
141.46,2.31,0.54,0.34,0.4,0.58,0.68,general,critical,0.96,27.8,37.8,21.8,1,1,1.0,41.7
115.77,1.42,0.47,0.4,0.17,1.57,2.03,general,high,0.7,32.4,30.9,23.7,1,1,1.0,16.96
150.02,2.14,0.29,0.64,0.28,10.93,7.51,medicine,low,0.88,33.3,21.2,13.4,1,0,1.2,30.76
128.82,1.31,0.27,0.74,0.17,2.53,9.3,medicine,critical,0.83,32.4,17.2,13.9,0,0,1.2,11.89
99.97,1.49,0.3,0.68,0.25,1.66,0.0,furniture,standard,0.87,36.4,19.6,12.0,0,0,1.0,12.71
63.93,1.76,0.41,0.26,0.41,0.89,0.31,furniture,low,0.58,33.8,24.4,16.4,0,0,1.0,19.11
171.01,2.6,0.16,0.9,0.53,10.34,2.12,medicine,critical,0.94,33.2,12.4,7.8,1,1,1.2,25.05
114.68,2.51,0.2,0.65,0.62,3.83,0.55,general,low,0.88,31.5,11.8,9.1,0,1,1.0,35.83
191.45,1.5,0.68,0.88,0.45,1.51,4.37,luxury,standard,0.88,31.6,49.3,26.9,0,1,1.0,18.58
96.04,1.09,0.59,0.66,0.31,3.88,8.05,perishable,high,0.8,29.5,40.4,31.4,0,0,1.2,8.49
69.93,1.74,0.46,0.46,0.28,13.81,6.11,general,standard,0.77,32.3,32.4,26.7,0,0,1.0,14.46
45.99,1.65,0.06,0.18,0.34,0.42,0.89,general,standard,0.93,26.6,4.4,2.8,0,0,1.0,7.56
103.52,2.67,0.21,0.37,0.62,3.99,10.87,general,high,0.79,35.6,11.8,10.9,1,0,1.0,28.08
258.15,1.25,0.3,0.27,0.17,4.73,0.29,perishable,low,0.67,32.4,21.1,14.4,0,0,1.2,18.85
46.11,1.46,0.62,0.97,0.34,0.66,1.74,hazmat,high,0.99,34.8,43.0,27.2,0,0,1.4,22.21
67.28,2.23,0.21,0.46,0.49,5.66,0.41,general,high,0.74,31.2,12.0,7.8,0,0,1.0,15.28
120.61,1.13,0.41,0.91,0.47,7.07,3.2,general,standard,0.88,27.8,26.2,23.2,0,0,1.0,8.29
103.06,2.1,0.32,0.4,0.43,6.92,0.45,general,critical,0.92,26.4,18.0,13.5,0,0,1.0,16.57
137.76,2.23,0.28,0.21,0.15,0.94,5.92,perishable,standard,0.83,31.2,21.5,10.4,0,1,1.2,34.75
166.15,1.28,0.6,0.83,0.55,5.07,5.42,medicine,standard,0.82,35.3,44.4,23.2,0,1,1.2,24.02
256.86,2.63,0.77,0.52,0.28,4.38,10.93,general,standard,0.66,24.7,43.7,39.3,1,0,1.0,84.57
91.21,1.12,0.17,0.87,0.14,1.37,0.59,furniture,high,0.79,29.9,11.9,6.7,0,1,1.0,5.75
267.48,1.85,0.46,0.61,0.28,0.07,3.82,medicine,low,0.91,29.2,30.7,17.8,0,0,1.2,42.25
233.54,2.58,0.21,0.19,0.38,16.02,2.85,perishable,standard,0.92,27.9,13.2,7.9,0,1,1.2,55.63
106.74,1.28,0.42,0.13,0.5,8.12,1.44,furniture,standard,0.7,32.7,33.6,15.8,1,0,1.0,17.84
231.09,1.23,0.44,0.24,0.09,6.07,10.9,general,standard,0.98,29.6,29.9,22.0,0,0,1.0,17.37
74.18,1.31,0.42,0.39,0.47,1.94,9.95,perishable,standard,0.97,28.8,20.9,21.3,0,0,1.2,12.46
50.21,2.28,0.21,0.47,0.2,3.17,7.19,hazmat,standard,0.67,33.8,12.5,8.3,1,0,1.4,25.15
58.95,2.14,0.05,0.88,0.2,4.52,7.89,medicine,standard,0.75,29.0,3.7,1.8,1,0,1.2,16.92
117.76,1.87,0.11,0.89,0.58,0.24,2.04,medicine,standard,0.74,29.7,7.9,5.3,1,2,1.2,28.19
21.99,1.69,0.72,0.51,0.41,3.7,0.62,perishable,standard,0.76,30.3,45.1,37.7,0,0,1.2,19.97
59.95,2.21,0.04,0.69,0.06,2.84,6.26,perishable,high,0.83,33.0,3.0,1.7,0,0,1.2,13.6
35.3,1.52,0.16,0.22,0.29,2.35,1.68,general,standard,0.92,30.7,8.4,5.6,1,0,1.0,4.18
271.85,1.24,0.37,0.96,0.19,4.3,0.27,medicine,standard,0.81,28.1,25.1,20.3,0,1,1.2,12.89
95.44,1.45,0.14,0.4,0.11,1.65,6.1,medicine,standard,0.8,26.7,9.8,6.2,0,2,1.2,17.74
203.38,2.02,0.1,0.68,0.53,1.19,0.54,medicine,critical,0.9,31.6,5.3,5.6,0,0,1.2,32.0
94.97,1.69,0.24,0.6,0.78,8.23,7.23,furniture,high,0.78,31.0,16.2,12.9,0,0,1.0,17.74
122.84,1.2,0.5,0.79,0.22,1.28,0.85,general,critical,0.81,27.8,36.3,25.6,0,1,1.0,7.81
38.98,1.7,0.74,0.99,0.34,1.13,1.72,general,high,0.73,28.6,43.5,26.3,1,0,1.0,22.96
84.07,2.02,0.42,0.49,0.27,1.03,3.97,perishable,high,0.78,31.3,23.7,15.0,0,1,1.2,25.2
146.53,2.92,0.62,0.37,0.03,4.63,0.86,luxury,high,0.93,32.4,37.9,28.9,0,0,1.0,31.6
39.53,1.65,0.12,0.19,0.38,3.34,2.11,hazmat,high,0.79,30.3,9.6,5.7,0,0,1.4,14.95
87.67,2.09,0.75,0.81,0.83,3.86,0.42,general,low,0.78,27.5,58.2,31.9,0,0,1.0,30.72
140.41,2.3,0.36,0.38,0.26,4.24,0.56,hazmat,standard,0.96,33.4,24.8,19.5,0,2,1.4,47.13
64.68,1.62,0.3,0.5,0.8,0.65,6.15,medicine,low,0.76,35.0,23.3,14.5,0,2,1.2,23.04
250.33,2.34,0.36,0.96,0.15,3.01,4.84,luxury,standard,0.85,24.9,20.9,17.8,0,0,1.0,44.62
118.66,1.12,0.44,0.95,0.12,5.41,3.3,luxury,low,0.94,33.2,26.9,23.0,0,0,1.0,10.19
171.77,1.4,0.47,0.72,0.44,0.93,6.68,perishable,standard,0.87,31.4,32.1,22.2,0,0,1.2,23.26
114.45,2.15,0.09,0.19,0.14,1.71,9.34,perishable,high,0.78,29.3,4.6,3.2,1,0,1.2,24.63
169.94,1.45,0.45,0.5,0.62,1.82,4.43,general,standard,0.79,32.8,27.3,19.6,1,2,1.0,35.29
90.5,2.05,0.24,0.92,0.3,6.16,10.66,medicine,high,0.89,27.6,16.9,10.4,0,0,1.2,16.89
50.3,2.61,0.34,0.55,0.35,0.25,0.42,furniture,standard,0.85,25.8,27.1,16.6,1,1,1.0,28.77
57.49,1.13,0.42,0.99,0.24,8.33,1.59,general,standard,0.77,30.3,26.6,18.0,0,0,1.0,8.67
166.41,1.79,0.37,0.27,0.01,5.6,3.86,hazmat,low,0.77,32.6,29.1,19.3,1,0,1.4,46.11
118.83,1.39,0.03,0.64,0.5,1.57,1.22,perishable,critical,0.83,28.3,1.8,1.6,0,0,1.2,3.36
77.59,1.28,0.14,0.27,0.11,5.62,4.14,furniture,standard,0.86,30.9,10.2,8.3,1,0,1.0,8.04
59.01,2.24,0.38,0.82,0.27,6.25,10.27,general,high,0.95,33.9,28.1,19.6,0,1,1.0,14.99
107.27,1.95,0.45,0.93,0.29,2.53,1.19,medicine,standard,0.72,28.0,32.9,23.2,0,0,1.2,29.1
139.11,1.58,0.13,0.16,0.16,1.15,4.08,medicine,low,0.9,30.4,8.9,7.5,0,0,1.2,23.36
178.45,1.24,0.35,0.48,0.29,11.94,7.45,perishable,standard,0.74,23.6,25.3,14.2,1,0,1.2,36.48
177.82,1.48,0.21,0.13,0.39,8.19,3.04,perishable,high,0.77,29.5,12.6,8.2,0,0,1.2,18.89
224.43,1.65,0.32,0.16,0.45,4.0,12.52,general,standard,0.92,32.2,18.8,15.8,1,0,1.0,22.89
32.17,1.58,0.34,0.43,0.44,0.47,1.12,perishable,standard,0.87,35.5,24.3,18.2,1,0,1.2,12.54
159.92,1.54,0.32,0.62,0.22,1.55,1.71,perishable,high,0.81,32.6,21.2,12.5,0,1,1.2,22.14
108.01,1.44,0.47,0.87,0.59,3.78,0.13,perishable,standard,0.73,27.2,29.0,25.0,0,1,1.2,12.78
137.66,1.48,0.64,0.95,0.3,2.94,0.79,perishable,low,0.74,33.2,35.5,37.1,0,0,1.2,26.05
97.34,2.25,0.61,0.34,0.77,5.84,0.72,perishable,high,0.76,25.4,35.7,23.2,0,0,1.2,27.01
42.24,1.69,0.04,0.3,0.15,15.57,5.24,medicine,critical,0.94,24.2,2.4,1.7,0,1,1.2,8.1
83.42,1.54,0.58,0.24,0.74,4.45,3.55,hazmat,standard,0.75,28.1,41.2,26.8,0,0,1.4,25.33
112.87,1.16,0.2,0.12,0.77,1.59,10.4,general,critical,0.86,27.5,10.4,10.1,0,0,1.0,4.72
138.27,1.68,0.31,0.58,0.22,1.58,0.13,perishable,low,0.95,28.0,19.5,17.6,1,1,1.2,25.09
157.4,1.96,0.59,0.58,0.22,14.18,4.25,medicine,high,0.65,30.7,34.6,30.0,0,1,1.2,38.12
59.25,2.55,0.27,0.18,0.33,2.78,0.3,perishable,standard,0.87,33.9,19.5,14.9,0,0,1.2,18.33
133.57,2.32,0.13,0.12,0.06,3.36,2.39,medicine,standard,0.83,30.5,7.5,5.2,0,0,1.2,30.96
169.08,2.7,0.27,0.44,0.39,0.85,3.23,luxury,standard,0.85,31.1,17.0,12.8,1,0,1.0,48.16
148.08,1.23,0.47,0.17,0.4,2.43,3.42,general,low,0.93,31.1,33.2,21.8,0,1,1.0,12.61
21.09,1.99,0.52,0.15,0.02,2.54,1.13,luxury,critical,0.96,29.7,38.4,25.1,0,0,1.0,6.69
135.93,2.8,0.35,0.54,0.11,12.48,3.47,perishable,standard,0.79,34.0,19.0,15.4,0,0,1.2,62.03
90.62,1.37,0.27,0.83,0.45,7.51,4.16,hazmat,standard,0.84,31.4,15.8,9.5,0,0,1.4,14.31
90.35,2.09,0.38,0.7,0.21,1.5,12.45,general,standard,0.75,29.4,22.1,14.2,0,0,1.0,23.79
216.35,2.16,0.31,0.24,0.18,6.01,5.96,perishable,high,0.6,32.0,23.6,17.4,0,1,1.2,43.51
191.3,1.94,0.3,0.69,0.26,1.68,3.73,general,high,0.86,25.9,20.4,14.6,0,0,1.0,24.25
93.84,1.15,0.33,0.42,0.23,0.54,0.25,medicine,critical,0.95,31.4,19.1,16.7,0,1,1.2,9.49
107.89,1.9,0.37,0.18,0.52,8.66,9.55,furniture,standard,0.8,30.4,18.9,16.3,0,0,1.0,17.9
63.93,2.05,0.37,0.43,0.06,2.65,0.7,perishable,low,0.86,33.1,24.4,15.4,0,0,1.2,27.02
41.49,1.81,0.04,0.88,0.34,0.01,0.89,hazmat,high,0.64,24.5,2.9,1.8,1,0,1.4,14.53
201.92,1.47,0.45,0.28,0.73,1.67,4.87,general,standard,0.86,29.7,31.1,22.4,0,0,1.0,19.68
240.98,2.56,0.15,0.54,0.36,7.75,4.57,perishable,critical,0.72,27.1,11.8,5.3,0,1,1.2,60.95
231.76,1.86,0.49,0.42,0.43,1.02,6.46,general,standard,0.88,26.8,30.7,25.5,0,0,1.0,38.62
291.24,1.55,0.4,0.82,0.39,4.2,3.12,medicine,high,0.67,31.0,25.1,22.0,0,0,1.2,26.38
170.0,1.65,0.51,0.64,0.57,5.53,3.12,perishable,high,0.86,29.3,39.4,22.7,1,2,1.2,41.97
111.04,1.25,0.13,0.47,0.07,5.77,1.53,furniture,standard,0.89,32.7,7.6,5.6,0,0,1.0,5.47
155.68,1.45,0.19,0.49,0.61,0.04,6.66,hazmat,standard,0.98,33.7,10.6,8.9,1,1,1.4,18.89
144.78,1.73,0.72,0.91,0.44,3.24,3.35,general,standard,0.83,30.3,56.2,28.2,1,0,1.0,32.96
170.44,1.56,0.13,0.33,0.21,2.11,4.83,hazmat,high,0.76,25.1,6.9,6.2,0,1,1.4,29.97
128.4,2.06,0.19,0.18,0.47,4.11,1.49,perishable,high,0.8,30.5,11.1,8.9,1,0,1.2,19.22
135.05,1.16,0.42,0.87,0.17,0.92,1.93,perishable,standard,0.82,32.2,33.5,17.5,0,0,1.2,10.78
178.56,2.27,0.23,0.53,0.52,0.77,0.26,perishable,standard,0.65,27.4,13.9,13.5,0,0,1.2,48.34
66.61,1.25,0.39,0.14,0.26,7.66,0.28,general,critical,0.81,27.0,30.9,20.4,0,0,1.0,5.7
193.98,2.16,0.08,0.91,0.43,2.22,0.43,general,standard,0.79,29.7,5.6,3.1,0,2,1.0,35.66
172.16,1.43,0.16,0.67,0.31,0.24,1.23,medicine,low,0.78,32.3,10.5,7.3,0,2,1.2,31.96
28.32,1.17,0.46,0.33,0.03,14.03,1.8,general,standard,0.67,28.2,32.7,23.6,1,1,1.0,19.63
170.49,1.59,0.62,0.73,0.39,5.96,1.34,luxury,critical,0.91,35.3,46.5,35.0,0,0,1.0,16.48
241.29,1.96,0.3,0.34,0.34,18.54,7.79,general,critical,0.72,33.1,21.6,11.5,0,2,1.0,34.3
71.91,1.81,0.1,0.45,0.52,0.12,1.18,perishable,standard,0.85,29.8,7.9,4.6,1,0,1.2,17.69
193.97,1.8,0.77,0.42,0.52,3.03,1.21,general,standard,0.8,31.1,47.9,42.5,0,0,1.0,28.1
256.17,2.22,0.36,0.77,0.17,3.61,11.44,furniture,critical,0.92,30.7,17.8,14.4,1,0,1.0,37.25
152.04,1.34,0.71,0.2,0.15,2.62,1.51,general,standard,0.93,35.7,45.5,40.7,1,0,1.0,19.42
175.93,2.1,0.18,0.35,0.13,1.77,0.41,luxury,standard,0.92,33.3,11.7,9.7,0,1,1.0,31.09
53.53,2.62,0.16,0.91,0.15,0.32,0.89,medicine,high,0.79,27.7,10.0,7.3,1,0,1.2,23.01
190.81,1.8,0.59,0.9,0.43,1.1,2.16,general,low,0.86,25.5,44.0,29.2,1,2,1.0,53.1
151.1,2.04,0.2,0.97,0.53,4.74,3.33,medicine,low,0.77,32.9,11.1,11.5,0,1,1.2,47.83
212.26,1.36,0.42,0.12,0.21,0.51,10.51,general,high,0.64,28.6,20.7,19.0,0,0,1.0,17.05
210.76,1.7,0.34,0.2,0.55,1.35,1.28,perishable,standard,0.88,26.7,17.4,12.3,0,0,1.2,22.82
159.0,2.13,0.38,0.97,0.19,0.67,6.43,perishable,standard,0.9,26.1,19.1,17.2,1,0,1.2,39.16
151.34,2.12,0.19,0.36,0.26,5.13,2.05,hazmat,low,0.55,33.5,13.6,8.9,1,1,1.4,41.63
99.39,1.64,0.34,0.75,0.17,7.99,1.73,general,standard,0.84,31.5,27.2,19.1,0,0,1.0,9.32
136.65,1.4,0.42,0.95,0.4,2.43,0.14,medicine,standard,0.8,27.8,28.4,19.2,1,1,1.2,42.07
242.01,2.54,0.18,0.85,0.62,6.58,0.14,general,low,0.81,26.6,11.9,9.6,0,0,1.0,62.74
139.31,2.73,0.28,0.45,0.16,1.84,1.02,general,standard,0.76,34.2,15.4,9.8,1,0,1.0,36.9
247.42,1.74,0.37,0.66,0.58,3.66,4.11,perishable,high,0.74,33.2,28.6,13.0,0,0,1.2,27.79
239.11,1.81,0.38,0.48,0.06,3.53,0.77,hazmat,high,0.79,30.1,22.7,18.3,0,0,1.4,38.23
83.34,1.34,0.37,0.38,0.45,5.12,6.9,furniture,high,0.96,30.2,27.5,16.7,1,0,1.0,14.68
126.22,1.62,0.43,0.77,0.44,12.19,11.1,general,standard,0.78,29.6,30.7,20.2,1,0,1.0,26.25
85.92,1.59,0.29,0.98,0.48,2.46,7.99,perishable,standard,0.8,31.7,19.8,11.1,1,1,1.2,17.26
222.64,1.7,0.68,0.51,0.11,8.86,2.38,perishable,standard,0.7,25.4,42.2,38.6,1,1,1.2,47.67
144.2,1.12,0.04,0.6,0.39,0.27,3.7,perishable,standard,0.82,29.4,2.2,2.1,1,3,1.2,14.66
145.55,1.97,0.2,0.49,0.27,7.36,0.39,luxury,high,0.66,34.2,15.4,8.7,0,0,1.0,21.78
192.09,1.65,0.48,0.98,0.7,0.62,8.25,furniture,standard,0.81,33.0,24.5,24.9,0,0,1.0,24.96
287.31,1.53,0.28,0.75,0.46,5.34,5.26,general,standard,0.76,29.6,16.8,12.2,1,1,1.0,25.72
282.07,1.08,0.09,0.55,0.68,2.91,4.85,general,standard,0.88,26.0,6.3,3.7,0,1,1.0,7.71
124.6,1.2,0.69,0.78,0.72,4.79,3.17,luxury,standard,0.81,35.7,40.0,26.0,0,3,1.0,18.95
250.11,2.83,0.12,0.23,0.66,5.9,2.76,furniture,critical,0.86,27.1,7.2,6.3,1,0,1.0,43.35
204.4,1.15,0.05,0.13,0.56,11.89,2.3,perishable,standard,0.84,33.3,3.9,2.9,1,0,1.2,5.98
193.21,2.3,0.15,0.56,0.23,1.71,1.16,furniture,low,0.66,28.8,11.4,6.1,0,0,1.0,43.59
302.13,2.47,0.17,0.72,0.28,1.6,1.75,perishable,standard,0.94,33.3,11.8,10.1,1,1,1.2,79.23
65.37,1.88,0.17,0.19,0.2,8.04,7.16,general,standard,0.96,27.0,8.5,7.2,0,0,1.0,10.11
112.69,2.32,0.18,0.34,0.36,16.02,5.13,medicine,standard,0.86,28.2,11.8,8.8,0,0,1.2,26.0
240.87,2.0,0.55,0.98,0.04,1.93,3.26,hazmat,high,0.84,28.5,31.8,26.5,1,0,1.4,74.68
112.52,1.42,0.18,0.26,0.51,1.35,3.79,furniture,standard,0.97,24.9,11.1,9.9,0,0,1.0,3.93
174.55,1.33,0.49,0.25,0.46,1.59,1.68,perishable,low,0.85,32.8,37.0,26.4,0,0,1.2,19.9
93.31,1.96,0.61,0.44,0.39,17.16,2.09,perishable,standard,0.98,33.5,48.4,35.6,0,0,1.2,34.69
111.69,1.43,0.06,1.0,0.17,21.32,6.64,perishable,high,0.88,34.1,3.8,2.4,0,0,1.2,13.99
189.54,1.63,0.37,0.38,0.48,3.58,8.36,hazmat,standard,0.93,32.6,23.4,19.0,1,0,1.4,30.67
198.55,2.39,0.3,0.28,0.12,9.34,0.01,medicine,standard,0.95,29.2,23.5,17.0,0,0,1.2,40.06
105.0,1.35,0.7,0.26,0.49,9.16,2.52,general,high,0.97,30.9,49.3,29.9,0,1,1.0,8.43
195.31,2.06,0.06,0.81,0.23,4.17,0.3,medicine,low,0.74,26.1,3.8,2.1,0,0,1.2,36.44
124.6,2.46,0.4,0.85,0.5,10.61,2.29,medicine,low,0.93,26.3,22.2,14.8,0,0,1.2,38.2
194.39,1.4,0.35,0.74,0.37,6.86,0.75,perishable,critical,0.91,34.1,26.9,18.9,0,0,1.2,14.2
145.9,1.83,0.12,0.89,0.25,8.37,5.69,medicine,critical,0.79,34.6,7.3,4.6,0,1,1.2,27.35
167.6,2.25,0.36,0.91,0.34,8.27,4.0,general,low,0.91,26.6,25.5,17.0,1,1,1.0,41.39
136.51,1.05,0.47,0.81,0.61,7.22,8.17,furniture,high,0.86,29.7,29.2,21.5,0,0,1.0,11.34
48.45,1.56,0.19,0.68,0.23,0.99,5.29,perishable,low,0.96,29.2,12.7,8.0,1,0,1.2,16.57
120.04,1.26,0.49,0.79,0.4,4.0,14.39,general,high,0.77,32.1,34.0,23.1,1,1,1.0,22.85
162.06,1.39,0.69,0.96,0.43,5.86,1.45,luxury,critical,0.91,30.4,47.8,34.1,0,0,1.0,8.86
128.28,2.44,0.08,0.74,0.41,4.64,1.15,perishable,high,0.57,27.7,6.2,4.4,1,0,1.2,37.38
277.9,1.83,0.14,0.77,0.07,5.9,21.12,medicine,standard,0.98,30.0,8.3,7.9,1,0,1.2,41.58
201.21,1.79,0.44,0.41,0.19,1.52,10.97,general,low,0.84,25.7,24.8,25.3,0,0,1.0,25.15
161.77,2.8,0.2,0.53,0.87,0.23,3.49,general,standard,0.89,27.1,10.9,9.8,0,0,1.0,25.36
162.02,2.11,0.29,0.97,0.49,6.61,2.11,general,low,0.79,26.3,18.0,15.8,1,0,1.0,41.99
37.24,1.5,0.7,0.9,0.47,19.49,1.73,general,low,0.83,29.2,51.5,28.3,0,0,1.0,18.06
166.99,2.23,0.8,0.23,0.18,3.83,1.18,hazmat,high,0.82,31.2,57.4,44.6,0,0,1.4,49.5
192.15,1.62,0.08,0.19,0.08,0.12,4.45,medicine,high,0.73,35.4,5.9,3.5,1,0,1.2,19.84
93.31,2.36,0.08,0.51,0.15,5.49,2.91,luxury,critical,0.91,32.0,4.2,3.7,1,1,1.0,23.51
93.61,2.0,0.57,0.26,0.43,5.69,0.16,furniture,standard,0.98,35.6,28.2,29.8,0,0,1.0,19.79
61.83,2.7,0.23,0.96,0.22,6.5,3.71,perishable,standard,0.94,27.9,18.3,13.6,0,1,1.2,32.93
73.91,1.06,0.58,0.78,0.09,0.04,0.67,perishable,critical,0.8,29.9,33.9,33.3,0,1,1.2,11.13
329.85,1.15,0.58,0.86,0.51,2.64,4.58,medicine,standard,0.93,32.2,35.6,26.0,0,0,1.2,20.92
205.8,1.32,0.33,0.69,0.25,1.16,2.95,perishable,low,0.9,27.8,25.2,17.2,0,0,1.2,21.32
167.49,1.98,0.23,0.81,0.23,1.48,2.66,furniture,low,0.96,34.9,16.7,11.3,0,2,1.0,29.4
169.52,1.01,0.08,0.3,0.41,1.38,0.35,hazmat,standard,0.86,28.9,5.4,3.4,0,0,1.4,0.0
273.33,1.28,0.5,0.99,0.28,0.82,1.15,general,standard,0.75,28.4,38.1,17.7,0,1,1.0,18.0
226.92,1.02,0.12,0.63,0.73,0.38,0.14,furniture,high,0.53,34.2,9.0,5.7,0,1,1.0,0.94
35.39,1.67,0.39,0.4,0.48,1.37,6.76,perishable,standard,0.58,32.0,27.6,14.9,0,0,1.2,20.31
82.09,1.05,0.27,0.99,0.23,0.14,1.38,perishable,high,0.94,26.6,21.3,15.0,0,0,1.2,11.68
177.76,2.24,0.58,0.12,0.59,5.01,3.76,furniture,standard,0.71,28.9,43.3,24.3,0,0,1.0,41.93
152.79,1.01,0.39,0.72,0.06,0.83,0.75,perishable,critical,0.78,30.1,25.5,21.2,0,0,1.2,1.64
149.34,1.35,0.29,0.85,0.33,1.43,3.74,furniture,standard,0.71,35.4,17.7,12.4,0,0,1.0,16.2
55.4,1.6,0.08,0.18,0.7,0.53,13.52,hazmat,critical,0.94,31.8,5.3,2.9,1,1,1.4,16.96
122.04,1.82,0.04,0.83,0.5,4.11,1.19,general,low,0.77,34.7,2.1,1.7,1,2,1.0,28.1
189.97,2.63,0.16,0.73,0.18,4.32,0.29,general,standard,0.92,30.8,10.4,8.3,0,0,1.0,41.15
95.05,2.53,0.11,0.37,0.1,13.2,3.77,perishable,standard,0.83,27.7,5.7,4.5,0,0,1.2,27.0
49.49,2.1,0.17,0.2,0.12,4.09,0.92,medicine,standard,0.9,25.8,12.8,6.1,0,0,1.2,11.98
209.88,1.89,0.65,0.8,0.26,1.58,2.98,medicine,low,0.94,27.3,48.6,25.1,1,0,1.2,53.45
47.69,1.84,0.31,0.93,0.18,1.77,2.75,general,standard,0.78,25.4,23.4,16.1,1,1,1.0,17.15
201.1,1.53,0.56,0.49,0.17,0.19,0.43,luxury,high,0.76,32.0,37.0,33.1,0,0,1.0,18.77
137.56,1.29,0.67,0.61,0.47,7.35,4.11,luxury,high,0.73,26.2,43.9,31.1,0,0,1.0,9.08
131.44,2.26,0.05,0.46,0.23,5.22,12.91,general,standard,0.74,28.2,3.4,2.3,0,1,1.0,36.22
198.87,1.69,0.7,0.79,0.13,1.37,3.68,medicine,standard,0.77,29.7,52.8,31.9,0,0,1.2,34.11
111.12,1.57,0.52,0.87,0.29,1.7,1.59,perishable,critical,0.88,30.0,38.8,27.1,0,0,1.2,16.6
231.54,1.3,0.72,0.65,0.52,1.56,13.44,perishable,standard,0.72,27.6,51.7,42.5,0,0,1.2,28.89
96.35,1.49,0.8,0.54,0.59,10.43,5.01,perishable,high,0.62,31.2,56.3,36.6,0,1,1.2,26.52
171.89,2.67,0.49,0.74,0.61,10.21,1.06,medicine,low,0.85,34.0,24.7,18.7,0,0,1.2,69.68
96.41,1.23,0.19,0.48,0.56,5.7,4.29,general,standard,0.74,26.7,12.4,10.0,0,0,1.0,8.69
160.24,1.99,0.51,0.66,0.55,25.34,0.35,general,standard,0.77,30.8,25.3,26.7,0,0,1.0,26.51
183.23,1.71,0.06,0.56,0.46,17.39,3.11,furniture,standard,0.86,31.6,4.6,2.1,1,0,1.0,21.11
168.64,2.52,0.74,0.26,0.55,14.34,2.83,furniture,critical,0.8,36.0,46.3,36.5,0,1,1.0,36.58
58.63,2.24,0.52,0.46,0.15,1.61,1.96,luxury,critical,0.87,26.5,26.7,21.0,1,2,1.0,27.44
212.46,1.8,0.18,0.33,0.46,7.86,18.95,medicine,low,0.71,30.0,10.6,7.9,0,0,1.2,47.04
219.2,1.76,0.36,0.35,0.21,16.16,4.24,medicine,high,0.77,31.7,19.8,16.7,0,1,1.2,23.68
182.56,1.53,0.54,0.11,0.48,8.63,2.21,general,high,0.81,22.4,38.7,32.1,1,0,1.0,25.91
90.85,1.34,0.75,0.84,0.71,13.77,5.27,general,standard,0.95,32.9,49.1,44.1,0,0,1.0,11.24
122.85,1.2,0.19,0.13,0.26,4.95,1.07,medicine,standard,0.76,28.9,12.9,8.4,1,1,1.2,17.24
190.72,1.34,0.08,0.79,0.24,0.81,0.11,perishable,high,0.91,31.5,6.0,2.9,1,0,1.2,14.07
110.05,2.29,0.02,0.25,0.36,10.01,5.48,general,standard,0.82,34.4,1.1,1.1,0,1,1.0,19.04
167.66,1.85,0.2,0.94,0.32,0.11,6.4,general,critical,0.84,30.7,13.4,8.1,0,1,1.0,18.8
44.74,1.52,0.76,0.82,0.08,24.14,1.21,perishable,critical,0.81,29.6,42.4,28.9,0,1,1.2,16.58
137.12,1.21,0.25,0.2,0.24,5.67,6.78,perishable,standard,0.77,31.5,18.9,12.2,0,0,1.2,11.34
233.57,2.18,0.52,0.82,0.47,0.92,2.83,perishable,low,0.94,26.3,37.7,28.4,0,0,1.2,59.34
51.42,1.18,0.08,0.42,0.17,8.19,12.44,furniture,low,0.65,31.3,4.3,4.6,0,0,1.0,3.76
62.27,2.21,0.25,0.92,0.16,0.71,1.4,perishable,standard,0.8,33.8,19.2,13.4,1,1,1.2,23.7
90.32,1.16,0.86,0.56,0.34,0.72,3.01,medicine,high,0.91,29.9,62.2,50.7,1,0,1.2,32.57
37.29,1.08,0.09,0.76,0.46,14.05,3.58,luxury,standard,0.84,27.2,4.7,4.4,1,0,1.0,6.14
69.82,1.39,0.71,0.12,0.51,5.87,0.26,hazmat,high,0.75,32.7,39.7,40.7,0,1,1.4,24.11
154.0,1.48,0.65,0.15,0.37,1.08,1.13,general,standard,0.75,30.1,32.8,29.4,0,0,1.0,13.04
58.26,2.11,0.66,0.1,0.19,5.7,3.03,luxury,high,0.87,28.4,51.8,37.3,0,0,1.0,14.36
109.96,1.95,0.46,0.13,0.15,1.61,2.81,perishable,high,0.87,28.2,35.7,21.7,1,1,1.2,29.39
192.67,1.29,0.24,0.6,0.15,1.7,3.61,furniture,high,0.81,33.4,12.6,9.3,0,0,1.0,12.52
55.09,1.36,0.5,0.81,0.11,2.99,0.53,perishable,high,0.84,29.0,30.4,23.1,0,1,1.2,15.83
171.98,1.97,0.09,0.15,0.4,3.38,0.76,general,standard,0.89,26.0,6.7,3.4,1,0,1.0,20.82
230.43,2.21,0.53,0.35,0.42,6.42,0.81,perishable,critical,0.56,28.0,31.3,24.2,0,1,1.2,49.15
134.39,1.45,0.04,0.51,0.11,7.86,0.84,general,high,0.84,29.5,2.2,1.7,0,2,1.0,12.11
174.74,1.65,0.2,0.56,0.42,2.67,4.05,medicine,low,0.66,36.2,12.6,11.7,0,1,1.2,31.42
47.6,2.35,0.01,0.7,0.15,1.0,1.27,perishable,standard,0.66,28.3,0.7,0.5,1,0,1.2,14.9
64.51,1.1,0.38,0.17,0.39,0.84,7.17,medicine,low,0.88,27.3,30.1,17.5,1,0,1.2,27.37
212.66,1.21,0.13,0.79,0.37,10.37,2.14,perishable,standard,0.88,29.7,10.0,4.7,1,0,1.2,10.23
46.54,1.7,0.25,0.23,0.68,8.3,4.42,general,standard,0.8,28.2,17.6,14.1,0,0,1.0,8.1
123.5,2.31,0.14,0.47,0.04,7.25,1.94,medicine,standard,0.88,24.1,10.5,7.4,0,0,1.2,25.54
99.77,1.73,0.38,0.36,0.59,7.51,11.84,furniture,high,0.94,30.9,23.7,19.6,1,0,1.0,10.88
181.73,1.41,0.34,0.54,0.65,3.32,1.16,furniture,high,0.85,33.3,16.9,18.3,1,1,1.0,15.31
158.02,2.26,0.57,0.29,0.37,6.43,7.48,furniture,standard,0.66,26.0,40.9,27.1,1,1,1.0,50.86
241.35,2.1,0.2,0.74,0.2,7.78,1.78,furniture,standard,0.94,26.6,12.2,11.5,0,0,1.0,36.66
250.83,2.39,0.38,0.65,0.09,8.69,7.21,general,high,0.86,27.5,18.7,18.6,0,0,1.0,42.68
113.66,1.65,0.7,0.67,0.28,0.36,0.5,luxury,standard,0.6,33.9,47.6,29.2,1,0,1.0,24.12
94.22,1.99,0.56,0.75,0.72,2.4,0.9,luxury,standard,0.69,24.1,29.3,27.6,1,0,1.0,30.21
97.53,1.17,0.27,0.29,0.3,7.46,2.03,furniture,standard,0.78,25.4,20.5,10.4,0,1,1.0,9.36
46.87,1.11,0.24,0.61,0.29,2.06,0.3,medicine,high,0.79,23.6,18.3,11.9,1,0,1.2,3.54
243.97,1.08,0.54,0.6,0.3,1.05,1.53,perishable,standard,0.84,32.9,40.7,25.0,0,0,1.2,14.46
150.66,1.13,0.2,0.69,0.88,4.16,4.78,perishable,standard,0.79,35.1,14.3,11.5,0,1,1.2,14.0
257.42,1.73,0.7,0.8,0.62,0.55,7.71,perishable,standard,0.98,29.3,37.3,35.8,1,3,1.2,58.45
88.5,1.96,0.52,0.91,0.12,5.33,4.95,perishable,low,0.87,30.5,33.1,30.3,0,0,1.2,26.17
32.97,1.92,0.2,0.21,0.32,0.41,2.99,medicine,low,0.9,28.9,13.0,8.9,1,0,1.2,10.31
58.49,1.43,0.13,0.21,0.37,0.84,0.39,medicine,low,0.62,34.4,8.0,6.2,0,0,1.2,4.05
124.48,2.12,0.22,0.2,0.04,7.35,1.7,general,high,0.73,34.5,15.5,11.2,1,1,1.0,20.04
129.04,1.77,0.36,0.9,0.49,0.37,1.81,luxury,high,0.87,29.5,25.0,16.2,0,2,1.0,23.56
209.67,1.46,0.19,0.41,0.47,4.1,1.63,furniture,high,0.83,33.9,9.7,11.0,0,1,1.0,21.56
299.66,2.93,0.16,0.7,0.02,1.51,5.32,perishable,standard,0.84,28.4,9.6,6.8,0,0,1.2,98.06
117.85,1.63,0.22,0.43,0.32,4.21,0.35,general,critical,0.96,31.7,16.5,11.7,1,1,1.0,14.53
79.06,1.43,0.32,0.53,0.47,1.02,1.18,medicine,high,0.95,30.4,22.6,13.2,0,0,1.2,14.08
100.71,1.94,0.71,0.66,0.28,9.64,9.15,general,low,0.91,31.8,51.6,29.9,0,0,1.0,24.26
250.31,2.0,0.45,0.48,0.15,1.29,1.77,general,high,0.88,30.7,35.2,16.5,0,0,1.0,33.61
183.33,1.38,0.2,0.18,0.08,1.89,5.78,luxury,high,0.95,28.9,15.5,10.0,0,2,1.0,17.85
94.56,1.69,0.19,0.62,0.45,21.28,2.39,furniture,high,0.74,31.5,14.1,11.4,0,2,1.0,18.26
70.1,1.18,0.32,0.9,0.27,0.05,2.87,furniture,standard,0.9,26.0,18.9,14.8,0,2,1.0,6.18
141.17,1.46,0.14,0.56,0.67,5.01,11.32,general,low,0.66,25.1,9.7,5.7,0,1,1.0,27.67
184.79,1.77,0.39,0.92,0.14,2.98,0.94,general,critical,0.84,28.8,24.6,14.4,0,0,1.0,23.22
142.19,1.21,0.09,0.62,0.35,2.39,7.03,general,high,0.92,29.1,7.2,4.3,0,1,1.0,10.67
66.67,1.67,0.67,0.7,0.1,0.17,0.72,medicine,critical,0.85,31.0,53.8,34.0,1,1,1.2,27.96
126.09,1.18,0.44,0.38,0.24,21.3,3.07,general,low,0.7,27.3,22.6,24.6,0,0,1.0,11.6
30.09,1.95,0.46,0.48,0.45,3.44,3.66,general,critical,0.98,32.1,26.6,26.5,0,1,1.0,11.12
124.74,1.55,0.16,0.65,0.33,10.57,3.26,perishable,critical,0.88,30.6,11.3,9.4,1,0,1.2,9.77
69.46,2.27,0.49,0.82,0.75,1.02,1.83,perishable,standard,0.85,32.1,31.5,27.5,1,0,1.2,28.1
100.97,1.52,0.27,0.75,0.61,5.51,6.11,general,standard,0.97,30.4,15.8,13.6,0,1,1.0,20.4
87.09,2.06,0.55,0.69,0.23,7.45,5.16,perishable,standard,0.73,26.5,37.7,19.8,0,2,1.2,28.3
191.44,1.22,0.6,0.96,0.51,3.54,2.56,perishable,standard,0.89,31.8,31.5,33.7,0,1,1.2,17.32
254.98,1.09,0.61,0.14,0.1,4.45,7.78,perishable,standard,0.75,30.8,47.7,34.1,1,0,1.2,24.82
119.91,2.38,0.02,0.9,0.16,4.88,1.25,perishable,high,0.75,30.6,1.5,0.9,0,1,1.2,31.22
118.86,1.95,0.56,0.49,0.54,0.52,2.76,luxury,high,0.83,27.6,32.3,29.5,1,0,1.0,32.71
250.59,1.17,0.32,0.26,0.61,6.31,0.85,perishable,critical,0.74,34.3,23.7,11.7,0,0,1.2,11.82
151.96,1.13,0.41,0.2,0.28,1.66,6.51,medicine,standard,0.86,32.4,30.3,18.8,0,1,1.2,14.41
118.55,1.74,0.44,0.98,0.05,18.46,1.05,furniture,standard,0.91,31.8,30.3,24.2,0,0,1.0,12.6
246.79,2.51,0.48,0.96,0.29,2.94,1.37,general,standard,0.66,36.2,32.5,27.8,1,0,1.0,66.39
34.38,1.62,0.51,0.99,0.34,2.15,2.5,hazmat,critical,0.73,31.1,38.1,28.4,0,1,1.4,20.6
96.73,1.19,0.65,0.64,0.4,1.73,1.08,medicine,high,0.73,29.0,49.7,28.3,1,0,1.2,24.73
84.42,2.02,0.19,0.55,0.1,4.9,2.6,luxury,standard,0.69,26.6,9.8,8.6,0,1,1.0,18.5
197.82,1.31,0.22,0.71,0.26,1.78,5.78,medicine,critical,0.67,26.0,12.4,8.2,0,1,1.2,9.45
236.22,2.43,0.09,0.4,0.58,2.51,2.9,medicine,standard,0.93,28.9,5.4,5.2,0,0,1.2,38.62
242.81,1.08,0.52,0.38,0.17,0.35,0.21,medicine,low,0.75,30.5,32.0,23.6,0,0,1.2,11.58
71.23,2.02,0.07,0.6,0.36,2.85,0.17,general,low,0.7,32.7,3.4,3.7,1,0,1.0,11.9
218.94,1.21,0.37,0.88,0.11,7.29,6.2,perishable,low,0.85,32.1,21.6,17.8,1,0,1.2,14.79
84.11,1.29,0.04,0.97,0.14,2.19,8.4,furniture,high,0.89,31.6,3.1,1.7,0,0,1.0,5.59
130.18,2.6,0.18,0.41,0.01,11.55,7.06,medicine,standard,0.82,35.7,9.6,10.6,0,0,1.2,40.0
192.48,1.64,0.28,0.91,0.36,9.65,10.93,general,standard,0.55,23.6,14.0,14.3,1,3,1.0,33.22
179.39,1.06,0.66,0.22,0.38,10.07,3.18,general,critical,0.59,27.6,51.4,38.7,0,0,1.0,7.47
62.55,1.84,0.04,0.22,0.21,2.26,0.0,general,critical,0.81,25.9,2.7,1.5,1,0,1.0,10.07
106.46,1.75,0.41,0.96,0.25,9.7,8.79,perishable,low,0.86,28.2,24.3,17.1,0,0,1.2,31.9
92.1,2.19,0.21,0.94,0.37,0.71,0.68,perishable,high,0.78,24.1,12.1,7.7,1,0,1.2,23.85
79.98,1.3,0.3,0.21,0.18,16.58,2.11,general,low,0.73,28.0,15.9,14.8,0,0,1.0,11.09
167.59,1.97,0.5,0.92,0.38,5.77,7.53,hazmat,standard,0.7,31.9,36.0,22.0,0,1,1.4,49.07
42.19,2.57,0.76,0.53,0.37,5.58,0.87,medicine,high,0.64,29.0,56.1,44.1,0,0,1.2,26.23
93.52,2.65,0.45,0.85,0.2,0.35,4.38,furniture,high,0.93,34.8,34.7,20.8,0,1,1.0,23.07
133.05,2.68,0.26,0.36,0.09,17.48,15.59,luxury,high,0.56,33.9,20.9,14.7,1,0,1.0,46.44
70.43,1.81,0.68,0.74,0.08,4.9,1.55,perishable,low,0.66,32.7,43.0,29.6,0,0,1.2,24.07
140.28,1.76,0.25,0.89,0.43,1.38,1.25,perishable,high,0.96,30.7,17.0,8.9,0,0,1.2,16.29
227.4,1.72,0.39,0.82,0.29,2.64,2.89,general,low,0.9,34.3,27.4,22.3,0,1,1.0,35.38
87.87,1.62,0.56,0.42,0.14,8.22,5.56,general,critical,0.58,23.6,45.0,27.1,1,2,1.0,33.89
133.57,2.2,0.2,0.17,0.52,9.76,1.68,medicine,critical,0.88,33.0,12.3,10.0,0,1,1.2,25.01
202.46,2.05,0.05,0.87,0.46,0.14,3.38,luxury,standard,0.8,29.1,3.9,2.3,0,2,1.0,37.56
55.45,1.24,0.18,0.44,0.4,1.59,0.53,furniture,high,0.78,24.2,14.4,9.5,1,1,1.0,11.24
163.28,1.5,0.01,0.64,0.05,2.42,4.57,luxury,standard,0.69,27.6,0.7,0.6,0,1,1.0,15.75
143.78,1.97,0.16,0.11,0.17,1.03,0.58,general,critical,0.75,31.7,10.8,7.0,0,1,1.0,23.1
95.64,1.56,0.16,0.97,0.44,10.26,1.88,medicine,standard,0.86,30.7,11.7,6.1,0,1,1.2,18.87
127.52,1.31,0.27,0.22,0.4,0.7,5.21,hazmat,standard,0.88,34.3,19.3,11.2,0,0,1.4,20.39
190.89,1.16,0.01,0.68,0.13,0.92,0.49,general,high,0.65,33.1,0.6,0.4,1,3,1.0,12.12
94.1,2.84,0.67,0.83,0.16,8.75,3.58,luxury,standard,0.69,31.3,41.1,28.6,0,0,1.0,33.79
195.17,1.5,0.3,0.2,0.45,7.54,6.32,perishable,standard,0.91,32.7,18.5,15.7,0,1,1.2,22.66
53.39,1.63,0.36,0.61,0.39,3.79,19.52,furniture,high,0.76,23.8,25.5,18.4,1,1,1.0,27.66
101.64,1.3,0.3,0.97,0.08,4.65,14.65,furniture,standard,0.66,26.0,18.6,12.4,1,0,1.0,15.81
203.31,2.58,0.19,0.92,0.4,3.5,0.92,perishable,standard,0.75,34.6,10.6,11.2,1,0,1.2,44.54
48.19,1.89,0.07,0.35,0.13,8.3,6.91,perishable,critical,0.66,33.2,3.8,3.3,0,1,1.2,15.86
126.12,1.05,0.55,0.97,0.25,2.21,0.07,hazmat,high,0.85,29.0,34.1,32.4,0,0,1.4,15.28
148.96,1.75,0.24,0.97,0.26,14.9,19.18,medicine,standard,0.88,25.8,13.5,8.4,0,0,1.2,25.55
124.31,1.37,0.14,0.51,0.71,7.94,5.03,hazmat,low,0.68,32.4,7.5,6.8,0,0,1.4,20.59
247.82,1.57,0.54,0.24,0.27,0.99,2.07,general,low,0.83,25.2,30.4,26.6,1,0,1.0,39.76
118.64,1.55,0.3,0.16,0.33,1.5,8.01,luxury,standard,0.89,29.7,24.1,10.5,0,0,1.0,13.84
233.44,1.26,0.85,0.5,0.22,3.73,5.13,luxury,low,0.89,27.4,46.2,38.6,0,0,1.0,21.22
162.29,1.18,0.57,0.58,0.48,2.04,5.06,hazmat,standard,0.66,30.1,34.6,24.8,1,0,1.4,39.07
82.84,1.71,0.4,0.33,0.17,4.85,6.47,perishable,critical,0.85,35.0,29.5,17.5,0,2,1.2,22.19
155.58,1.22,0.14,0.1,0.26,7.17,0.31,general,low,0.86,32.0,10.7,6.0,0,0,1.0,8.12
105.58,2.2,0.31,0.22,0.53,15.98,1.13,luxury,high,0.96,31.1,17.0,11.4,1,0,1.0,19.68
200.23,1.16,0.49,0.32,0.47,0.38,1.23,general,low,0.73,29.4,29.5,23.9,1,0,1.0,28.77
229.13,1.29,0.7,0.38,0.26,1.52,1.24,hazmat,standard,0.91,27.0,48.5,34.1,0,2,1.4,32.19
222.4,2.33,0.38,0.47,0.09,1.1,1.03,perishable,high,0.85,27.3,26.4,22.7,1,1,1.2,62.74
198.68,2.47,0.15,0.75,0.17,1.54,3.15,medicine,standard,0.85,25.8,9.6,8.7,0,0,1.2,39.27
105.18,2.14,0.26,0.8,0.41,9.99,5.44,medicine,standard,0.78,29.6,12.9,12.3,1,0,1.2,31.7
146.62,1.73,0.1,0.42,0.59,9.22,4.98,medicine,standard,0.78,27.3,7.4,4.4,0,1,1.2,31.2
67.63,1.03,0.08,0.93,0.46,1.03,9.98,medicine,low,0.65,32.8,3.9,4.7,0,1,1.2,11.97
276.98,1.23,0.32,0.26,0.51,3.16,5.12,perishable,standard,0.63,29.5,25.1,12.1,1,1,1.2,33.23
110.57,2.0,0.33,0.39,0.54,1.31,4.54,general,standard,0.78,29.3,25.8,15.6,0,0,1.0,27.3
202.98,1.54,0.26,0.23,0.67,0.75,1.71,perishable,standard,0.75,25.6,19.7,10.8,0,0,1.2,31.15
40.61,1.79,0.06,0.71,0.19,8.07,8.24,luxury,high,0.91,27.1,4.7,2.6,0,1,1.0,11.52
144.38,2.71,0.18,0.3,0.66,1.74,2.0,hazmat,standard,0.76,27.4,14.0,8.7,1,1,1.4,57.21
41.63,1.23,0.12,0.71,0.18,2.7,1.4,hazmat,high,0.67,35.1,6.5,7.0,1,0,1.4,8.25
257.99,1.69,0.76,0.14,0.16,1.28,3.77,general,high,0.66,30.1,38.8,39.5,0,0,1.0,24.12
114.71,1.54,0.59,0.29,0.44,2.16,10.67,perishable,critical,0.82,30.4,36.7,21.7,1,0,1.2,31.07
185.74,1.75,0.39,0.53,0.1,1.84,3.9,furniture,standard,0.77,31.2,30.1,17.1,0,1,1.0,26.29
170.08,1.15,0.32,0.8,0.32,12.46,0.07,perishable,standard,0.64,30.2,19.9,17.7,1,0,1.2,6.86
56.49,1.94,0.31,0.24,0.55,3.02,2.99,general,high,0.69,28.8,20.7,15.1,1,0,1.0,11.09
103.43,1.79,0.14,0.29,0.35,2.55,1.43,perishable,critical,0.88,29.9,8.2,7.9,0,0,1.2,14.91
123.56,2.42,0.3,0.65,0.83,7.15,1.63,perishable,standard,0.7,32.5,21.6,15.3,0,0,1.2,34.31
27.03,1.57,0.21,0.83,0.21,4.11,2.11,general,critical,0.8,29.3,13.9,11.0,0,0,1.0,4.08
176.02,1.85,0.5,0.61,0.06,2.25,14.58,perishable,standard,0.69,28.5,24.7,21.9,1,0,1.2,36.04
33.79,2.08,0.35,0.65,0.48,11.93,0.7,perishable,standard,0.76,29.0,23.5,13.1,0,1,1.2,19.37
196.93,1.55,0.28,0.98,0.74,0.89,0.16,perishable,critical,0.75,30.1,15.9,15.9,0,1,1.2,15.3
168.56,2.4,0.47,0.81,0.2,2.08,2.41,furniture,high,0.67,24.8,28.6,24.4,0,1,1.0,33.67
228.8,1.57,0.35,0.51,0.07,5.46,4.05,perishable,standard,0.84,26.5,21.9,16.4,1,0,1.2,27.5
23.67,1.61,0.52,0.18,0.36,5.54,1.07,furniture,high,0.93,29.1,33.6,20.9,0,0,1.0,8.75
270.04,1.21,0.25,0.89,0.09,14.08,6.09,perishable,low,0.91,29.1,15.3,13.7,0,0,1.2,20.25
17.27,1.1,0.64,0.83,0.19,2.64,0.76,general,high,0.87,26.7,48.4,28.2,0,0,1.0,8.91
182.15,2.08,0.19,0.48,0.62,3.12,2.74,furniture,high,0.81,29.4,13.2,7.7,1,0,1.0,29.78
38.83,1.17,0.27,0.82,0.35,0.61,2.25,general,standard,0.79,26.6,15.5,14.4,1,0,1.0,3.37
114.12,1.36,0.38,0.75,0.16,0.24,3.34,perishable,critical,0.9,34.8,20.1,18.5,0,1,1.2,14.64
40.35,1.13,0.14,0.28,0.19,1.77,7.41,general,high,0.8,34.7,9.2,8.1,0,0,1.0,3.61
91.56,2.18,0.33,0.26,0.3,0.06,4.8,perishable,standard,0.87,27.5,25.4,13.0,1,1,1.2,28.88
171.15,2.08,0.39,0.8,0.49,1.37,4.8,perishable,standard,0.8,26.6,20.8,17.4,1,1,1.2,42.75
169.14,1.82,0.08,0.6,0.27,1.58,3.6,furniture,high,0.85,31.3,4.9,2.9,1,0,1.0,19.31
106.34,1.51,0.53,0.5,0.36,3.51,11.62,general,critical,0.94,29.1,27.0,25.2,0,0,1.0,12.62
230.92,2.78,0.29,0.43,0.21,1.24,3.36,furniture,high,0.83,31.7,15.5,11.2,0,0,1.0,55.59
47.26,1.68,0.4,0.75,0.44,4.12,8.88,general,high,0.88,32.9,25.0,18.3,0,0,1.0,13.37
43.33,1.64,0.21,0.46,0.4,1.46,4.39,furniture,critical,0.88,29.7,13.2,11.9,0,0,1.0,5.57
43.14,1.16,0.54,0.11,0.34,3.65,1.19,general,low,0.74,25.0,41.9,23.5,1,0,1.0,21.55
126.83,1.52,0.34,0.38,0.06,4.52,4.07,perishable,standard,0.9,30.9,17.8,18.5,0,0,1.2,14.91
32.97,2.22,0.05,0.91,0.25,4.05,7.84,general,low,0.76,28.4,3.5,3.0,0,0,1.0,10.41
139.51,1.25,0.56,0.43,0.28,4.39,4.19,perishable,high,0.7,30.8,28.4,32.4,0,0,1.2,10.23
152.05,2.2,0.79,0.14,0.12,5.89,1.94,hazmat,standard,0.68,27.3,53.9,40.9,0,0,1.4,60.18
106.94,1.03,0.17,0.76,0.39,0.88,13.97,furniture,standard,0.78,26.5,12.8,6.5,0,0,1.0,9.62
42.56,1.47,0.36,0.35,0.5,1.54,3.44,hazmat,standard,0.69,28.8,27.4,14.9,0,1,1.4,13.64
202.13,1.94,0.28,0.15,0.18,5.59,4.02,general,high,0.74,30.1,15.5,12.3,1,0,1.0,28.9
149.27,1.7,0.04,0.82,0.5,5.68,9.05,medicine,standard,0.65,33.3,2.8,2.1,1,0,1.2,24.95
121.68,1.55,0.28,0.11,0.57,1.82,11.6,perishable,critical,0.85,30.0,22.4,15.2,0,1,1.2,20.63
91.6,1.23,0.16,0.24,0.34,3.79,0.55,general,low,0.85,27.2,11.1,9.4,0,0,1.0,5.04
163.74,2.45,0.58,0.28,0.39,2.41,2.28,perishable,low,0.62,29.0,35.2,24.4,1,0,1.2,56.94
268.95,1.67,0.39,0.72,0.34,7.29,2.21,perishable,standard,0.68,26.3,29.3,17.4,0,0,1.2,31.79
88.11,1.71,0.2,0.2,0.13,4.03,0.3,perishable,critical,0.7,27.6,15.6,9.7,0,1,1.2,17.75
76.06,2.83,0.27,0.73,0.2,3.05,0.54,hazmat,low,0.9,32.3,18.2,12.0,0,1,1.4,45.06
59.8,2.26,0.62,0.39,0.46,7.81,3.21,perishable,high,0.78,30.2,37.9,25.6,1,0,1.2,30.87
146.36,1.62,0.02,0.56,0.57,4.36,4.16,general,high,0.64,26.8,1.4,1.1,0,3,1.0,26.8
191.25,1.54,0.69,0.83,0.1,1.32,2.15,general,high,0.88,33.2,45.8,26.2,0,0,1.0,22.26
58.96,1.5,0.59,0.5,0.25,1.01,17.92,furniture,low,0.73,33.2,30.2,26.6,0,1,1.0,22.71
135.63,2.16,0.54,0.24,0.48,2.71,1.46,perishable,high,0.89,28.2,37.6,27.9,0,0,1.2,34.97
126.56,1.57,0.08,0.22,0.43,1.69,6.18,medicine,critical,0.95,29.2,4.5,3.1,1,1,1.2,8.33
145.99,2.29,0.7,0.45,0.77,0.27,2.02,perishable,high,0.77,25.0,47.4,28.7,0,1,1.2,45.86
161.62,2.47,0.25,0.24,0.01,10.57,4.15,general,high,0.92,29.5,15.7,14.7,0,0,1.0,29.15
108.67,1.9,0.3,0.67,0.27,0.03,10.27,general,standard,0.69,24.6,20.3,17.0,0,1,1.0,24.79
53.19,2.62,0.05,0.64,0.26,2.01,2.82,general,low,0.6,34.9,3.5,2.9,0,0,1.0,28.14
55.57,1.69,0.24,0.74,0.45,1.36,6.83,perishable,critical,0.94,28.6,16.9,13.6,1,1,1.2,11.61
83.55,1.06,0.28,0.64,0.16,4.74,4.89,luxury,low,0.65,30.0,16.4,13.0,0,0,1.0,5.1
180.49,2.67,0.63,0.42,0.27,11.15,2.45,general,low,0.67,28.2,36.1,29.4,0,0,1.0,51.94
64.41,1.64,0.27,0.64,0.02,3.97,8.81,perishable,high,0.93,29.5,13.2,15.4,0,0,1.2,13.54
148.02,2.54,0.25,0.88,0.39,3.0,1.31,perishable,standard,0.71,32.3,13.8,9.4,0,1,1.2,43.91
146.98,1.73,0.54,0.14,0.07,14.62,0.26,luxury,standard,0.95,33.7,30.4,20.7,1,0,1.0,20.9
302.62,2.08,0.71,0.18,0.2,0.82,4.61,medicine,standard,0.95,30.4,41.8,25.0,0,0,1.2,52.13
233.91,1.15,0.32,0.98,0.16,8.32,5.77,luxury,standard,0.82,31.8,23.5,18.4,0,0,1.0,10.99
179.89,1.82,0.08,0.79,0.17,1.04,2.71,medicine,low,0.71,26.7,6.4,3.4,0,0,1.2,26.33
106.47,2.26,0.15,0.16,0.27,3.04,3.08,perishable,high,0.91,27.7,10.5,8.5,0,2,1.2,23.66
112.07,2.43,0.49,0.95,0.55,7.32,2.08,general,standard,0.69,32.7,29.5,28.0,0,0,1.0,28.51
156.92,1.31,0.32,0.95,0.17,1.48,7.23,furniture,high,0.91,29.7,24.7,11.7,0,0,1.0,6.19
58.88,1.6,0.28,0.71,0.55,5.4,1.44,general,high,0.85,31.0,20.1,15.9,0,1,1.0,15.09
124.04,2.06,0.03,0.93,0.31,3.73,2.61,general,high,0.94,35.3,2.3,1.5,0,1,1.0,22.77
232.2,1.64,0.2,0.41,0.11,2.61,3.47,luxury,standard,0.78,29.3,15.0,7.2,1,0,1.0,18.06
32.17,2.14,0.22,0.46,0.47,1.96,2.83,perishable,standard,0.8,32.7,16.9,13.0,0,2,1.2,17.89
68.12,1.44,0.32,0.5,0.74,13.76,10.24,medicine,high,0.95,24.8,25.5,11.5,0,0,1.2,14.96
266.16,1.71,0.07,0.92,0.43,6.48,6.55,general,critical,0.63,27.9,4.7,4.1,1,1,1.0,25.22
190.51,1.22,0.1,0.95,0.35,0.14,7.08,medicine,standard,0.82,29.0,5.5,5.7,1,2,1.2,18.58
192.94,1.78,0.31,0.64,0.38,1.81,1.61,hazmat,standard,0.69,32.1,22.4,13.7,1,0,1.4,45.35
180.31,2.33,0.81,0.91,0.38,1.2,2.81,perishable,low,0.84,29.6,52.3,38.3,0,0,1.2,58.72
62.69,2.44,0.13,0.87,0.36,2.68,1.73,general,standard,0.75,25.0,8.6,7.5,1,1,1.0,22.18
176.96,1.9,0.37,0.48,0.34,2.42,11.98,furniture,high,0.6,35.0,26.2,18.3,0,0,1.0,29.18
82.74,1.09,0.32,0.73,0.37,1.84,6.53,furniture,standard,0.8,28.9,22.6,14.8,0,0,1.0,5.65
180.95,1.54,0.08,0.27,0.32,1.72,4.18,hazmat,standard,0.64,31.7,6.4,4.4,1,1,1.4,33.85
97.45,2.45,0.09,0.23,0.48,14.41,0.14,furniture,standard,0.78,26.0,5.1,3.2,0,1,1.0,28.26
271.54,1.37,0.54,0.71,0.22,11.75,1.17,hazmat,low,0.77,31.3,35.3,31.8,1,0,1.4,52.26
46.11,1.67,0.35,0.49,0.5,5.37,1.02,medicine,high,0.82,26.6,17.5,19.8,0,1,1.2,11.14
66.63,1.21,0.59,0.73,0.17,3.23,0.14,general,standard,0.66,36.1,38.9,33.1,0,0,1.0,9.68
201.24,2.25,0.4,0.81,0.22,1.6,1.19,hazmat,high,0.68,31.9,19.9,14.3,0,0,1.4,47.65
122.09,1.51,0.18,0.48,0.18,3.13,11.53,luxury,standard,0.72,26.2,14.3,7.9,1,0,1.0,8.8
155.32,1.39,0.29,0.96,0.04,0.73,1.07,medicine,critical,0.79,30.2,16.5,15.7,1,0,1.2,16.28
187.83,1.05,0.07,0.92,0.22,1.57,8.92,perishable,high,0.82,34.6,5.4,3.9,0,0,1.2,7.92
147.84,1.37,0.34,0.19,0.24,7.89,2.16,general,high,0.84,31.2,21.7,18.2,1,0,1.0,9.68
84.96,1.95,0.57,0.22,0.22,5.45,1.61,hazmat,standard,0.91,31.0,44.7,28.1,1,2,1.4,43.34
97.11,1.35,0.63,0.22,0.81,5.11,4.36,medicine,high,0.76,31.8,47.7,28.8,1,0,1.2,32.36
63.25,2.76,0.01,0.58,0.33,10.15,9.3,perishable,low,0.93,26.1,0.5,0.5,1,1,1.2,24.94
202.4,2.19,0.23,0.52,0.04,7.51,4.46,medicine,standard,0.79,32.6,15.8,13.3,0,0,1.2,43.04
212.21,1.85,0.28,0.9,0.21,0.3,7.34,perishable,low,0.83,35.4,15.6,15.2,0,0,1.2,40.84
64.83,1.87,0.75,0.43,0.46,17.3,0.53,medicine,standard,0.84,34.2,59.5,39.2,0,0,1.2,29.61
119.38,2.03,0.8,0.51,0.43,6.29,6.3,furniture,high,0.89,28.7,57.6,31.9,1,1,1.0,36.99
253.33,1.46,0.34,0.89,0.24,10.16,0.73,perishable,standard,0.79,31.1,17.1,13.8,1,1,1.2,22.73
147.06,1.87,0.15,0.6,0.52,1.06,7.84,medicine,critical,0.87,33.3,9.1,6.5,0,1,1.2,24.41
214.16,1.6,0.23,0.64,0.37,8.74,10.94,furniture,critical,0.9,35.5,17.8,9.8,0,0,1.0,17.25
97.11,1.43,0.29,0.21,0.03,0.49,0.91,perishable,low,0.82,31.2,22.5,12.1,0,0,1.2,12.04
176.99,1.41,0.27,0.13,0.15,0.58,0.63,hazmat,standard,0.98,29.1,19.6,11.1,0,0,1.4,16.93
177.42,1.53,0.05,0.81,0.35,1.19,3.01,perishable,standard,0.98,29.5,3.3,2.7,0,1,1.2,21.97
271.0,1.14,0.37,0.36,0.27,3.43,2.32,furniture,critical,0.63,29.5,19.6,21.5,1,0,1.0,11.33
47.83,1.62,0.66,0.55,0.37,10.99,6.21,hazmat,standard,0.84,34.0,46.8,31.2,0,1,1.4,32.48
306.14,1.08,0.22,0.86,0.18,1.26,2.44,hazmat,critical,0.8,29.2,12.3,12.8,0,2,1.4,16.38
242.02,1.5,0.23,0.46,0.55,0.13,2.06,medicine,standard,0.95,26.2,14.3,11.7,0,0,1.2,15.94
146.34,2.52,0.08,0.94,0.28,1.01,8.09,luxury,high,0.79,30.5,4.1,4.6,1,0,1.0,23.63
193.27,2.34,0.53,0.71,0.35,4.9,1.9,luxury,high,0.95,29.1,30.1,19.1,1,0,1.0,47.79
113.81,2.0,0.83,0.15,0.25,3.43,6.45,general,standard,0.94,32.3,58.6,45.4,1,2,1.0,29.24
199.95,1.82,0.09,0.21,0.3,5.93,6.37,furniture,standard,0.89,25.7,4.6,4.6,1,1,1.0,27.24
69.56,1.63,0.2,0.83,0.47,0.11,2.89,furniture,high,0.85,26.4,13.4,10.2,0,0,1.0,9.57
156.82,1.67,0.26,0.99,0.28,0.65,2.06,perishable,standard,0.79,33.1,19.2,13.4,0,0,1.2,22.11
155.16,1.19,0.33,0.25,0.78,0.53,1.51,medicine,standard,0.82,26.8,17.2,16.8,1,0,1.2,11.98
226.47,2.51,0.3,0.6,0.6,5.4,3.33,general,critical,0.66,27.0,15.1,13.9,1,0,1.0,42.55
106.03,1.55,0.28,0.48,0.31,6.19,5.04,perishable,standard,0.81,24.8,15.2,11.1,0,0,1.2,15.67
61.97,1.89,0.06,0.42,0.28,2.88,1.95,general,high,0.79,25.3,3.5,2.3,0,1,1.0,15.6
258.25,1.04,0.27,0.76,0.31,3.43,12.55,hazmat,critical,0.93,30.8,14.1,9.9,0,0,1.4,6.32
175.15,1.05,0.46,0.12,0.7,1.07,3.99,general,standard,0.67,28.0,33.7,16.6,1,0,1.0,13.73
126.48,1.54,0.79,0.71,0.28,0.67,0.51,perishable,standard,0.77,27.4,38.8,34.9,0,2,1.2,29.59
140.76,1.78,0.34,0.21,0.37,3.72,8.11,hazmat,high,0.94,28.8,18.9,14.1,0,2,1.4,35.39
237.9,1.0,0.65,0.46,0.6,0.94,4.32,furniture,standard,0.82,32.6,46.3,23.3,0,1,1.0,10.62
112.75,1.63,0.32,0.45,0.22,6.25,2.01,furniture,high,0.83,34.1,18.0,15.5,0,2,1.0,18.12
135.79,2.08,0.53,0.39,0.09,3.88,7.83,furniture,standard,0.7,32.0,31.7,27.4,0,0,1.0,25.34
135.38,1.33,0.2,0.96,0.4,5.94,3.34,perishable,low,0.82,30.5,14.4,9.8,0,1,1.2,23.37
156.13,1.89,0.32,0.69,0.47,2.48,1.08,perishable,high,0.79,30.3,15.9,15.0,0,0,1.2,17.5
161.93,1.51,0.11,0.45,0.43,0.02,0.95,medicine,critical,0.84,31.0,5.5,5.6,0,0,1.2,9.79
270.47,2.1,0.29,0.21,0.26,2.31,6.42,general,critical,0.82,33.6,21.1,11.0,0,0,1.0,33.79
205.74,1.89,0.29,0.19,0.53,3.45,3.58,perishable,high,0.81,28.0,20.3,17.1,1,0,1.2,34.99
93.73,1.38,0.49,0.73,0.6,4.48,9.5,luxury,critical,0.88,36.6,38.2,21.9,0,1,1.0,14.5
76.79,1.5,0.19,0.25,0.45,2.41,0.61,general,high,0.93,26.8,13.2,11.4,0,0,1.0,7.66
72.04,1.71,0.38,0.72,0.15,1.41,0.71,hazmat,standard,0.64,30.2,19.9,16.3,0,2,1.4,23.82
200.91,1.89,0.17,0.96,0.25,0.52,5.63,perishable,critical,0.89,33.8,13.2,8.4,0,1,1.2,22.27
146.45,1.97,0.19,0.77,0.5,1.31,2.44,general,critical,0.63,30.8,10.4,10.2,0,0,1.0,21.57
111.45,1.1,0.4,0.51,0.41,0.51,0.4,medicine,standard,0.78,26.2,24.6,20.1,0,0,1.2,10.28
223.24,1.56,0.77,0.69,0.22,2.67,2.89,general,low,0.65,24.8,38.5,37.1,1,0,1.0,45.85
233.54,2.45,0.27,0.23,0.16,6.18,23.3,general,standard,0.74,31.7,14.6,14.9,1,2,1.0,55.68
24.1,1.57,0.06,0.46,0.18,3.99,1.08,general,standard,0.76,30.5,3.2,3.2,1,0,1.0,6.97
70.6,1.12,0.26,0.58,0.28,3.13,1.41,medicine,critical,0.92,32.3,15.4,11.0,1,1,1.2,5.0
167.24,2.23,0.39,0.4,0.63,1.06,0.73,furniture,standard,0.89,28.7,31.1,17.6,0,4,1.0,33.99
114.55,1.22,0.27,0.61,0.51,10.03,2.61,perishable,low,0.89,28.0,18.2,12.3,0,0,1.2,11.44
105.24,1.64,0.27,0.25,0.12,4.33,5.91,luxury,high,0.81,34.7,16.9,13.0,0,0,1.0,16.32
123.67,2.73,0.39,0.81,0.64,4.61,7.68,furniture,high,0.84,32.1,28.3,17.5,1,0,1.0,43.2
206.31,2.26,0.27,0.43,0.57,4.53,0.08,hazmat,standard,0.77,25.9,16.1,12.2,0,1,1.4,57.62
223.01,2.26,0.32,0.3,0.5,1.94,1.31,perishable,standard,0.69,30.9,19.9,16.6,0,0,1.2,42.75
121.14,1.77,0.29,0.55,0.1,1.05,4.14,general,low,0.66,34.6,22.1,11.0,1,1,1.0,26.16
175.95,1.33,0.17,0.64,0.32,5.72,3.48,hazmat,critical,0.59,28.7,9.6,8.9,0,0,1.4,17.0
126.51,1.91,0.81,0.56,0.11,3.4,1.06,medicine,high,0.91,30.9,56.0,35.8,0,0,1.2,34.61
85.1,1.34,0.57,0.16,0.25,2.51,2.14,general,critical,0.77,29.2,35.0,32.9,1,0,1.0,16.07
164.34,1.5,0.35,0.4,0.15,6.92,1.36,furniture,standard,0.79,31.3,24.0,15.1,0,1,1.0,13.05
62.02,1.65,0.45,0.29,0.48,0.65,0.44,perishable,high,0.95,27.3,22.3,20.0,0,0,1.2,13.68
181.66,1.11,0.23,0.82,0.21,2.06,1.65,perishable,high,0.78,25.7,16.8,9.6,0,1,1.2,10.18
225.36,2.79,0.19,0.97,0.24,0.65,7.08,medicine,high,0.9,32.0,15.2,10.9,0,1,1.2,61.68
81.26,1.37,0.3,0.7,0.27,0.34,1.5,perishable,high,0.68,33.9,18.3,10.8,0,2,1.2,14.64
150.99,2.58,0.53,0.93,0.15,25.1,7.0,furniture,standard,0.92,31.3,30.7,25.0,1,1,1.0,74.02
196.32,1.56,0.11,0.83,0.16,3.14,7.93,luxury,standard,0.92,24.6,6.1,4.2,1,1,1.0,24.29
218.68,2.11,0.26,0.15,0.23,5.98,0.31,furniture,high,0.91,22.7,17.8,10.7,0,2,1.0,26.57
205.5,1.57,0.19,0.85,0.45,2.31,0.08,luxury,high,0.94,28.5,14.0,10.7,1,0,1.0,16.61
246.2,1.39,0.34,0.74,0.29,5.02,1.7,medicine,low,0.77,31.6,21.2,19.0,0,1,1.2,29.16
116.83,2.4,0.21,0.33,0.6,4.68,6.54,medicine,high,0.81,31.0,12.3,12.5,1,0,1.2,32.77
135.76,1.82,0.26,0.39,0.56,28.8,0.41,luxury,critical,0.67,25.1,12.9,13.2,0,0,1.0,17.24
52.08,1.13,0.49,0.78,0.16,0.03,0.42,hazmat,high,0.85,33.5,28.9,20.7,0,1,1.4,15.88
99.61,2.05,0.63,0.94,0.42,5.62,5.17,hazmat,standard,0.78,28.6,30.9,24.7,0,2,1.4,43.11
208.62,2.5,0.23,0.29,0.54,3.25,2.38,general,high,0.81,34.0,16.7,13.0,1,0,1.0,46.55
107.21,1.68,0.66,0.79,0.13,7.61,2.16,medicine,low,0.68,34.7,43.7,24.7,0,0,1.2,27.99
239.73,1.92,0.09,0.76,0.62,4.38,1.99,furniture,standard,0.83,32.8,5.7,4.9,1,0,1.0,26.05
197.7,1.33,0.54,0.81,0.46,2.13,0.99,hazmat,standard,0.89,28.5,30.7,22.3,1,1,1.4,38.88
318.67,1.19,0.31,0.55,0.5,0.5,1.08,general,high,0.88,35.3,19.6,14.7,1,0,1.0,7.54
104.19,1.31,0.48,0.13,0.13,1.32,0.1,hazmat,low,0.69,34.4,31.1,19.6,0,0,1.4,15.27
208.07,1.61,0.2,0.22,0.33,2.72,3.06,general,high,0.8,24.6,10.5,8.4,1,0,1.0,17.39
193.57,1.8,0.1,0.48,0.23,1.56,6.21,furniture,standard,0.71,26.5,6.4,3.5,0,1,1.0,26.32
133.58,1.27,0.37,0.75,0.3,0.81,5.57,general,standard,0.97,24.5,29.1,15.5,0,0,1.0,15.22
95.86,1.37,0.41,0.85,0.43,0.3,0.56,furniture,standard,0.78,31.9,32.5,23.2,0,0,1.0,9.44
141.48,1.95,0.48,0.81,0.47,2.3,6.18,perishable,standard,0.69,31.3,29.9,26.8,1,0,1.2,48.65
60.5,2.19,0.62,0.73,0.05,8.42,15.66,medicine,high,0.73,30.5,44.0,26.9,0,2,1.2,31.97
171.65,1.52,0.15,0.84,0.13,2.44,2.42,general,high,0.68,33.9,9.0,6.9,1,1,1.0,17.21
151.8,2.18,0.62,0.61,0.55,1.32,3.02,furniture,high,0.95,28.4,35.3,26.4,1,1,1.0,49.14
167.27,1.96,0.22,0.1,0.55,4.03,0.75,medicine,standard,0.8,27.9,17.5,13.1,0,0,1.2,18.31
133.26,1.17,0.09,0.67,0.34,12.95,2.94,hazmat,low,0.8,32.8,6.3,5.1,1,0,1.4,13.78
112.02,1.19,0.26,0.88,0.21,5.8,3.46,medicine,standard,0.88,30.6,20.8,14.2,0,0,1.2,14.81
128.1,2.04,0.65,0.55,0.44,4.78,6.41,perishable,critical,0.71,34.4,32.6,36.6,0,1,1.2,34.0
59.75,2.24,0.64,0.66,0.18,3.43,2.75,perishable,critical,0.81,27.9,38.9,22.5,0,0,1.2,14.85
195.43,1.99,0.5,0.89,0.18,0.41,0.94,general,critical,0.92,27.7,35.8,23.8,0,1,1.0,20.12
121.08,2.33,0.4,0.9,0.41,11.84,7.49,furniture,standard,0.86,27.4,23.2,14.1,0,0,1.0,38.88
202.06,2.33,0.37,0.76,0.34,0.82,2.82,furniture,critical,0.65,27.1,23.6,20.2,0,0,1.0,31.83
113.31,1.09,0.5,0.33,0.41,1.11,4.26,perishable,standard,0.92,30.5,39.8,21.2,0,0,1.2,10.19
142.64,2.66,0.18,0.18,0.62,1.07,10.38,luxury,high,0.98,32.1,10.2,9.0,0,0,1.0,28.9
74.97,2.53,0.21,0.35,0.69,5.12,8.64,medicine,high,0.8,26.7,11.4,8.5,1,0,1.2,20.17
277.97,1.59,0.24,0.98,0.28,0.71,2.96,general,standard,0.75,29.1,17.8,8.9,0,1,1.0,25.18
243.37,2.01,0.12,0.55,0.39,1.82,1.49,perishable,standard,0.95,32.3,6.7,5.0,0,2,1.2,49.32
185.99,1.24,0.08,0.82,0.47,1.02,6.24,medicine,high,0.75,30.1,4.7,4.4,0,1,1.2,10.72
231.76,2.64,0.28,0.33,0.33,9.81,0.81,general,critical,0.72,34.6,13.7,10.2,0,1,1.0,52.9
173.54,1.69,0.07,0.87,0.57,0.22,4.92,hazmat,low,0.72,27.1,4.5,2.5,0,0,1.4,28.68
111.47,1.14,0.67,0.38,0.44,0.85,4.66,luxury,standard,0.86,35.2,38.9,38.2,0,0,1.0,6.85
122.14,1.52,0.2,0.97,0.29,0.03,6.29,furniture,high,0.63,27.1,13.8,8.2,1,0,1.0,12.36
129.01,1.53,0.1,0.62,0.36,4.49,5.43,general,critical,0.84,29.7,7.2,3.8,0,0,1.0,10.34
99.67,1.27,0.32,0.9,0.68,2.15,0.47,hazmat,high,0.79,28.4,19.2,17.4,0,0,1.4,14.43
94.14,2.25,0.07,0.1,0.65,7.91,1.58,general,high,0.86,31.6,5.2,3.6,0,0,1.0,16.19
209.7,1.9,0.29,0.41,0.35,0.76,2.48,medicine,standard,0.67,26.8,19.1,16.6,0,2,1.2,46.38
97.6,1.59,0.73,0.45,0.44,5.24,0.37,general,standard,0.87,30.2,57.4,41.1,0,1,1.0,21.27
79.8,1.56,0.24,0.69,0.33,5.52,0.56,perishable,low,0.94,29.9,16.9,12.2,0,0,1.2,16.41
121.95,2.64,0.27,0.59,0.52,0.76,0.12,perishable,standard,0.88,32.2,20.8,11.6,1,0,1.2,38.74
287.91,1.11,0.44,0.71,0.3,1.31,0.76,furniture,low,0.79,33.0,32.5,15.8,0,1,1.0,13.19
100.6,1.39,0.57,0.49,0.09,0.47,0.74,general,standard,0.86,29.7,45.6,22.8,0,0,1.0,16.37
258.77,1.8,0.07,0.34,0.53,2.96,0.2,furniture,low,0.81,32.6,4.6,2.6,1,0,1.0,43.09
27.97,1.57,0.28,0.95,0.51,8.07,0.46,perishable,high,0.92,28.1,16.7,9.9,1,0,1.2,11.08
43.05,1.66,0.74,0.29,0.31,0.06,10.26,perishable,standard,0.7,28.6,40.3,32.5,0,1,1.2,24.23
273.78,2.85,0.12,0.86,0.36,2.91,1.81,general,standard,0.81,29.6,7.5,4.9,1,0,1.0,56.17
200.07,2.1,0.65,0.91,0.67,11.52,3.99,furniture,critical,0.67,31.2,45.2,35.4,1,1,1.0,44.1
286.24,1.35,0.1,0.35,0.13,9.16,3.42,general,critical,0.88,30.3,5.6,5.1,0,0,1.0,15.17
233.71,2.26,0.11,0.62,0.14,0.09,0.99,perishable,standard,0.82,26.1,6.5,4.0,0,0,1.2,39.08
176.57,1.79,0.56,0.76,0.56,6.98,0.15,medicine,high,0.94,30.8,35.0,24.3,1,0,1.2,40.12
97.5,1.18,0.01,0.89,0.19,1.15,1.7,medicine,critical,0.63,24.6,0.7,0.5,0,0,1.2,3.41
271.29,2.21,0.07,0.85,0.11,1.22,7.89,general,standard,0.84,33.2,4.1,3.1,0,0,1.0,36.05
179.29,1.91,0.46,0.84,0.53,4.27,10.8,perishable,standard,0.68,31.1,32.2,19.7,0,0,1.2,27.63
104.77,1.05,0.6,0.16,0.24,5.28,1.15,furniture,critical,0.72,30.5,39.3,23.5,0,1,1.0,8.78
89.94,1.77,0.73,0.98,0.08,3.8,10.11,perishable,low,0.95,28.1,41.1,41.7,0,1,1.2,30.95
49.29,1.79,0.12,0.57,0.76,13.23,4.53,hazmat,low,0.7,37.2,8.4,5.1,0,1,1.4,26.31
226.51,1.34,0.17,0.38,0.77,4.39,1.05,general,standard,0.97,26.8,11.7,6.4,0,0,1.0,10.97
49.56,2.28,0.45,0.28,0.07,5.02,3.45,general,standard,0.98,34.8,28.9,17.7,0,0,1.0,5.25
275.9,1.17,0.32,0.97,0.42,5.86,10.85,perishable,critical,0.72,34.3,15.8,16.4,1,0,1.2,19.38
211.27,1.66,0.22,0.15,0.31,2.72,8.37,general,low,0.59,30.4,12.0,8.7,1,1,1.0,21.1
232.35,1.74,0.07,0.94,0.44,2.84,0.96,furniture,high,0.78,29.9,4.2,2.9,0,1,1.0,27.58
172.18,1.08,0.18,0.29,0.34,7.21,11.25,furniture,high,0.76,30.2,12.6,6.8,0,0,1.0,3.9
43.0,1.72,0.3,0.98,0.19,5.68,3.78,furniture,critical,0.93,28.6,18.9,12.7,0,0,1.0,4.76
151.58,1.34,0.05,0.14,0.6,5.33,1.71,perishable,standard,0.64,29.7,3.8,2.0,0,1,1.2,16.12
85.05,1.47,0.21,0.22,0.38,1.7,2.02,perishable,low,0.82,25.1,15.3,12.0,0,0,1.2,16.58
153.58,1.01,0.18,0.11,0.75,2.04,5.39,general,critical,0.68,32.0,12.2,9.4,1,0,1.0,6.04
18.66,1.33,0.38,0.11,0.23,0.6,6.61,general,low,0.93,31.0,24.9,20.1,0,0,1.0,8.32
49.32,1.7,0.67,0.93,0.2,6.02,15.53,general,high,0.88,24.7,48.2,31.3,1,1,1.0,29.57
39.72,1.9,0.55,0.79,0.39,2.86,2.7,general,critical,0.92,25.4,42.9,21.9,1,0,1.0,17.87
208.54,1.85,0.44,0.91,0.22,2.18,1.49,perishable,high,0.77,28.2,29.6,17.4,0,0,1.2,32.0
186.92,1.62,0.03,0.13,0.2,1.36,0.99,furniture,standard,0.61,26.7,2.1,1.5,0,0,1.0,14.63
276.23,1.93,0.14,0.16,0.2,0.92,0.57,perishable,standard,0.67,30.2,11.1,6.3,0,0,1.2,42.87
152.68,2.13,0.35,0.99,0.2,6.16,4.59,luxury,critical,0.8,30.5,26.2,13.2,1,1,1.0,40.74
123.2,1.65,0.38,0.54,0.39,3.55,0.31,general,low,0.67,34.6,20.1,19.1,0,1,1.0,22.33
89.92,1.4,0.46,0.22,0.51,6.94,0.43,medicine,critical,0.69,31.7,26.8,22.3,0,0,1.2,12.22
119.3,1.72,0.17,0.5,0.21,4.55,2.49,furniture,high,0.93,27.6,9.2,9.3,1,0,1.0,13.13
85.9,1.31,0.49,0.19,0.11,10.56,2.7,medicine,low,0.72,25.2,38.6,26.9,0,2,1.2,21.58
43.6,1.99,0.2,0.98,0.06,9.83,1.72,luxury,standard,0.96,31.7,13.6,10.3,0,1,1.0,9.6
194.13,1.77,0.08,0.75,0.34,4.4,17.27,hazmat,low,0.81,28.0,6.4,4.2,0,1,1.4,46.37
113.52,2.55,0.43,0.28,0.75,12.69,0.71,general,standard,0.9,24.2,22.5,23.6,0,1,1.0,35.98
263.6,1.44,0.1,0.61,0.47,14.75,0.95,furniture,high,0.79,35.5,7.6,5.6,0,1,1.0,22.46
187.24,2.39,0.53,0.75,0.27,0.67,2.34,perishable,low,0.73,33.8,29.9,29.3,0,0,1.2,56.66
62.02,2.03,0.11,0.77,0.35,18.04,17.37,general,standard,0.79,28.3,6.1,5.3,0,0,1.0,15.4
184.41,1.67,0.02,0.37,0.38,7.26,1.02,general,standard,0.85,29.8,1.2,1.1,0,0,1.0,23.02
223.33,1.15,0.24,0.17,0.39,4.91,0.48,luxury,standard,0.88,28.0,17.8,9.6,0,0,1.0,7.72
253.92,1.09,0.46,0.89,0.23,13.28,5.63,general,standard,0.84,30.0,25.2,18.1,0,0,1.0,14.16
162.77,1.22,0.52,0.94,0.33,7.91,0.89,general,standard,0.87,27.3,34.9,26.9,0,0,1.0,13.41
199.11,2.88,0.44,0.59,0.42,9.63,0.65,general,standard,0.96,33.1,23.6,16.3,0,1,1.0,46.63
123.33,1.65,0.17,0.88,0.37,1.0,3.39,general,standard,0.79,29.6,12.0,8.0,0,0,1.0,10.97
74.94,1.97,0.06,0.59,0.13,2.72,0.6,luxury,standard,0.88,33.3,3.9,3.3,0,0,1.0,13.96
212.78,2.18,0.16,0.34,0.1,2.33,10.89,perishable,critical,0.85,26.9,8.9,6.7,1,0,1.2,33.45
138.0,1.06,0.57,0.69,0.4,1.49,0.17,furniture,high,0.95,25.8,33.5,24.5,0,1,1.0,11.71
269.82,1.4,0.42,0.61,0.19,1.44,0.1,hazmat,standard,0.75,36.3,21.7,16.4,0,0,1.4,24.47
278.32,2.3,0.15,0.92,0.26,0.94,7.92,medicine,high,0.84,32.8,12.0,6.4,1,1,1.2,45.64
30.44,1.82,0.53,0.95,0.18,4.56,3.45,perishable,high,0.58,23.9,27.1,20.8,1,1,1.2,36.39
169.26,1.46,0.05,0.5,0.05,5.39,9.46,general,critical,0.81,32.4,2.6,2.4,0,4,1.0,14.39
84.72,1.19,0.1,0.26,0.28,17.9,1.94,perishable,high,0.95,31.6,5.9,4.3,0,1,1.2,9.98
73.61,2.2,0.56,0.81,0.13,28.59,17.65,general,critical,0.71,29.2,32.6,20.3,0,0,1.0,26.24
93.55,2.0,0.09,0.31,0.61,3.57,0.78,general,standard,0.75,31.3,5.2,3.5,0,0,1.0,16.34
69.35,2.02,0.08,0.62,0.29,5.89,0.61,general,standard,0.9,36.1,5.5,4.5,1,1,1.0,9.58
91.43,1.13,0.07,0.7,0.57,3.58,0.07,medicine,low,0.97,29.5,3.9,3.2,0,1,1.2,6.9
96.17,2.4,0.03,0.86,0.17,0.65,1.54,luxury,critical,0.85,26.7,1.5,1.4,1,0,1.0,16.39
307.46,1.21,0.35,0.29,0.26,8.62,4.03,hazmat,high,0.68,30.5,18.2,18.9,0,1,1.4,27.37
262.26,1.12,0.3,0.85,0.31,2.45,0.89,general,high,0.6,23.5,21.0,11.2,1,2,1.0,13.77
196.87,1.15,0.5,0.56,0.11,2.34,6.72,furniture,standard,0.81,29.7,30.1,24.7,0,0,1.0,7.69
162.63,1.72,0.47,0.58,0.28,5.17,0.16,general,standard,0.94,30.4,37.8,21.7,1,0,1.0,33.56
108.73,2.52,0.66,0.94,0.11,6.35,7.27,general,standard,0.72,29.6,42.1,32.3,0,1,1.0,34.25
246.71,2.15,0.51,0.44,0.15,6.07,0.25,general,standard,0.94,32.9,39.1,18.8,1,0,1.0,52.0
157.26,1.06,0.36,0.13,0.17,5.02,3.2,general,high,0.8,29.5,21.1,13.0,1,0,1.0,5.9
143.51,2.15,0.68,0.34,0.47,6.08,0.38,luxury,standard,0.86,29.2,50.4,32.6,1,0,1.0,33.18
174.15,1.82,0.15,0.79,0.54,4.02,2.5,hazmat,standard,0.91,29.6,10.8,8.6,0,0,1.4,31.67
241.32,1.85,0.37,0.86,0.65,2.05,1.02,luxury,low,0.76,32.1,26.0,21.5,0,0,1.0,31.79
133.62,1.98,0.32,0.55,0.43,2.52,1.62,general,low,0.78,24.3,25.7,14.8,0,0,1.0,23.94
62.48,2.08,0.4,0.52,0.61,15.59,0.88,luxury,standard,0.69,33.9,21.8,21.5,0,1,1.0,22.18
21.85,1.44,0.21,0.42,0.39,2.02,0.05,perishable,standard,0.96,32.8,15.1,7.9,0,1,1.2,6.74
63.27,1.2,0.08,0.85,0.09,8.74,7.18,perishable,standard,0.89,26.4,6.4,3.4,0,2,1.2,9.11
172.43,1.59,0.2,0.47,0.4,4.83,3.89,furniture,high,0.94,35.9,12.7,7.9,1,1,1.0,19.46
86.35,2.35,0.7,0.32,0.32,0.68,0.18,medicine,standard,0.83,30.4,47.2,28.3,1,0,1.2,49.76
179.35,1.3,0.35,0.75,0.3,0.26,1.11,general,standard,0.95,28.6,23.3,14.1,0,0,1.0,4.17
202.92,3.04,0.22,0.57,0.22,13.13,4.15,furniture,standard,0.92,28.2,15.8,8.9,1,2,1.0,58.61
176.73,1.58,0.09,0.17,0.55,3.54,2.09,perishable,standard,0.85,28.6,6.8,3.4,0,0,1.2,24.05
58.88,1.98,0.07,0.71,0.35,0.46,2.08,general,standard,0.89,29.5,4.0,2.7,1,0,1.0,12.04
83.03,1.71,0.59,0.47,0.7,2.94,0.26,perishable,critical,0.84,28.9,29.1,27.9,0,0,1.2,15.26
275.72,2.08,0.66,0.87,0.44,10.9,0.14,general,high,0.88,27.9,39.4,28.1,0,0,1.0,43.47
263.23,1.78,0.12,0.95,0.1,6.01,14.02,luxury,critical,0.78,31.3,8.0,5.5,0,2,1.0,24.83
267.61,2.29,0.15,0.97,0.63,0.02,5.86,hazmat,high,0.76,35.6,8.5,5.7,1,0,1.4,67.69
215.65,1.23,0.73,0.99,0.46,4.14,1.25,luxury,low,0.88,32.2,53.8,27.7,0,1,1.0,19.74
252.52,1.21,0.07,0.87,0.28,0.94,7.29,medicine,critical,0.94,28.0,4.8,2.7,0,1,1.2,14.01
50.92,1.14,0.13,0.43,0.25,1.87,7.74,furniture,standard,0.79,28.4,8.1,4.6,0,0,1.0,5.46
84.59,1.43,0.11,0.33,0.64,0.2,3.86,perishable,low,0.66,30.5,8.1,5.1,0,1,1.2,18.45
172.52,1.07,0.57,0.28,0.21,0.08,0.39,furniture,standard,0.73,36.1,40.1,29.9,0,0,1.0,5.12
75.18,1.57,0.18,0.77,0.16,1.18,1.72,furniture,low,0.9,31.4,10.8,8.5,1,0,1.0,14.16
135.84,1.8,0.28,0.68,0.05,6.54,10.22,perishable,standard,0.92,29.9,19.1,13.4,1,0,1.2,24.06
98.43,1.96,0.54,0.62,0.68,4.24,1.61,hazmat,low,0.66,32.1,42.4,19.4,0,1,1.4,51.56
250.17,2.2,0.1,0.47,0.12,0.61,12.93,perishable,low,0.71,31.5,5.3,4.6,0,0,1.2,60.36
127.57,1.34,0.11,0.79,0.06,3.3,13.71,luxury,high,0.74,34.5,5.8,4.4,0,0,1.0,11.36
96.86,1.4,0.76,0.47,0.5,0.54,0.63,general,high,0.96,25.9,46.4,31.4,0,1,1.0,15.07
273.95,2.48,0.23,0.5,0.13,3.53,1.39,perishable,standard,0.76,25.5,16.0,11.2,0,0,1.2,52.99
73.42,2.61,0.45,0.4,0.11,8.03,3.75,perishable,standard,0.68,31.3,32.6,19.5,0,1,1.2,31.86
141.21,1.37,0.68,0.52,0.28,3.46,0.86,luxury,standard,0.84,31.8,40.7,32.9,0,1,1.0,11.56
225.14,1.05,0.45,0.21,0.29,1.08,1.21,hazmat,critical,0.63,27.1,29.6,24.2,1,0,1.4,19.08
63.97,2.06,0.33,0.93,0.22,3.05,1.37,hazmat,standard,0.9,29.5,16.9,12.0,0,0,1.4,20.4
133.38,1.29,0.72,0.78,0.16,3.18,2.88,luxury,standard,0.84,23.3,57.0,26.4,1,1,1.0,30.13
56.91,1.89,0.5,0.61,0.12,5.46,3.61,medicine,critical,0.97,28.0,30.6,24.4,0,1,1.2,20.98
184.49,1.73,0.02,0.88,0.43,2.3,2.21,general,standard,0.9,25.2,1.4,1.1,1,0,1.0,17.13
216.45,1.34,0.14,0.23,0.33,5.8,14.02,general,high,0.75,32.4,7.7,5.2,0,1,1.0,14.6
99.37,1.41,0.13,0.22,0.32,2.74,4.94,general,critical,0.87,27.6,9.2,7.0,1,1,1.0,9.2
127.22,2.08,0.33,0.79,0.25,5.63,1.16,furniture,low,0.89,33.6,26.4,12.4,0,0,1.0,30.98
210.74,1.98,0.12,0.44,0.54,4.52,2.24,furniture,high,0.69,27.4,8.4,6.1,1,0,1.0,39.21
99.35,1.6,0.21,0.8,0.15,3.85,5.23,medicine,standard,0.89,31.0,15.7,9.6,0,0,1.2,19.4
73.26,1.36,0.8,0.82,0.25,2.55,3.04,general,high,0.85,32.1,48.3,47.9,0,0,1.0,14.68
180.26,2.28,0.13,0.92,0.38,11.02,0.64,general,standard,0.74,27.2,8.7,6.1,0,0,1.0,41.31
149.21,1.94,0.41,0.39,0.38,2.4,7.06,general,high,0.93,31.9,30.6,16.8,0,0,1.0,16.36
105.22,1.86,0.13,0.15,0.22,3.89,9.35,luxury,critical,0.99,28.1,7.7,7.4,0,0,1.0,9.94
200.43,2.0,0.23,0.54,0.04,0.06,4.59,furniture,high,0.67,33.5,16.8,12.6,0,0,1.0,23.31
159.44,1.13,0.61,0.17,0.44,9.09,1.02,luxury,low,0.92,31.9,43.4,33.4,0,0,1.0,9.21
170.06,2.06,0.45,0.56,0.37,0.73,0.46,medicine,standard,0.8,25.6,27.1,18.8,0,1,1.2,40.82
203.37,2.47,0.2,0.88,0.13,6.88,4.69,perishable,critical,0.69,29.7,15.1,7.7,0,2,1.2,49.86
122.2,1.54,0.6,0.58,0.3,18.8,11.47,perishable,high,0.83,31.5,36.4,23.1,0,0,1.2,21.56
147.73,1.57,0.54,0.27,0.05,1.64,4.97,general,critical,0.79,29.9,39.9,24.3,0,0,1.0,17.83
139.67,1.13,0.34,0.3,0.8,17.78,0.14,perishable,high,0.73,24.0,25.1,12.0,0,0,1.2,10.46
119.46,2.15,0.53,0.88,0.15,0.05,2.94,general,high,0.95,33.8,42.4,22.0,0,0,1.0,19.94
121.87,1.54,0.16,0.86,0.31,9.37,2.22,hazmat,standard,0.7,28.0,9.1,8.3,0,2,1.4,24.39
205.58,1.49,0.31,0.52,0.42,1.07,0.41,medicine,low,0.81,30.6,20.7,14.2,0,1,1.2,24.49
136.89,1.28,0.1,0.79,0.68,11.95,16.33,luxury,high,0.84,33.7,7.7,4.8,0,0,1.0,12.65
70.34,1.41,0.56,0.11,0.04,4.44,2.74,perishable,standard,0.83,33.2,36.8,26.8,1,1,1.2,34.53
46.26,1.74,0.43,0.88,0.17,7.85,9.04,furniture,low,0.87,30.3,27.6,24.3,1,0,1.0,21.59
61.86,2.14,0.47,0.28,0.58,0.69,1.5,perishable,standard,0.81,28.0,33.2,25.1,0,0,1.2,26.6
52.75,1.12,0.5,0.31,0.08,2.93,7.4,general,high,0.86,30.5,25.2,29.4,0,0,1.0,7.45
264.09,1.69,0.35,0.59,0.37,0.98,0.21,furniture,standard,0.92,28.7,24.7,13.4,1,0,1.0,20.92
184.34,2.26,0.33,0.52,0.24,2.17,1.61,general,standard,0.87,33.2,19.3,12.0,0,0,1.0,29.5
128.92,1.7,0.02,0.23,0.55,7.21,0.55,perishable,standard,0.85,29.4,1.2,0.8,0,0,1.2,11.76
262.29,1.93,0.47,0.73,0.06,1.59,2.88,perishable,standard,0.89,27.0,26.0,24.5,1,0,1.2,59.87
190.0,1.83,0.54,0.62,0.24,6.17,5.55,furniture,low,0.85,34.1,30.7,20.5,1,0,1.0,39.17
55.56,1.91,0.22,0.92,0.15,3.99,5.26,general,high,0.69,29.8,10.8,7.9,0,0,1.0,18.0
56.09,1.87,0.16,0.97,0.22,4.05,3.36,general,standard,0.88,26.5,12.0,8.4,0,0,1.0,8.76
118.63,1.82,0.52,0.45,0.09,0.09,5.47,hazmat,high,0.64,33.8,35.0,30.5,0,0,1.4,39.69
113.54,1.84,0.16,0.44,0.44,1.09,7.02,hazmat,standard,0.82,26.7,10.9,6.9,1,0,1.4,23.38
155.58,1.28,0.28,0.87,0.12,11.3,0.54,medicine,high,0.7,29.9,13.9,16.6,1,0,1.2,14.44
207.6,1.85,0.24,0.21,0.18,2.66,2.64,perishable,standard,0.79,32.8,17.9,9.4,1,0,1.2,34.83
124.13,1.09,0.2,0.13,0.36,1.18,12.83,medicine,critical,0.84,29.4,12.8,9.8,1,2,1.2,9.44
313.57,1.91,0.46,0.12,0.93,5.74,4.57,furniture,standard,0.77,29.2,28.0,26.9,1,0,1.0,53.27
185.98,1.82,0.06,0.96,0.21,9.78,4.86,furniture,standard,0.61,35.0,4.1,2.8,0,1,1.0,29.8
174.78,1.3,0.54,0.5,0.21,7.63,11.92,furniture,standard,0.73,28.0,36.5,30.1,0,2,1.0,24.24
133.62,1.05,0.43,0.68,0.17,4.06,0.75,perishable,standard,0.93,27.1,34.4,25.4,1,0,1.2,19.72
226.65,1.63,0.57,0.22,0.35,0.33,2.7,perishable,standard,0.62,29.4,35.9,20.6,0,2,1.2,34.33
153.37,1.61,0.45,0.14,0.16,1.18,1.7,general,high,0.67,30.7,35.3,26.3,0,0,1.0,16.52
89.22,1.3,0.3,0.9,0.68,4.66,6.74,medicine,standard,0.98,31.8,23.6,13.1,0,0,1.2,13.12
149.19,1.64,0.31,0.77,0.6,6.05,18.37,hazmat,standard,0.87,26.6,15.6,15.3,0,0,1.4,31.26
176.4,2.03,0.84,0.78,0.63,14.7,1.0,general,high,0.9,31.9,54.2,44.1,0,0,1.0,38.84
107.17,1.27,0.3,0.52,0.18,7.28,2.36,luxury,high,0.95,33.4,17.2,17.7,0,0,1.0,10.14
93.14,1.6,0.35,0.66,0.91,3.87,3.14,general,standard,0.67,30.6,19.6,18.1,1,0,1.0,14.67
140.31,1.58,0.18,0.66,0.14,4.73,10.44,perishable,high,0.65,31.0,11.2,8.1,0,1,1.2,16.68
154.24,1.71,0.49,0.99,0.18,1.11,0.78,perishable,standard,0.72,36.0,36.0,29.4,0,0,1.2,32.19
176.74,1.7,0.25,0.52,0.2,0.97,0.68,perishable,high,0.8,28.8,20.1,13.7,0,0,1.2,20.51
211.16,1.76,0.48,0.46,0.09,0.91,4.33,hazmat,standard,0.67,35.7,27.2,19.4,1,0,1.4,54.43
145.33,1.44,0.22,0.74,0.74,7.58,11.91,general,critical,0.67,31.6,17.0,10.3,1,1,1.0,13.85
118.86,2.66,0.56,0.72,0.33,0.21,7.65,general,low,0.98,26.3,43.6,22.6,0,2,1.0,40.86
173.8,1.19,0.89,0.64,0.09,8.9,0.45,luxury,critical,0.9,28.2,68.3,52.6,0,0,1.0,13.68
95.84,1.25,0.01,0.45,0.35,2.67,3.66,luxury,standard,0.92,26.6,0.6,0.4,0,0,1.0,5.13
59.7,1.99,0.65,0.5,0.31,3.84,3.53,hazmat,high,0.75,29.0,47.2,35.3,1,1,1.4,48.16
106.21,2.42,0.62,0.32,0.22,7.9,2.76,general,high,0.62,29.2,47.6,24.6,0,0,1.0,29.7
120.65,2.66,0.18,0.31,0.05,1.2,0.88,general,standard,0.83,26.2,10.6,7.8,1,0,1.0,21.48
136.56,1.23,0.36,0.88,0.17,1.1,5.35,furniture,high,0.89,25.7,28.8,15.0,1,0,1.0,26.75
119.0,1.51,0.31,0.3,0.22,3.41,0.41,general,standard,0.67,27.0,23.5,17.5,1,1,1.0,16.14
159.99,2.22,0.77,0.86,0.28,11.23,5.0,perishable,critical,0.86,33.9,41.5,38.9,1,0,1.2,59.46
146.04,1.96,0.46,0.26,0.23,4.43,2.13,perishable,high,0.9,30.5,32.2,21.1,0,1,1.2,29.9
112.97,1.6,0.54,0.59,0.32,0.1,3.72,hazmat,critical,0.75,25.6,29.6,25.0,0,0,1.4,23.19
54.71,2.03,0.54,0.53,0.15,5.32,5.74,hazmat,standard,0.87,32.1,39.7,27.8,0,0,1.4,22.98
39.11,2.11,0.64,0.79,0.21,4.57,0.74,luxury,standard,0.84,27.3,40.3,29.6,1,1,1.0,21.55
56.08,1.65,0.17,0.9,0.56,2.34,1.4,hazmat,critical,0.67,26.3,8.7,6.9,0,2,1.4,25.56
103.61,1.11,0.22,0.33,0.68,2.26,1.61,general,critical,0.66,28.0,14.8,10.0,0,1,1.0,6.65
80.4,2.34,0.29,0.51,0.26,0.49,4.54,luxury,standard,0.94,33.1,16.1,11.9,1,0,1.0,15.17
126.2,1.31,0.38,0.26,0.69,0.02,1.45,medicine,high,0.68,30.8,24.4,20.8,0,2,1.2,22.39
62.99,2.61,0.5,0.41,0.13,0.24,16.3,hazmat,high,0.9,24.5,38.0,26.1,0,0,1.4,31.19
101.35,1.14,0.59,0.32,0.09,0.06,1.48,general,high,0.87,24.1,33.7,34.0,0,0,1.0,7.53
51.5,1.04,0.49,0.97,0.08,8.58,12.06,furniture,high,0.81,29.0,31.6,22.1,0,0,1.0,10.93
65.19,1.65,0.55,0.49,0.1,12.37,2.69,medicine,critical,0.64,26.1,39.2,20.8,0,1,1.2,26.23
177.02,2.51,0.35,0.34,0.23,0.12,0.39,medicine,standard,0.91,32.7,17.5,15.8,1,1,1.2,31.73
194.79,1.62,0.26,0.19,0.67,3.62,1.93,medicine,high,0.74,31.5,16.5,14.5,0,0,1.2,29.09
75.28,1.27,0.0,0.41,0.56,0.92,0.16,furniture,critical,0.68,26.9,0.0,0.0,1,1,1.0,3.77
97.02,1.24,0.4,0.91,0.47,3.45,1.81,perishable,high,0.54,33.7,29.1,23.4,1,1,1.2,22.96
134.5,1.01,0.23,0.74,0.23,3.62,2.02,hazmat,critical,0.74,31.7,13.1,8.6,0,1,1.4,8.0
251.69,1.03,0.44,0.23,0.78,0.42,0.03,general,high,0.73,30.4,23.9,20.2,1,0,1.0,4.62
124.36,2.26,0.17,0.11,0.46,3.74,0.95,general,high,0.62,35.0,12.9,7.8,0,1,1.0,30.11
68.54,1.41,0.05,0.64,0.06,11.8,3.03,general,critical,0.86,26.7,3.9,2.4,0,0,1.0,3.78
225.38,1.73,0.19,0.96,0.38,0.06,8.03,medicine,low,0.92,26.4,11.2,9.6,0,1,1.2,33.06
48.39,1.05,0.18,0.36,0.19,3.93,8.51,hazmat,standard,0.94,28.4,9.2,10.6,0,0,1.4,5.49
124.33,1.23,0.63,0.44,0.34,0.81,7.89,luxury,high,0.81,27.3,45.3,28.0,0,0,1.0,13.39
249.68,1.74,0.04,0.84,0.09,5.82,7.98,furniture,standard,0.92,36.3,2.6,1.6,1,2,1.0,31.44
57.75,1.48,0.34,0.44,0.12,0.44,1.45,perishable,critical,0.71,25.2,25.8,13.1,0,0,1.2,12.05
124.55,1.73,0.31,0.58,0.48,11.71,0.75,general,high,0.78,30.6,23.9,16.6,1,0,1.0,16.63
120.91,1.44,0.25,0.13,0.51,0.71,2.76,general,standard,0.94,30.5,12.3,12.6,1,0,1.0,11.3
298.55,1.14,0.45,0.71,0.71,4.91,2.46,medicine,standard,0.73,32.2,35.3,17.9,0,1,1.2,14.04
184.96,1.18,0.77,0.12,0.36,30.0,1.21,perishable,critical,0.67,24.5,38.4,40.1,0,0,1.2,24.3
211.06,1.14,0.65,0.43,0.11,10.32,0.11,hazmat,high,0.85,31.7,49.4,28.3,1,1,1.4,29.84
178.06,1.12,0.39,0.18,0.63,14.57,7.87,general,standard,0.78,26.8,27.8,21.7,1,0,1.0,20.38
207.52,1.69,0.53,0.14,0.71,4.14,0.94,medicine,high,0.81,30.0,27.3,27.2,1,0,1.2,31.36
121.5,1.62,0.45,0.1,0.35,0.39,8.83,perishable,standard,0.84,28.3,33.1,25.3,0,1,1.2,22.5
181.66,1.05,0.28,0.12,0.34,3.18,2.07,furniture,critical,0.83,27.4,21.3,10.4,0,1,1.0,6.03
63.21,2.27,0.33,0.63,0.22,3.15,1.47,general,standard,0.81,34.7,22.4,15.5,0,1,1.0,19.74
33.36,2.05,0.08,0.12,0.48,2.41,5.17,medicine,standard,0.68,26.8,5.5,3.2,0,0,1.2,13.07
301.62,2.58,0.75,0.17,0.09,9.28,2.37,furniture,high,0.81,27.4,47.4,29.6,0,0,1.0,67.67
262.17,1.18,0.13,0.47,0.28,11.53,3.75,luxury,standard,0.7,26.9,6.5,6.9,0,0,1.0,8.64
244.19,1.71,0.7,0.47,0.54,9.15,7.3,furniture,high,0.77,32.8,35.0,26.1,0,0,1.0,34.4
177.38,2.26,0.44,0.34,0.06,1.46,11.86,perishable,standard,0.8,26.2,22.0,25.7,1,1,1.2,66.54
302.62,1.85,0.15,0.7,0.44,1.11,12.59,general,high,0.86,29.2,11.4,6.6,0,1,1.0,42.84
147.71,1.33,0.2,0.16,0.36,0.23,6.7,luxury,low,0.86,27.5,11.8,10.8,1,1,1.0,12.1
291.29,1.61,0.32,0.36,0.14,4.87,8.05,luxury,low,0.8,31.6,16.0,15.9,0,1,1.0,30.36
206.19,2.81,0.35,0.73,0.66,4.96,13.94,general,critical,0.77,35.6,24.0,19.9,0,1,1.0,40.73
219.02,1.52,0.75,0.2,0.38,1.07,5.4,luxury,high,0.77,29.8,44.2,37.4,0,2,1.0,26.99
151.34,2.02,0.59,0.74,0.33,5.29,1.83,medicine,high,0.71,24.8,37.5,29.7,1,1,1.2,41.86
223.57,1.47,0.21,0.11,0.34,0.01,3.71,perishable,low,0.88,28.5,12.8,8.3,0,0,1.2,26.28
65.44,1.32,0.53,0.73,0.28,1.66,1.77,general,high,0.88,30.2,41.9,27.9,0,0,1.0,7.03
220.01,2.34,0.1,0.81,0.14,3.07,9.91,perishable,critical,0.81,33.0,6.4,5.8,1,0,1.2,43.23
205.0,2.23,0.35,0.73,0.18,0.52,16.14,medicine,standard,0.77,34.4,21.1,20.7,0,0,1.2,50.24
255.31,1.49,0.36,0.78,0.3,2.96,13.7,medicine,standard,0.88,29.3,23.7,15.5,1,1,1.2,33.46
218.92,1.61,0.46,0.84,0.3,1.14,3.96,furniture,standard,0.89,34.4,30.3,26.6,0,1,1.0,29.99
163.72,2.55,0.36,0.52,0.28,1.63,10.95,medicine,standard,0.92,33.5,20.0,20.3,0,0,1.2,45.87
202.03,1.83,0.55,0.43,0.24,3.25,2.78,furniture,standard,0.83,26.5,31.9,32.0,0,0,1.0,24.16
141.81,2.06,0.47,0.7,0.26,10.87,0.02,luxury,high,0.79,28.2,31.1,26.2,0,0,1.0,30.74
106.05,1.41,0.55,0.62,0.47,4.32,0.23,medicine,standard,0.91,30.8,30.4,30.1,0,1,1.2,20.67
133.56,1.34,0.32,0.74,0.38,0.09,2.74,perishable,standard,0.68,30.9,18.7,12.4,0,1,1.2,19.83
82.36,1.79,0.45,0.83,0.13,0.77,0.93,medicine,critical,0.8,32.6,32.4,26.1,1,0,1.2,24.38
153.27,1.87,0.15,0.13,0.44,0.33,2.56,perishable,standard,0.8,28.7,11.9,8.1,0,1,1.2,32.68
199.05,1.85,0.06,0.64,0.15,1.03,1.51,perishable,standard,0.63,32.6,4.5,3.3,0,1,1.2,33.46
50.86,2.04,0.44,0.63,0.23,2.11,0.39,general,high,0.91,29.7,27.4,26.2,0,0,1.0,13.19
190.61,2.5,0.03,0.77,0.36,0.96,0.73,furniture,low,0.8,34.0,1.9,1.6,0,1,1.0,39.36
96.97,1.56,0.17,0.91,0.43,3.1,11.64,perishable,standard,0.74,24.1,8.8,7.4,0,1,1.2,18.06
197.69,1.25,0.47,0.31,0.41,8.69,0.08,perishable,high,0.9,30.3,23.6,26.6,0,0,1.2,13.65
154.81,2.84,0.27,0.91,0.42,8.73,0.9,furniture,low,0.86,30.3,14.6,13.6,0,0,1.0,58.38
170.77,2.11,0.21,0.78,0.49,2.07,0.46,furniture,standard,0.86,29.8,12.3,8.4,0,0,1.0,26.08
33.12,2.32,0.38,0.32,0.12,1.98,10.3,furniture,standard,0.54,26.9,21.4,19.2,0,1,1.0,26.9
117.81,1.42,0.01,0.69,0.14,6.85,7.7,perishable,critical,0.68,36.6,0.6,0.4,0,3,1.2,18.46
159.24,2.13,0.24,0.71,0.22,2.68,0.75,general,standard,0.57,34.1,14.7,12.0,1,0,1.0,27.01
197.39,2.39,0.69,0.39,0.45,17.55,1.38,luxury,standard,0.71,27.7,51.7,28.6,0,1,1.0,52.64
149.73,1.41,0.32,0.44,0.35,2.94,0.77,general,high,0.8,32.5,25.0,14.8,0,1,1.0,15.32
182.8,2.17,0.62,0.18,0.33,1.39,6.12,perishable,standard,0.89,29.2,42.1,34.6,0,1,1.2,54.85
28.87,1.11,0.35,0.57,0.07,0.05,3.83,furniture,standard,0.97,33.7,20.9,17.4,0,0,1.0,3.67
124.73,1.87,0.3,0.98,0.1,15.41,1.44,medicine,low,0.9,34.0,15.1,15.3,0,3,1.2,39.11
264.71,2.08,0.41,0.15,0.62,0.63,21.21,general,critical,0.61,32.4,25.0,15.7,0,0,1.0,36.84
165.36,1.26,0.14,0.65,0.26,0.96,2.33,furniture,low,0.82,32.4,9.7,8.4,0,0,1.0,7.51
101.92,1.39,0.65,0.12,0.15,0.2,8.56,general,high,0.67,31.4,36.4,29.6,1,2,1.0,27.99
157.81,1.36,0.27,0.14,0.22,3.13,0.8,general,critical,0.6,24.6,21.5,15.8,1,0,1.0,9.53
122.81,2.03,0.11,0.63,0.52,2.62,0.76,general,high,0.78,32.0,6.5,5.2,0,0,1.0,24.19
185.72,2.38,0.3,0.73,0.35,8.46,7.15,luxury,low,0.84,32.9,17.7,17.8,0,1,1.0,59.5
210.46,1.64,0.3,0.65,0.18,4.05,1.04,luxury,standard,0.84,25.9,16.2,15.0,1,0,1.0,20.79
169.48,2.53,0.23,0.55,0.48,4.36,0.54,medicine,standard,0.89,27.1,17.1,9.8,0,1,1.2,47.0
168.5,2.8,0.43,0.79,0.59,7.81,9.5,medicine,high,0.58,32.7,21.6,20.2,0,1,1.2,61.07
106.89,2.34,0.45,0.25,0.43,4.37,6.25,perishable,standard,0.65,23.4,24.3,17.2,0,0,1.2,39.04
104.82,2.02,0.1,0.93,0.52,4.17,0.93,medicine,high,0.84,30.1,5.7,5.8,1,2,1.2,24.08
175.37,1.75,0.17,0.74,0.28,13.19,13.36,general,standard,0.95,28.2,12.0,7.4,0,0,1.0,18.95
66.1,1.21,0.51,0.8,0.27,2.87,3.08,perishable,high,0.79,25.8,38.4,20.9,1,0,1.2,20.04
129.94,1.61,0.11,0.14,0.1,5.03,1.94,perishable,critical,0.71,29.9,5.6,6.1,0,0,1.2,15.81
210.63,2.81,0.27,0.61,0.63,2.43,0.62,furniture,high,0.72,29.8,18.2,14.2,0,0,1.0,53.82
284.1,1.71,0.47,0.56,0.26,5.26,3.91,furniture,critical,0.87,33.5,36.3,22.2,0,1,1.0,30.37
227.74,1.41,0.21,0.87,0.59,0.05,2.38,perishable,standard,0.95,31.0,12.5,7.5,0,0,1.2,17.01
228.64,1.27,0.81,0.81,0.16,6.49,0.7,general,standard,0.77,31.4,48.4,31.0,1,0,1.0,32.16
36.92,1.11,0.26,0.39,0.05,7.61,2.16,medicine,standard,0.81,33.3,16.7,10.5,1,0,1.2,7.09
195.12,1.4,0.07,0.23,0.47,10.49,1.55,general,high,0.94,26.8,4.2,3.3,0,0,1.0,15.23
184.59,1.7,0.21,0.34,0.46,3.46,15.78,general,low,0.86,30.7,13.9,8.5,0,2,1.0,27.19
100.08,1.59,0.7,0.91,0.2,1.69,1.37,medicine,standard,0.77,26.5,46.2,33.2,0,0,1.2,16.27
141.99,1.21,0.47,0.45,0.63,6.56,0.86,medicine,standard,0.86,29.9,32.5,21.7,0,0,1.2,10.22
174.0,1.42,0.4,0.94,0.45,14.88,15.7,luxury,standard,0.66,33.5,19.9,16.9,0,0,1.0,21.22
92.19,1.47,0.17,0.45,0.5,7.35,1.01,furniture,standard,0.79,35.3,10.9,8.7,0,1,1.0,10.39
241.88,1.82,0.69,0.99,0.11,12.11,2.85,furniture,standard,0.73,28.7,43.7,37.3,1,1,1.0,50.91
197.31,1.29,0.3,0.36,0.18,0.64,14.67,perishable,critical,0.78,32.8,14.7,13.7,0,0,1.2,17.0
136.97,1.45,0.56,0.48,0.29,12.9,0.44,furniture,standard,0.72,33.6,30.3,24.2,0,0,1.0,20.78
228.18,1.67,0.36,0.38,0.27,6.2,0.73,perishable,standard,0.88,28.5,24.0,17.4,0,0,1.2,36.86
123.05,2.11,0.08,0.99,0.42,8.64,4.7,furniture,standard,0.74,34.5,4.5,2.9,0,1,1.0,28.86
161.91,1.09,0.55,0.48,0.38,2.73,6.64,general,standard,0.8,31.9,34.3,31.9,0,1,1.0,12.42
63.89,1.43,0.48,0.83,0.23,4.22,1.65,perishable,standard,0.89,32.5,27.1,24.1,0,0,1.2,14.96
218.94,1.21,0.2,0.24,0.19,4.75,5.27,general,low,0.66,25.4,15.4,7.1,0,1,1.0,12.12
24.65,2.0,0.17,0.19,0.6,3.66,4.14,medicine,high,0.89,30.8,10.7,8.3,1,0,1.2,9.57
204.82,2.04,0.66,0.91,0.2,0.51,0.79,furniture,high,0.84,31.0,33.9,26.8,0,0,1.0,32.5
101.45,2.42,0.3,0.46,0.36,1.32,1.06,general,high,0.72,24.9,23.3,15.3,1,0,1.0,24.38
129.17,1.25,0.34,0.75,0.32,0.75,16.84,perishable,high,0.95,32.3,22.0,16.4,0,1,1.2,17.98
22.7,1.54,0.18,0.48,0.19,8.8,3.67,furniture,high,0.68,25.3,12.3,7.3,0,0,1.0,8.85
59.87,1.87,0.45,0.83,0.17,2.33,5.11,hazmat,standard,0.73,23.3,28.2,23.1,1,0,1.4,38.09
197.71,2.08,0.4,0.65,0.12,1.7,0.0,perishable,standard,0.67,31.4,26.8,23.2,1,1,1.2,50.58
92.21,2.17,0.65,0.75,0.09,1.23,2.87,luxury,standard,0.77,28.3,43.7,31.1,1,1,1.0,37.5
155.09,1.53,0.24,0.79,0.42,6.06,3.14,furniture,standard,0.79,27.0,16.5,12.2,0,1,1.0,26.03
76.74,1.8,0.55,0.26,0.52,3.67,1.41,perishable,high,0.69,31.7,31.3,29.6,0,0,1.2,17.02
212.19,2.19,0.35,0.42,0.05,4.48,3.35,perishable,critical,0.86,35.7,21.7,15.2,1,0,1.2,37.61
247.19,1.57,0.81,0.38,0.27,7.06,2.45,general,standard,0.9,30.2,45.2,45.6,1,2,1.0,44.47
247.94,2.64,0.13,0.65,0.14,17.51,3.99,furniture,high,0.85,30.8,10.2,4.8,0,0,1.0,40.0
82.57,2.38,0.12,0.15,0.39,6.76,3.48,general,critical,0.75,31.8,9.5,5.7,0,0,1.0,13.9
212.96,1.01,0.48,0.24,0.28,17.72,0.3,hazmat,critical,0.8,28.4,32.7,28.7,1,0,1.4,24.86
266.04,2.53,0.52,0.1,0.32,5.98,7.57,luxury,high,0.91,29.2,25.8,23.9,0,0,1.0,57.65
70.72,2.41,0.55,0.45,0.44,5.65,0.84,general,low,0.74,31.2,33.8,28.3,1,0,1.0,41.09
103.41,2.3,0.43,0.5,0.09,0.78,1.55,medicine,high,0.88,35.3,22.9,21.6,0,1,1.2,25.87
135.13,1.05,0.4,0.26,0.29,0.49,4.56,general,high,0.78,27.4,29.0,19.0,0,0,1.0,7.4
146.81,1.44,0.03,0.25,0.46,0.12,6.05,luxury,high,0.73,31.1,1.9,1.7,0,0,1.0,11.74
78.4,1.71,0.42,0.49,0.13,5.92,0.04,general,standard,0.86,36.1,29.7,24.8,0,2,1.0,25.84
128.9,1.7,0.35,0.32,0.03,5.24,1.24,perishable,high,0.7,35.4,26.5,17.7,0,0,1.2,23.22
120.6,1.67,0.33,0.17,0.33,4.99,5.8,medicine,low,0.9,29.0,21.8,12.0,0,2,1.2,24.95
70.85,1.4,0.45,0.93,0.38,4.91,4.47,perishable,high,0.79,31.5,29.5,22.2,0,0,1.2,14.25
198.63,1.52,0.23,0.88,0.21,5.83,3.9,perishable,standard,0.8,29.8,15.4,11.8,0,0,1.2,20.45
73.37,1.55,0.42,0.15,0.53,9.02,7.67,general,standard,0.88,30.1,33.0,17.0,1,1,1.0,27.52
111.33,1.18,0.18,0.28,0.03,6.48,0.33,perishable,standard,0.9,25.7,14.1,10.3,0,1,1.2,5.25
121.44,1.17,0.57,0.74,0.07,4.57,3.74,general,standard,0.75,31.0,37.2,23.6,0,2,1.0,14.74
153.13,1.55,0.11,0.16,0.4,1.23,6.11,perishable,high,0.85,32.3,8.5,5.5,0,0,1.2,16.75
81.69,1.68,0.31,0.93,0.38,7.29,0.91,luxury,standard,0.94,29.4,17.8,13.6,0,0,1.0,10.9
127.76,1.73,0.39,0.11,0.32,1.44,12.92,medicine,critical,0.76,30.2,26.9,20.9,1,1,1.2,35.45
158.07,1.82,0.4,0.58,0.37,5.7,2.71,furniture,standard,0.66,31.0,21.5,18.2,1,2,1.0,27.84
159.02,2.01,0.23,0.46,0.38,0.72,3.45,general,high,0.73,32.9,13.0,10.3,0,0,1.0,17.92
62.49,1.16,0.11,0.53,0.35,3.57,4.56,luxury,critical,0.95,28.5,7.0,6.3,0,0,1.0,3.89
62.88,1.2,0.71,0.75,0.54,5.01,0.29,hazmat,standard,0.82,30.0,43.2,31.4,0,0,1.4,26.14
134.04,2.06,0.17,0.12,0.41,8.44,0.06,luxury,standard,0.93,34.5,9.8,8.2,1,0,1.0,18.65
213.19,1.18,0.05,0.66,0.43,6.06,0.47,general,standard,0.77,33.1,3.8,2.2,1,1,1.0,8.85
87.41,1.07,0.44,0.85,0.79,8.21,2.16,perishable,critical,0.82,26.1,27.0,18.7,0,0,1.2,11.93
65.19,2.63,0.76,0.73,0.48,9.66,0.6,furniture,standard,0.85,29.6,45.6,27.8,1,2,1.0,33.6
168.12,1.79,0.2,0.43,0.64,10.46,1.85,furniture,low,0.93,28.7,15.9,8.6,1,1,1.0,26.82
182.81,2.57,0.12,0.27,0.47,10.64,1.37,perishable,standard,0.79,32.8,7.1,5.7,0,0,1.2,50.82
200.26,2.74,0.15,0.74,0.02,1.53,2.31,perishable,standard,0.72,27.9,9.4,6.8,0,0,1.2,53.55
123.54,1.12,0.06,0.43,0.41,8.25,3.5,furniture,high,0.96,27.2,3.0,2.1,1,0,1.0,5.43
34.47,2.23,0.04,0.82,0.54,0.09,0.58,luxury,high,0.79,34.0,3.1,1.5,0,1,1.0,14.87
101.02,1.15,0.24,0.12,0.22,13.75,1.38,perishable,high,0.72,24.7,15.4,10.0,0,0,1.2,9.25
36.74,1.24,0.18,0.11,0.42,1.03,0.13,furniture,high,0.96,28.8,13.8,7.2,1,2,1.0,9.52
126.22,1.48,0.46,0.54,0.41,10.75,1.66,luxury,critical,0.63,33.8,30.1,23.8,0,2,1.0,14.59
136.22,2.53,0.21,0.21,0.33,8.16,1.24,general,standard,0.72,28.3,16.4,12.0,1,0,1.0,23.94
171.55,1.78,0.18,0.84,0.57,2.47,9.12,luxury,high,0.9,29.7,12.4,9.0,0,1,1.0,14.16
115.07,1.09,0.56,0.18,0.21,16.54,0.84,furniture,standard,0.8,27.4,40.3,21.0,0,1,1.0,12.71
228.37,1.54,0.15,0.95,0.45,0.49,4.53,perishable,low,0.84,23.8,10.7,5.7,0,1,1.2,30.48
260.72,2.16,0.33,0.35,0.37,1.72,6.64,general,high,0.73,28.9,19.9,12.8,0,0,1.0,41.09
199.5,1.57,0.43,0.89,0.51,1.46,3.77,general,critical,0.85,31.3,27.9,22.8,0,1,1.0,25.31
154.53,1.85,0.28,0.35,0.25,0.04,2.59,general,standard,0.81,34.7,17.6,11.1,1,0,1.0,18.88
159.99,1.23,0.07,0.47,0.02,0.9,0.53,medicine,high,0.78,27.3,4.4,4.1,1,1,1.2,9.99
157.0,1.5,0.38,0.29,0.47,7.9,4.51,perishable,critical,0.65,31.9,30.1,17.7,0,0,1.2,27.59
128.62,1.28,0.59,0.14,0.26,8.91,3.3,luxury,high,0.72,27.9,30.3,25.0,1,0,1.0,20.3
159.8,1.09,0.31,0.64,0.75,6.83,4.13,hazmat,critical,0.56,26.2,15.9,13.3,1,1,1.4,17.76
123.0,1.47,0.17,0.83,0.31,3.97,8.02,general,standard,0.93,30.2,10.4,9.8,0,0,1.0,15.0
218.3,2.52,0.54,0.76,0.21,5.0,8.22,furniture,standard,0.92,31.7,33.4,19.5,0,0,1.0,46.52
143.33,1.67,0.01,0.97,0.27,4.36,2.91,general,high,0.92,34.2,0.6,0.5,0,1,1.0,16.82
136.16,1.83,0.32,0.92,0.72,1.45,3.05,general,standard,0.87,31.8,22.0,15.2,1,2,1.0,30.66
135.43,1.34,0.24,0.23,0.54,2.43,1.18,medicine,standard,0.95,34.1,13.5,9.5,0,2,1.2,16.74
45.41,1.03,0.6,0.66,0.26,8.53,6.24,general,high,0.65,30.7,39.5,28.5,0,2,1.0,12.19
66.9,1.02,0.74,0.53,0.33,0.49,2.32,general,standard,0.65,26.8,39.9,27.7,1,0,1.0,16.26
64.56,1.87,0.48,0.27,0.24,0.2,3.24,furniture,high,0.69,26.4,35.3,24.8,0,1,1.0,16.38
162.09,1.86,0.21,0.78,0.12,5.82,3.02,perishable,high,0.81,29.5,11.6,9.5,0,1,1.2,20.22
39.19,2.06,0.4,0.54,0.26,9.11,2.58,perishable,low,0.65,29.5,31.6,16.7,1,0,1.2,42.9
173.99,1.28,0.48,0.73,0.34,4.8,1.48,perishable,standard,0.9,35.2,33.9,25.7,0,1,1.2,24.13
157.0,1.73,0.46,0.15,0.11,7.18,1.51,general,low,0.61,32.7,28.3,23.4,0,1,1.0,22.63
165.34,1.14,0.27,0.2,0.16,18.93,1.73,luxury,low,0.95,33.3,19.7,11.5,0,1,1.0,10.85
147.57,1.11,0.45,0.5,0.73,4.98,1.06,perishable,standard,0.86,26.9,23.1,23.6,0,3,1.2,22.27
186.64,1.44,0.24,0.12,0.06,2.94,10.92,perishable,standard,0.82,31.9,17.9,9.7,0,0,1.2,20.88
202.45,2.29,0.69,0.27,0.08,24.94,6.17,medicine,standard,0.88,34.4,46.7,41.3,1,0,1.2,64.28
131.54,1.37,0.47,0.85,0.1,4.95,3.32,furniture,high,0.79,32.1,31.2,18.9,0,1,1.0,11.71
184.41,1.83,0.2,0.52,0.15,0.98,9.33,perishable,high,0.86,27.9,11.5,11.2,1,0,1.2,33.98
30.63,1.4,0.05,0.74,0.32,5.78,0.19,medicine,standard,0.89,29.1,2.5,2.7,0,0,1.2,4.87
223.24,2.09,0.04,0.25,0.53,6.8,4.29,perishable,critical,0.94,30.8,2.9,1.7,0,0,1.2,35.1
45.27,2.19,0.13,0.44,0.26,0.06,10.8,perishable,standard,0.83,23.4,7.9,5.6,1,1,1.2,17.75
147.16,1.38,0.23,0.84,0.25,2.84,0.22,luxury,standard,0.82,25.6,11.4,13.6,0,0,1.0,12.58
158.68,1.67,0.68,0.14,0.18,14.62,1.67,perishable,low,0.77,25.9,42.6,27.1,1,0,1.2,37.07
158.65,1.75,0.24,0.38,0.18,8.47,7.86,medicine,standard,0.76,26.0,17.6,11.2,1,2,1.2,33.56
130.33,2.04,0.35,0.56,0.41,1.15,2.43,hazmat,critical,0.91,29.7,20.9,16.3,0,0,1.4,37.78
100.71,2.32,0.67,0.66,0.45,1.82,4.05,luxury,standard,0.89,34.9,44.2,39.1,1,1,1.0,32.77
179.06,1.69,0.26,0.23,0.07,5.4,2.97,medicine,high,0.77,29.4,19.5,12.8,0,0,1.2,21.25
138.14,1.25,0.41,0.93,0.45,12.19,4.16,general,standard,0.75,22.6,30.5,16.0,0,0,1.0,13.7
43.09,2.02,0.14,0.76,0.25,10.52,3.33,luxury,high,0.72,27.6,8.3,6.2,1,1,1.0,11.12
194.94,1.7,0.43,0.16,0.24,1.39,3.42,general,high,0.58,33.5,24.0,15.6,1,1,1.0,23.91
220.0,1.11,0.52,0.5,0.36,5.72,4.55,furniture,critical,0.85,33.3,35.2,20.4,1,1,1.0,22.66
96.35,1.82,0.39,0.9,0.31,4.15,0.21,medicine,low,0.95,27.8,26.4,20.9,1,0,1.2,42.32
164.33,1.52,0.43,0.91,0.23,2.36,1.38,perishable,standard,0.84,28.7,28.0,19.4,0,0,1.2,19.33
113.1,2.02,0.19,0.89,0.52,1.79,0.34,hazmat,standard,0.82,34.0,11.4,10.5,1,0,1.4,19.57
161.35,1.71,0.88,0.21,0.36,3.45,1.71,general,standard,0.61,28.1,69.1,48.9,0,1,1.0,28.07
216.79,2.22,0.06,0.55,0.09,4.2,4.2,perishable,standard,0.88,26.2,3.3,2.5,0,1,1.2,45.43
109.44,1.56,0.06,0.51,0.23,11.49,6.14,perishable,standard,0.89,25.8,4.0,3.3,0,0,1.2,7.77
170.97,1.45,0.41,0.48,0.83,6.91,12.54,medicine,high,0.91,30.4,30.1,20.1,1,0,1.2,39.43
31.7,1.69,0.32,0.44,0.25,0.31,0.64,medicine,critical,0.64,28.8,20.2,13.9,1,2,1.2,16.82
93.18,2.35,0.38,0.87,0.16,0.97,3.08,luxury,standard,0.82,29.7,24.7,15.2,1,0,1.0,14.11
66.87,1.42,0.38,0.81,0.39,1.36,5.2,furniture,low,0.71,31.3,25.4,16.5,0,1,1.0,13.9
281.75,1.43,0.28,0.27,0.46,1.15,10.76,luxury,standard,0.81,25.7,18.1,16.6,0,0,1.0,24.14
156.83,1.22,0.55,0.8,0.55,1.76,0.33,furniture,standard,0.6,31.3,30.0,26.3,1,1,1.0,18.07
88.94,1.12,0.34,0.71,0.56,2.61,3.79,furniture,standard,0.76,27.6,22.2,17.1,0,0,1.0,4.8
186.2,3.25,0.35,0.14,0.08,0.09,5.93,general,standard,0.68,33.0,19.0,18.1,0,1,1.0,75.53
57.17,1.47,0.27,0.19,0.31,0.35,5.93,perishable,standard,0.64,27.7,15.8,10.1,0,0,1.2,9.75
180.3,2.51,0.76,0.95,0.18,5.43,2.4,general,low,0.63,33.2,42.0,44.5,0,0,1.0,54.1
108.09,2.58,0.19,0.58,0.53,4.59,7.77,general,critical,0.79,26.8,14.1,6.9,0,0,1.0,33.01
191.0,1.44,0.18,1.0,0.22,10.45,2.0,medicine,critical,0.9,27.5,12.6,7.9,0,0,1.2,21.36
47.48,2.06,0.32,0.97,0.19,15.51,6.46,luxury,high,0.83,31.0,22.3,17.8,1,0,1.0,13.26
16.69,1.07,0.36,0.79,0.25,6.58,3.64,luxury,high,0.6,27.6,19.2,15.6,0,0,1.0,3.77
194.35,1.59,0.51,0.39,0.29,2.51,0.83,general,low,0.64,30.7,32.6,22.4,1,3,1.0,56.02
117.02,2.1,0.11,0.27,0.34,6.81,0.24,hazmat,high,0.68,29.5,6.5,4.0,0,1,1.4,28.92
206.1,2.11,0.34,0.11,0.12,4.32,2.98,general,high,0.7,29.0,25.5,13.6,0,0,1.0,41.07
178.52,1.93,0.3,0.24,0.55,14.33,14.11,perishable,standard,0.62,30.6,17.6,15.4,0,1,1.2,44.78
208.41,1.09,0.39,0.89,0.42,11.74,15.65,luxury,critical,0.67,26.6,30.6,14.1,1,1,1.0,25.11
206.18,1.71,0.77,0.74,0.23,9.17,6.87,general,standard,0.8,30.9,56.7,38.7,0,3,1.0,56.03
131.74,2.18,0.29,0.86,0.22,5.25,0.39,furniture,low,0.71,29.3,17.8,10.4,0,0,1.0,33.05
223.58,1.55,0.35,0.86,0.24,0.94,0.75,perishable,critical,0.71,28.2,27.4,18.1,1,0,1.2,45.62
172.91,1.47,0.5,0.98,0.51,7.34,3.27,general,standard,0.9,28.7,33.5,29.8,1,0,1.0,35.49
250.93,1.1,0.4,0.73,0.37,10.55,10.13,luxury,low,0.71,25.4,20.2,19.8,0,2,1.0,21.33
58.2,1.23,0.4,0.61,0.26,6.95,3.56,luxury,standard,0.82,31.2,23.4,21.0,1,1,1.0,9.43
86.14,2.09,0.12,0.63,0.22,4.4,0.1,general,standard,0.9,32.8,7.2,6.0,0,0,1.0,11.08
126.33,2.7,0.4,0.71,0.42,6.82,6.97,perishable,high,0.91,30.9,30.8,22.9,0,1,1.2,50.87
165.66,1.69,0.67,0.51,0.62,2.28,0.44,general,high,0.81,28.1,36.0,34.6,1,1,1.0,22.93
227.83,2.67,0.14,0.71,0.16,0.76,2.2,general,high,0.78,26.8,6.9,6.8,0,0,1.0,49.97
100.7,1.45,0.52,0.63,0.44,2.06,8.76,furniture,critical,0.87,30.7,38.2,22.9,1,1,1.0,21.34
171.12,1.29,0.22,0.24,0.13,9.84,2.48,luxury,low,0.87,33.2,11.9,11.3,1,0,1.0,15.56
118.56,1.81,0.28,0.2,0.58,11.32,11.12,perishable,standard,0.93,34.8,21.8,15.8,0,0,1.2,24.14
137.73,1.21,0.34,0.3,0.16,1.12,2.17,medicine,low,0.6,24.3,27.2,13.4,1,1,1.2,29.57
256.92,1.79,0.05,0.8,0.7,0.46,1.13,hazmat,low,0.87,32.7,3.7,2.4,0,1,1.4,56.42
174.15,2.27,0.29,0.33,0.4,0.52,5.26,general,standard,0.74,31.4,17.6,13.9,0,0,1.0,35.41
225.92,1.19,0.5,0.87,0.22,3.95,0.14,hazmat,low,0.96,34.1,30.6,23.5,1,0,1.4,47.07
228.63,1.91,0.52,0.36,0.13,1.55,0.03,perishable,high,0.83,33.6,38.1,27.6,1,0,1.2,42.54
68.45,1.46,0.32,0.66,0.11,2.79,0.32,general,standard,0.86,31.9,25.2,17.1,1,0,1.0,21.58
107.2,1.96,0.31,0.88,0.21,3.94,7.04,medicine,standard,0.64,34.3,22.4,15.6,1,0,1.2,26.43
174.71,1.35,0.05,0.86,0.38,0.29,1.7,general,high,0.79,33.4,3.1,2.1,0,1,1.0,13.17
186.15,1.1,0.32,0.85,0.42,7.79,0.05,furniture,low,0.84,36.9,17.1,13.6,0,0,1.0,6.29
302.78,1.8,0.59,0.84,0.21,0.99,5.72,general,low,0.75,25.5,30.2,30.7,1,0,1.0,48.53
264.22,1.64,0.72,0.72,0.19,3.0,1.91,general,low,0.73,25.5,49.2,26.5,0,0,1.0,35.43
168.98,1.59,0.16,0.75,0.46,10.25,17.85,furniture,low,0.83,29.1,9.1,7.2,0,0,1.0,22.94
29.54,1.92,0.0,0.96,0.32,8.64,1.4,general,high,0.73,30.3,0.0,0.0,0,0,1.0,11.47
55.16,1.88,0.08,0.8,0.44,10.97,15.43,perishable,standard,0.73,30.6,4.8,4.0,0,0,1.2,18.04
216.33,1.28,0.43,0.23,0.2,6.22,14.51,perishable,high,0.98,26.5,34.3,22.4,0,0,1.2,15.12
172.72,2.16,0.23,0.31,0.21,1.34,1.7,general,critical,0.56,26.4,15.7,12.7,0,0,1.0,35.61
247.0,1.63,0.41,0.4,0.32,2.53,9.37,perishable,standard,0.89,28.3,31.1,19.8,1,0,1.2,47.78
40.03,1.26,0.37,0.18,0.32,0.53,0.14,perishable,standard,0.76,28.8,24.4,15.5,0,2,1.2,15.34
160.34,1.46,0.05,0.89,0.31,2.33,0.28,furniture,high,0.76,24.9,2.8,2.9,1,0,1.0,9.96
110.07,1.19,0.24,0.48,0.44,0.02,4.96,furniture,high,0.89,29.9,13.7,13.3,0,0,1.0,9.66
82.55,1.63,0.22,0.49,0.49,3.91,4.0,perishable,high,0.8,30.1,16.2,11.7,0,2,1.2,18.07
19.75,1.8,0.9,0.47,0.11,0.27,0.58,medicine,high,0.78,28.1,68.3,43.9,1,0,1.2,17.57
76.23,1.88,0.14,0.53,0.72,0.58,0.5,perishable,low,0.88,32.5,9.6,6.4,1,0,1.2,18.94
246.75,2.03,0.34,0.28,0.5,4.37,1.81,furniture,standard,0.78,28.3,22.6,16.4,1,0,1.0,36.97
154.67,1.7,0.08,0.76,0.12,0.34,0.73,medicine,high,0.79,35.3,4.2,4.7,0,2,1.2,31.34
143.78,2.55,0.27,0.89,0.3,5.86,1.97,perishable,standard,0.61,25.5,15.2,12.4,0,0,1.2,58.42
241.49,1.65,0.43,0.75,0.36,5.61,0.21,luxury,high,0.79,26.5,29.1,20.6,0,0,1.0,23.09
166.94,1.7,0.43,0.35,0.23,12.33,4.29,furniture,low,0.74,26.9,22.6,25.4,1,0,1.0,30.95
69.77,1.73,0.47,0.13,0.79,3.16,4.14,general,standard,0.58,32.1,28.5,25.9,0,0,1.0,14.39
101.21,1.25,0.11,0.23,0.25,24.82,4.83,perishable,standard,0.56,35.7,6.1,4.2,0,1,1.2,16.4
173.29,1.77,0.76,0.71,0.15,12.75,3.77,perishable,critical,0.71,33.4,50.8,28.8,0,0,1.2,36.73
142.91,1.8,0.09,0.79,0.14,2.83,2.22,perishable,high,0.8,30.6,6.0,3.8,0,1,1.2,20.0
201.04,2.08,0.49,0.54,0.22,1.9,1.67,hazmat,critical,0.83,27.2,24.4,24.7,0,0,1.4,45.33
207.79,1.66,0.1,0.12,0.46,3.35,9.41,perishable,standard,0.83,32.0,6.0,4.1,0,0,1.2,31.14
57.25,2.09,0.06,0.54,0.26,3.19,2.56,medicine,standard,0.61,33.7,4.0,3.3,1,0,1.2,20.86
73.8,2.64,0.4,0.9,0.29,0.87,11.43,perishable,standard,0.88,32.1,23.4,22.7,0,1,1.2,32.52
92.23,1.74,0.24,0.21,0.34,8.1,1.41,luxury,low,0.83,26.3,15.1,12.4,1,0,1.0,15.78
145.09,1.2,0.12,0.92,0.37,0.51,4.56,medicine,critical,0.93,27.0,9.5,6.9,0,0,1.2,9.76
68.08,2.57,0.5,0.96,0.22,0.62,0.65,general,low,0.84,24.7,26.3,28.6,1,0,1.0,36.7
55.92,1.83,0.31,0.7,0.4,4.32,9.92,perishable,standard,0.81,32.6,20.4,13.6,1,0,1.2,16.34
156.77,1.45,0.34,0.16,0.4,1.3,10.12,perishable,low,0.72,29.3,22.7,12.0,1,0,1.2,25.45
124.78,2.0,0.15,0.4,0.75,10.8,0.14,general,low,0.84,30.4,7.8,7.9,0,0,1.0,22.63
240.3,1.67,0.22,0.88,0.13,30.0,1.13,general,critical,0.85,23.3,12.4,12.1,1,0,1.0,23.21
44.68,2.29,0.19,0.75,0.24,0.84,5.15,medicine,critical,0.88,30.2,14.1,10.1,1,1,1.2,16.12
277.14,2.76,0.26,0.54,0.37,13.96,13.85,hazmat,standard,0.64,27.4,15.6,10.0,1,1,1.4,112.97
69.76,2.05,0.59,0.25,0.24,7.76,1.49,perishable,standard,0.86,24.1,31.2,29.0,0,0,1.2,19.64
189.15,1.82,0.04,0.54,0.42,2.38,2.91,luxury,critical,0.74,29.9,2.8,1.6,1,1,1.0,26.92
285.3,1.31,0.5,0.18,0.26,3.81,3.22,luxury,standard,0.77,23.9,28.2,24.7,1,0,1.0,24.44
98.49,1.79,0.35,0.65,0.58,2.48,1.25,general,standard,0.71,30.3,26.9,15.0,0,0,1.0,12.02
217.05,2.04,0.06,0.8,0.63,3.61,7.7,general,critical,0.96,30.6,3.8,3.2,1,0,1.0,24.08
91.41,2.28,0.19,0.67,0.29,3.61,13.42,furniture,low,0.81,27.8,14.3,7.8,0,0,1.0,25.39
151.29,1.77,0.07,0.11,0.06,7.12,4.9,general,low,0.77,25.7,3.6,3.2,0,0,1.0,18.4
179.35,2.35,0.24,0.7,0.26,5.44,0.87,furniture,standard,0.89,28.8,12.3,13.3,0,0,1.0,33.32
211.22,1.53,0.19,0.54,0.07,0.4,3.35,medicine,critical,0.93,28.9,11.8,7.4,0,1,1.2,23.85
34.83,1.55,0.14,0.49,0.0,1.77,3.74,perishable,critical,0.77,30.0,7.2,6.3,0,0,1.2,4.07
79.18,1.49,0.08,0.35,0.28,0.44,0.4,perishable,standard,0.7,32.6,4.1,3.5,0,0,1.2,8.87
37.12,1.19,0.31,0.2,0.65,2.79,6.46,furniture,standard,0.63,27.3,18.8,11.3,1,2,1.0,16.99
129.05,2.05,0.1,0.6,0.21,3.3,3.62,perishable,standard,0.95,30.8,5.6,3.6,1,0,1.2,23.51
311.77,1.75,0.23,0.85,0.26,2.2,3.04,hazmat,standard,0.91,33.2,11.9,11.7,0,0,1.4,55.44
262.02,1.52,0.31,0.99,0.23,0.99,1.93,medicine,critical,0.69,34.3,19.5,13.0,0,0,1.2,30.24
126.35,1.52,0.48,0.67,0.28,2.3,10.98,general,high,0.78,29.3,27.3,20.0,1,0,1.0,27.57
67.77,1.51,0.29,0.38,0.6,5.86,0.06,hazmat,critical,0.87,35.8,18.7,12.1,0,0,1.4,12.07
290.88,2.26,0.42,0.47,0.27,0.65,0.81,furniture,standard,0.69,30.0,20.9,17.0,1,1,1.0,69.86
287.91,1.95,0.22,0.75,0.75,3.72,6.65,general,standard,0.68,28.0,13.9,9.7,1,0,1.0,46.67
111.95,1.06,0.75,0.53,0.26,5.99,0.74,medicine,critical,0.75,30.8,39.4,41.3,0,2,1.2,17.07
63.73,1.11,0.68,0.57,0.15,1.15,0.16,medicine,low,0.96,31.0,48.0,30.5,0,1,1.2,17.26
131.07,1.56,0.13,0.23,0.35,12.72,0.25,perishable,low,0.71,30.5,9.7,5.8,1,0,1.2,19.56
50.89,1.25,0.12,0.58,0.2,0.73,5.42,furniture,high,0.9,31.6,9.1,4.3,1,0,1.0,3.69
103.03,2.77,0.35,0.97,0.53,0.86,1.96,hazmat,critical,0.68,34.0,18.7,12.4,0,0,1.4,49.8
28.21,1.47,0.24,0.4,0.19,0.67,5.51,general,standard,0.7,34.8,13.3,11.6,0,1,1.0,5.47
64.4,1.43,0.58,0.25,0.31,8.03,3.64,medicine,low,0.77,24.6,39.6,27.9,1,0,1.2,27.02
98.25,1.92,0.36,0.53,0.25,0.51,9.13,general,low,0.71,30.1,20.2,13.8,0,1,1.0,27.14
217.45,2.41,0.14,0.57,0.33,3.52,16.87,medicine,critical,0.79,27.9,10.7,6.7,0,0,1.2,45.62
151.24,1.84,0.19,1.0,0.55,10.93,2.5,general,standard,0.83,24.0,13.7,6.7,0,0,1.0,20.96
110.44,1.56,0.66,0.29,0.58,4.21,9.0,perishable,standard,0.84,26.6,43.7,30.5,1,0,1.2,44.04
94.69,2.59,0.23,0.59,0.74,2.25,0.19,general,high,0.96,29.7,16.9,10.7,0,0,1.0,18.26
275.14,2.11,0.07,0.44,0.69,3.02,0.07,furniture,high,0.82,30.6,4.8,3.7,0,0,1.0,30.89
81.74,1.39,0.19,0.77,0.12,0.13,2.74,luxury,standard,0.75,33.6,13.6,10.0,0,0,1.0,8.06
19.51,1.56,0.04,0.88,0.21,3.48,11.18,general,high,0.68,28.6,2.0,2.4,0,0,1.0,8.16
212.3,1.17,0.15,0.78,0.05,11.54,3.45,general,high,0.8,33.2,8.1,8.1,0,2,1.0,14.22
115.16,1.38,0.37,0.27,0.28,10.37,0.68,perishable,high,0.75,29.0,24.5,19.8,0,1,1.2,17.51
102.94,1.73,0.48,0.69,0.21,0.36,5.07,perishable,standard,0.94,34.4,36.2,23.4,1,0,1.2,32.95
90.19,1.66,0.02,0.31,0.62,3.37,5.31,general,low,0.73,32.9,1.2,0.8,0,0,1.0,17.13
149.94,1.44,0.07,0.99,0.29,0.52,1.94,furniture,standard,0.89,31.5,3.5,2.9,0,1,1.0,9.57
202.82,2.15,0.4,0.6,0.13,4.43,4.77,medicine,critical,0.88,29.2,26.5,14.5,1,0,1.2,50.69
223.8,1.43,0.25,0.49,0.05,3.05,7.56,furniture,critical,0.79,27.9,12.4,13.3,0,1,1.0,13.7
169.3,1.55,0.75,0.68,0.15,5.61,0.26,luxury,standard,0.89,32.0,46.7,31.2,0,1,1.0,28.08
231.74,1.61,0.06,0.64,0.31,3.53,1.43,perishable,critical,0.72,33.6,4.4,2.8,1,0,1.2,21.59
77.9,1.42,0.08,0.93,0.74,2.89,3.14,general,low,0.65,30.8,5.7,4.0,1,1,1.0,13.69
16.56,1.88,0.07,0.56,0.35,2.19,8.2,perishable,high,0.73,31.3,3.8,3.0,1,0,1.2,6.95
274.0,1.05,0.24,0.78,0.21,0.34,5.87,perishable,critical,0.78,30.5,12.9,13.4,0,0,1.2,2.36
112.93,1.84,0.15,0.99,0.07,5.84,1.85,medicine,standard,0.64,28.5,9.6,8.8,0,0,1.2,17.59
215.97,1.51,0.14,0.67,0.48,0.96,2.02,general,standard,0.66,31.0,10.6,6.2,0,2,1.0,27.76
45.13,2.1,0.24,0.22,0.21,8.51,0.64,hazmat,standard,0.6,31.6,14.3,10.5,0,0,1.4,16.2
150.64,2.35,0.22,1.0,0.46,1.95,4.75,hazmat,high,0.85,34.4,11.1,10.3,1,0,1.4,43.48
79.45,1.2,0.39,0.68,0.32,5.75,1.28,hazmat,standard,0.78,32.1,26.1,19.0,1,0,1.4,34.37
140.89,1.55,0.3,0.99,0.32,19.67,0.42,general,standard,0.86,28.1,21.9,13.2,0,1,1.0,15.39
166.52,1.62,0.54,0.57,0.31,2.99,6.41,general,low,0.89,33.3,30.1,27.3,0,1,1.0,26.34
199.24,1.48,0.62,0.14,0.36,7.38,0.4,hazmat,standard,0.93,25.6,49.4,29.2,0,1,1.4,29.64
122.7,1.53,0.47,0.94,0.47,7.85,4.84,luxury,critical,0.92,32.8,27.4,24.8,0,0,1.0,13.99
74.63,2.43,0.19,0.9,0.64,0.17,0.43,luxury,standard,0.67,29.9,15.2,8.9,0,1,1.0,27.21
113.9,2.31,0.43,0.54,0.59,3.86,1.23,medicine,low,0.61,30.7,22.8,23.2,0,1,1.2,50.18
266.46,1.49,0.13,0.41,0.18,1.96,4.1,general,standard,0.71,26.5,10.1,5.2,1,1,1.0,17.42
157.59,1.43,0.49,0.23,0.13,2.96,3.49,general,critical,0.95,33.3,36.5,20.7,0,0,1.0,9.65
37.36,2.54,0.19,0.94,0.41,1.79,2.75,general,critical,0.77,31.6,13.9,9.5,1,1,1.0,13.15
105.22,2.13,0.22,0.57,0.66,3.9,5.97,hazmat,standard,0.81,33.9,13.8,8.9,0,1,1.4,35.27
152.88,1.62,0.3,0.8,0.19,11.63,5.53,hazmat,high,0.94,30.3,19.2,13.3,1,0,1.4,16.7
230.29,1.51,0.33,0.66,0.44,0.26,12.9,medicine,standard,0.64,30.0,22.6,18.3,0,0,1.2,36.62
269.1,1.77,0.27,0.21,0.23,1.21,0.69,perishable,high,0.86,34.5,19.7,15.2,0,0,1.2,30.36
198.4,2.92,0.37,0.14,0.65,11.19,7.09,general,standard,0.77,33.6,27.5,13.3,0,0,1.0,53.59
88.45,3.18,0.55,0.44,0.34,0.38,0.87,hazmat,high,0.84,31.1,32.4,27.4,1,0,1.4,55.76
81.69,1.14,0.27,0.11,0.48,2.3,0.35,general,high,0.9,26.9,21.5,14.0,0,0,1.0,4.1
152.78,1.15,0.59,0.29,0.62,1.45,0.04,medicine,low,0.77,28.9,43.8,27.6,1,0,1.2,25.74
138.22,1.1,0.19,0.93,0.36,0.96,4.09,perishable,standard,0.92,33.3,10.3,9.6,1,0,1.2,7.56
91.77,1.63,0.46,0.62,0.37,1.59,5.88,general,standard,0.62,25.9,35.6,25.8,0,0,1.0,12.78
49.6,1.8,0.22,0.72,0.41,4.36,0.8,perishable,high,0.79,26.0,16.5,7.7,0,1,1.2,13.9
175.59,2.32,0.07,0.8,0.44,17.22,7.48,perishable,standard,0.81,32.0,5.1,3.3,1,0,1.2,42.26
92.14,1.56,0.15,0.95,0.68,2.67,0.69,perishable,low,0.89,30.4,10.3,8.5,0,0,1.2,13.67
175.62,1.95,0.82,0.24,0.3,2.96,0.92,hazmat,low,0.63,35.7,42.3,42.0,0,1,1.4,67.02
163.02,1.53,0.17,0.62,0.21,2.55,1.62,perishable,standard,0.96,34.1,10.8,6.2,0,1,1.2,18.96
233.13,1.46,0.11,0.45,0.62,15.55,25.0,hazmat,standard,0.83,33.9,6.9,4.1,1,1,1.4,32.27
281.58,2.06,0.27,0.44,0.24,0.7,3.55,general,low,0.62,31.2,18.2,15.7,0,0,1.0,48.73
49.88,1.65,0.54,0.71,0.49,1.82,1.57,hazmat,standard,0.86,26.9,42.7,24.3,1,1,1.4,31.56
72.76,1.77,0.43,0.28,0.5,0.15,2.08,general,critical,0.94,28.3,21.3,24.6,0,0,1.0,2.7
262.16,2.08,0.19,0.67,0.03,2.11,5.08,furniture,low,0.65,23.9,15.0,9.3,0,0,1.0,53.49
208.42,1.41,0.19,0.43,0.47,1.63,0.8,general,high,0.74,27.3,14.0,8.9,0,0,1.0,15.72
67.06,1.14,0.14,0.21,0.45,1.39,0.91,hazmat,standard,0.67,25.5,9.6,7.3,1,0,1.4,4.04
268.91,2.04,0.03,0.86,0.21,1.26,1.33,medicine,low,0.85,30.2,1.9,1.1,0,0,1.2,46.6
45.14,1.96,0.19,0.23,0.26,2.03,3.44,perishable,standard,0.63,31.9,13.8,9.8,0,1,1.2,18.44
49.43,1.39,0.25,0.56,0.15,1.45,1.34,furniture,critical,0.81,35.6,12.6,14.7,0,2,1.0,10.74
112.0,2.04,0.67,0.35,0.32,0.32,3.59,furniture,low,0.77,28.4,34.5,33.8,1,0,1.0,45.15
225.4,1.31,0.25,0.96,0.4,1.53,4.07,luxury,low,0.93,29.4,17.0,14.0,0,0,1.0,13.34
116.47,1.42,0.46,0.65,0.33,18.9,2.91,hazmat,standard,0.82,29.9,29.3,16.3,0,0,1.4,23.73
167.98,1.27,0.41,0.67,0.55,14.47,6.56,medicine,low,0.68,32.0,25.2,23.7,1,1,1.2,33.8
27.71,1.38,0.11,0.59,0.25,6.27,3.75,perishable,standard,0.83,31.5,7.9,4.7,0,0,1.2,5.88
291.92,1.76,0.16,0.91,0.11,1.06,1.08,medicine,low,0.92,34.9,11.8,5.8,0,0,1.2,46.55
106.05,1.12,0.57,0.37,0.25,4.28,16.15,furniture,standard,0.8,27.0,31.8,29.8,0,1,1.0,15.17
186.19,1.45,0.55,0.61,0.18,9.17,2.72,general,low,0.85,23.5,38.1,22.8,0,0,1.0,13.9
134.31,2.06,0.31,0.3,0.1,0.59,0.14,perishable,critical,0.62,25.9,22.7,17.6,0,1,1.2,22.23
147.92,1.44,0.07,0.28,0.22,3.78,0.82,medicine,high,0.96,29.4,3.8,4.2,1,0,1.2,11.25
77.06,2.21,0.01,0.53,0.26,1.83,4.6,medicine,low,0.82,26.1,0.5,0.5,0,0,1.2,22.25
34.92,2.44,0.17,0.35,0.16,2.56,0.5,furniture,standard,0.86,32.7,13.6,8.9,1,0,1.0,14.18
87.21,2.63,0.43,0.77,0.27,3.91,2.06,general,high,0.65,24.4,26.3,15.1,0,0,1.0,23.05
190.61,1.33,0.39,0.14,0.32,3.26,0.97,perishable,high,0.62,35.2,25.5,21.0,0,0,1.2,12.93
84.23,1.92,0.73,0.2,0.18,12.57,2.77,medicine,standard,0.76,29.2,50.9,26.8,1,0,1.2,44.15
207.06,1.13,0.53,0.66,0.53,3.81,0.11,perishable,standard,0.74,29.7,33.8,19.1,1,1,1.2,32.08
211.26,2.19,0.23,0.17,0.33,5.71,0.58,general,standard,0.86,27.3,18.2,9.2,0,0,1.0,35.28
33.92,1.41,0.16,0.39,0.64,4.07,8.4,medicine,low,0.97,31.1,8.7,7.2,0,0,1.2,8.65
108.32,1.11,0.56,0.66,0.42,2.59,0.57,medicine,high,0.95,25.0,38.9,31.3,1,0,1.2,29.32
184.74,1.85,0.58,0.29,0.24,1.15,1.84,perishable,high,0.79,31.5,39.0,32.1,1,0,1.2,43.32
91.62,1.08,0.1,0.8,0.14,0.42,0.89,medicine,high,0.87,24.8,5.4,3.9,1,1,1.2,5.18
248.46,2.51,0.11,0.96,0.28,5.66,0.04,perishable,high,0.87,27.6,8.2,4.8,0,0,1.2,54.76
115.67,1.41,0.36,0.94,0.74,0.53,0.22,general,standard,0.85,27.4,19.1,13.4,0,0,1.0,10.45
26.28,1.26,0.29,0.18,0.02,0.44,6.26,general,high,0.64,34.1,23.2,15.8,1,2,1.0,14.51
196.14,1.2,0.27,0.75,0.67,12.35,5.06,general,high,0.85,30.6,20.1,9.8,0,1,1.0,13.27
80.25,1.31,0.16,0.78,0.22,17.58,2.36,hazmat,high,0.82,26.0,11.1,8.0,0,0,1.4,15.97
150.34,1.67,0.06,0.26,0.1,4.6,9.04,general,standard,0.95,32.5,3.2,3.3,0,2,1.0,22.77
213.52,2.25,0.28,0.18,0.32,0.16,0.65,medicine,standard,0.88,35.0,13.9,11.6,0,1,1.2,44.73
255.82,2.97,0.14,0.19,0.19,7.19,0.29,perishable,standard,0.89,26.0,8.0,8.1,1,0,1.2,67.69
21.97,1.69,0.43,0.55,0.3,3.61,6.11,hazmat,standard,0.82,29.2,22.7,21.6,1,0,1.4,18.04
161.08,1.43,0.52,0.89,0.55,7.46,0.08,general,standard,0.67,34.2,40.1,24.2,0,0,1.0,15.84
118.81,2.1,0.75,0.4,0.24,2.67,0.61,general,standard,0.66,33.5,56.7,41.6,1,2,1.0,46.51
67.46,2.23,0.2,0.25,0.15,6.83,1.76,general,high,0.96,28.0,12.5,10.3,1,0,1.0,11.94
67.43,1.83,0.67,0.64,0.46,7.93,0.84,luxury,low,0.7,27.3,43.5,37.7,0,1,1.0,27.75
73.64,1.48,0.39,0.44,0.15,3.95,4.15,perishable,critical,0.63,28.1,26.4,21.3,0,1,1.2,18.36
80.51,1.69,0.33,0.98,0.36,17.34,2.55,perishable,standard,0.83,31.3,23.4,12.1,1,0,1.2,21.96
88.01,2.0,0.25,0.58,0.27,1.83,5.96,luxury,critical,0.78,29.9,16.1,14.3,1,0,1.0,15.78
266.87,1.15,0.86,0.11,0.54,14.6,2.62,hazmat,standard,0.86,34.1,46.0,32.2,0,0,1.4,34.84
110.84,1.67,0.36,0.79,0.18,0.23,0.83,luxury,high,0.6,30.2,26.3,19.8,0,1,1.0,14.74
103.96,1.68,0.17,0.94,0.14,8.18,0.89,hazmat,low,0.81,31.8,12.5,6.9,0,1,1.4,26.2
209.59,2.74,0.03,0.78,0.3,4.11,2.09,perishable,low,0.93,30.7,2.4,1.4,0,0,1.2,55.72
66.39,2.1,0.14,0.35,0.45,2.1,3.18,furniture,high,0.95,32.9,9.0,8.3,0,0,1.0,11.15
308.75,1.17,0.04,0.88,0.57,0.4,5.1,perishable,critical,0.88,35.0,2.7,2.1,0,1,1.2,15.54
83.77,1.7,0.09,0.63,0.23,5.85,1.28,furniture,standard,0.94,34.0,7.0,4.9,0,0,1.0,15.23
181.38,1.75,0.67,0.56,0.42,5.63,1.44,luxury,high,0.76,30.2,50.0,27.5,0,0,1.0,22.23
251.01,2.39,0.08,0.27,0.32,6.47,6.82,hazmat,standard,0.63,31.7,4.6,4.5,0,0,1.4,71.71
157.26,2.33,0.3,0.49,0.36,6.79,4.4,medicine,high,0.7,27.5,19.3,11.3,0,0,1.2,33.7
27.2,2.67,0.29,0.72,0.21,0.63,5.29,general,high,0.72,31.7,18.2,12.7,1,0,1.0,20.83
99.84,1.39,0.35,0.84,0.59,9.79,6.25,general,standard,0.93,28.4,27.9,17.7,1,0,1.0,20.68
188.18,1.09,0.21,0.9,0.22,0.79,0.31,general,standard,0.99,28.4,11.6,12.4,0,1,1.0,5.78
30.74,2.74,0.26,0.6,0.69,4.17,0.06,luxury,low,0.93,26.9,18.9,13.8,0,0,1.0,16.11
27.5,1.47,0.44,0.89,0.47,7.97,5.95,luxury,low,0.68,36.3,31.3,24.4,1,1,1.0,28.24
233.18,2.64,0.11,0.96,0.12,30.0,3.14,luxury,standard,0.76,32.7,8.3,4.8,0,0,1.0,59.7
157.45,1.94,0.28,0.73,0.2,1.07,3.42,furniture,standard,0.87,26.3,16.4,12.7,1,2,1.0,29.37
41.22,1.77,0.8,0.88,0.63,1.71,8.94,medicine,low,0.91,31.2,45.2,38.1,0,0,1.2,24.24
89.54,1.46,0.71,0.95,0.33,1.75,12.55,perishable,low,0.67,30.1,46.9,25.7,0,1,1.2,31.67
123.25,2.54,0.6,0.42,0.28,6.21,7.89,perishable,critical,0.72,28.0,36.0,31.2,0,0,1.2,40.13
161.64,1.95,0.25,0.84,0.37,3.56,1.09,perishable,standard,0.73,25.6,13.5,12.3,0,0,1.2,35.19
67.32,2.54,0.54,0.65,0.57,2.52,3.2,general,standard,0.86,34.5,41.7,19.9,0,1,1.0,18.6
179.77,1.93,0.51,0.8,0.37,14.65,1.05,perishable,low,0.92,30.0,25.5,26.3,1,1,1.2,41.94
169.04,2.09,0.63,0.2,0.42,4.28,1.93,medicine,critical,0.79,32.3,47.7,27.0,1,0,1.2,45.83
121.16,2.69,0.44,0.92,0.18,9.03,1.36,hazmat,standard,0.87,23.2,24.1,22.0,0,1,1.4,43.44
108.85,1.77,0.4,0.75,0.49,16.78,2.94,perishable,low,0.78,27.4,28.3,14.0,0,0,1.2,24.2
100.94,1.88,0.11,0.33,0.45,3.51,3.36,hazmat,low,0.69,29.3,8.0,4.0,1,4,1.4,46.16
171.59,2.5,0.17,0.71,0.1,11.64,3.04,medicine,critical,0.76,32.5,11.7,6.3,0,1,1.2,36.17
85.18,1.24,0.62,0.69,0.39,8.02,0.25,medicine,standard,0.94,30.1,37.0,34.2,0,0,1.2,18.14
116.07,1.27,0.22,0.6,0.45,29.66,1.96,general,low,0.91,28.1,15.1,9.1,1,0,1.0,8.95
108.24,2.43,0.63,0.26,0.35,2.99,1.59,medicine,critical,0.78,29.6,33.5,27.1,1,1,1.2,44.94
136.71,1.53,0.1,0.57,0.27,0.11,2.28,medicine,low,0.98,32.3,6.0,5.5,0,0,1.2,13.42
156.59,1.06,0.61,0.67,0.69,0.58,2.54,general,standard,0.88,29.8,31.6,35.5,1,0,1.0,26.89
198.97,1.65,0.32,0.6,0.24,6.94,11.79,general,high,0.88,29.7,23.5,18.7,0,1,1.0,23.54
123.11,1.51,0.61,0.4,0.41,8.39,0.81,perishable,high,0.93,32.9,47.2,33.3,0,1,1.2,24.5
297.51,2.38,0.12,0.73,0.09,2.23,10.99,perishable,high,0.86,33.7,8.6,4.9,0,0,1.2,47.56
136.77,1.58,0.24,0.68,0.2,0.61,3.64,general,high,0.72,24.7,16.9,12.4,0,0,1.0,17.02
101.99,1.37,0.59,0.31,0.34,6.17,14.84,general,critical,0.91,32.9,43.3,31.4,0,0,1.0,14.24
38.6,1.05,0.51,0.44,0.55,5.04,0.94,general,standard,0.94,34.7,32.0,27.3,0,0,1.0,9.73
106.87,1.45,0.13,0.52,0.28,0.28,2.82,general,standard,0.96,35.8,8.0,5.8,1,0,1.0,8.58
161.28,1.2,0.53,0.87,0.14,3.96,5.07,perishable,high,0.89,30.5,41.8,24.4,1,0,1.2,22.48
248.24,1.82,0.16,0.19,0.44,1.42,3.33,hazmat,high,0.75,30.2,10.1,8.1,1,1,1.4,43.69
134.62,1.94,0.51,0.46,0.61,0.62,0.64,general,high,0.69,32.1,37.2,30.6,0,0,1.0,22.92
119.18,1.22,0.49,0.18,0.31,1.0,1.4,perishable,critical,0.89,32.0,37.9,23.9,0,0,1.2,14.85
118.11,2.01,0.58,0.71,0.23,1.18,1.68,medicine,standard,0.99,36.0,31.9,21.2,1,0,1.2,33.7
272.24,2.09,0.32,0.47,0.22,0.87,4.37,luxury,standard,0.85,30.4,20.5,14.3,1,0,1.0,43.81
196.81,1.08,0.32,0.36,0.16,1.0,6.09,general,critical,0.72,32.1,22.9,18.2,0,0,1.0,4.35
193.63,1.47,0.5,0.86,0.19,3.86,4.24,luxury,standard,0.93,31.5,35.5,20.6,0,1,1.0,16.77
106.55,1.05,0.02,1.0,0.41,0.23,1.6,furniture,standard,0.87,32.6,1.0,1.2,1,0,1.0,4.24
219.54,1.46,0.26,0.76,0.42,1.77,3.87,perishable,low,0.73,33.6,17.1,14.5,1,0,1.2,24.5
63.63,1.85,0.01,0.11,0.12,0.58,0.13,general,standard,0.78,28.3,0.6,0.4,0,0,1.0,6.65
220.7,2.34,0.13,0.98,0.57,4.86,3.14,furniture,critical,0.83,28.3,9.8,6.8,1,0,1.0,41.5
106.24,1.58,0.05,0.23,0.42,14.78,2.95,perishable,standard,0.94,34.6,2.7,2.5,0,0,1.2,13.62
117.39,1.25,0.34,0.37,0.2,0.23,0.79,furniture,critical,0.87,28.1,20.7,14.0,0,1,1.0,7.94
87.41,1.49,0.26,0.47,0.11,11.3,4.62,perishable,low,0.85,33.4,20.9,13.2,0,1,1.2,21.53
176.19,1.83,0.37,0.23,0.46,7.24,9.05,furniture,critical,0.83,26.9,24.7,15.2,0,0,1.0,19.19
165.9,1.51,0.5,0.48,0.46,3.93,2.95,medicine,standard,0.88,32.6,28.9,26.0,0,0,1.2,23.7
174.13,1.46,0.4,0.91,0.1,14.91,2.99,luxury,standard,0.83,30.7,30.1,20.2,0,0,1.0,12.32
53.33,2.75,0.32,0.34,0.58,1.25,1.05,furniture,low,0.64,32.0,25.7,16.6,1,0,1.0,34.33
75.79,3.26,0.34,0.34,0.37,0.23,10.07,general,high,0.74,26.4,27.2,16.1,0,1,1.0,40.33
154.76,1.15,0.59,0.63,0.4,7.66,7.51,medicine,low,0.83,30.0,35.2,33.6,0,0,1.2,18.36
179.46,1.73,0.25,0.7,0.31,0.66,2.52,medicine,low,0.81,33.4,19.0,14.3,0,0,1.2,24.76
150.97,1.29,0.16,0.64,0.63,8.94,0.47,hazmat,low,0.61,25.7,11.8,8.9,1,0,1.4,20.26
53.11,1.29,0.39,0.17,0.34,12.5,12.21,perishable,high,0.91,32.7,19.7,17.2,1,0,1.2,13.55
57.96,2.28,0.1,0.89,0.11,1.43,3.01,medicine,critical,0.77,32.7,6.2,5.3,0,2,1.2,17.8
153.98,1.63,0.81,0.76,0.36,9.95,1.15,hazmat,high,0.67,34.0,58.3,37.2,0,0,1.4,40.09
313.61,1.84,0.26,0.62,0.86,3.81,2.97,general,standard,0.8,28.5,17.2,13.2,0,2,1.0,40.76
59.19,1.96,0.46,0.5,0.6,2.13,1.58,furniture,critical,0.69,26.4,26.2,18.4,1,1,1.0,28.95
51.34,2.53,0.37,0.98,0.16,1.64,5.81,perishable,low,0.81,27.2,22.3,16.5,0,1,1.2,34.93
109.74,1.72,0.3,0.85,0.53,7.69,3.0,medicine,standard,0.74,31.0,15.2,11.9,0,1,1.2,30.92
228.39,1.48,0.4,0.33,0.23,5.43,8.88,medicine,high,0.82,29.8,32.1,21.1,1,0,1.2,39.69
203.13,2.92,0.13,0.66,0.14,9.27,4.68,hazmat,critical,0.7,25.1,7.9,7.1,0,2,1.4,70.98
147.54,1.83,0.26,0.31,0.11,4.75,3.78,perishable,high,0.78,34.3,13.9,10.9,0,0,1.2,26.67
194.48,2.25,0.24,0.61,0.35,2.21,5.99,general,standard,0.74,35.4,18.0,10.5,0,0,1.0,32.27
67.36,1.7,0.05,0.76,0.57,2.24,0.82,medicine,low,0.76,33.6,3.0,2.4,0,0,1.2,11.34
237.3,1.87,0.09,0.52,0.29,12.17,2.36,medicine,standard,0.76,28.0,4.6,3.2,1,1,1.2,39.73
102.43,1.14,0.24,0.37,0.24,5.5,4.68,general,standard,0.87,32.2,19.0,8.7,0,0,1.0,4.59
153.26,1.09,0.36,0.41,0.88,9.24,2.24,general,critical,0.73,28.6,28.7,16.8,0,0,1.0,6.76
139.2,1.31,0.07,0.88,0.17,7.17,0.7,perishable,standard,0.92,35.0,4.7,3.2,0,0,1.2,11.99
170.24,1.68,0.31,0.16,0.62,1.14,0.97,general,high,0.72,26.5,18.8,12.9,0,0,1.0,15.61
58.77,1.39,0.35,0.92,0.16,3.03,2.09,general,high,0.76,32.2,22.0,18.8,1,1,1.0,11.34
301.47,1.66,0.23,0.33,0.48,0.44,7.43,general,critical,0.86,31.5,18.4,10.9,0,0,1.0,20.05
85.6,1.37,0.23,0.65,0.3,9.06,1.49,perishable,high,0.78,28.8,16.1,12.3,0,2,1.2,14.47
238.38,2.0,0.47,0.55,0.37,4.1,0.1,medicine,standard,0.7,31.0,25.4,28.0,1,0,1.2,51.69
185.01,1.48,0.6,0.38,0.08,12.21,2.48,medicine,critical,0.94,23.5,34.4,30.5,1,2,1.2,34.88
115.15,1.39,0.22,0.91,0.59,0.92,2.39,general,high,0.89,26.4,17.0,11.4,1,0,1.0,10.11
44.36,1.84,0.59,0.85,0.2,12.84,6.07,general,standard,0.74,34.1,45.6,29.0,0,1,1.0,16.82
119.77,1.49,0.11,0.6,0.56,10.91,1.27,perishable,standard,0.98,31.3,8.2,4.4,0,0,1.2,14.38
42.93,2.18,0.16,0.47,0.38,0.88,0.94,general,standard,0.64,27.7,9.0,7.3,1,0,1.0,15.81
98.22,1.95,0.25,0.71,0.6,7.19,6.79,general,standard,0.8,32.0,18.1,13.5,0,3,1.0,26.69
129.11,1.08,0.31,0.21,0.45,3.18,15.37,furniture,critical,0.88,33.7,17.5,11.3,0,0,1.0,5.51
40.19,2.21,0.37,0.95,0.36,1.53,3.35,perishable,standard,0.93,25.8,28.7,13.7,0,0,1.2,15.75
79.82,1.41,0.53,0.9,0.17,12.72,6.56,general,high,0.64,24.4,38.9,22.0,0,1,1.0,13.42
250.39,1.71,0.26,0.56,0.4,7.94,0.25,medicine,standard,0.9,32.9,14.5,13.1,0,0,1.2,28.01
74.31,1.47,0.7,0.85,0.45,0.9,2.42,general,standard,0.87,32.5,34.5,36.5,1,1,1.0,30.05
90.27,1.71,0.4,0.93,0.5,15.09,2.38,hazmat,low,0.67,26.3,31.1,17.7,1,0,1.4,56.21
46.36,1.82,0.16,0.22,0.22,3.75,0.13,medicine,standard,0.71,32.8,9.7,5.9,0,2,1.2,15.49
181.69,1.55,0.36,0.34,0.24,3.97,4.43,luxury,critical,0.92,26.7,22.8,17.4,0,1,1.0,16.7
112.93,1.04,0.38,0.29,0.26,5.54,1.95,general,critical,0.7,35.6,26.8,20.8,0,0,1.0,2.23
122.3,2.43,0.07,0.7,0.29,2.73,3.09,perishable,low,0.82,27.0,3.7,3.0,0,0,1.2,37.07
128.89,2.52,0.64,0.98,0.34,2.31,0.64,hazmat,high,0.79,28.3,43.2,23.1,1,0,1.4,63.99
130.87,1.73,0.42,0.13,0.36,7.12,3.91,medicine,standard,0.54,25.2,21.7,23.2,1,0,1.2,21.5
247.87,1.27,0.4,1.0,0.16,3.37,0.7,hazmat,high,0.88,29.8,23.8,22.5,0,0,1.4,20.37
88.45,1.72,0.53,0.2,0.41,4.32,3.43,general,low,0.91,34.0,38.3,24.4,0,2,1.0,24.81
200.92,2.22,0.0,0.66,0.1,2.21,4.82,general,low,0.75,30.4,0.0,0.0,0,0,1.0,35.72
71.8,2.24,0.19,0.71,0.12,4.49,5.21,perishable,high,0.65,27.9,12.8,9.4,0,0,1.2,25.86
185.62,1.09,0.79,0.13,0.05,5.39,1.5,luxury,critical,0.91,25.6,48.6,29.0,0,1,1.0,8.76
30.05,1.9,0.01,0.4,0.33,1.43,2.41,furniture,standard,0.88,25.4,0.6,0.5,1,0,1.0,5.33
94.54,1.67,0.29,0.52,0.56,12.75,3.36,medicine,standard,0.82,36.5,18.5,12.4,1,0,1.2,24.24
165.05,2.5,0.53,0.92,0.38,3.58,7.81,luxury,standard,0.87,32.7,27.4,28.4,0,1,1.0,50.97
117.07,1.84,0.17,0.73,0.22,2.32,11.07,luxury,standard,0.97,26.9,9.5,6.2,0,0,1.0,14.1
303.0,1.53,0.21,0.66,0.63,5.97,9.8,medicine,critical,0.74,32.2,12.9,10.7,1,0,1.2,31.39
147.39,1.02,0.08,0.22,0.33,14.03,8.16,perishable,standard,0.7,29.5,4.4,4.6,0,0,1.2,4.5
119.01,2.59,0.14,0.36,0.52,3.93,0.14,general,standard,0.83,27.9,8.5,8.2,0,0,1.0,32.41
176.82,1.18,0.5,0.5,0.38,2.01,2.97,general,high,0.83,36.0,29.1,25.3,0,1,1.0,11.28
143.81,1.25,0.25,0.37,0.6,5.45,4.24,medicine,low,0.85,27.9,16.3,9.7,0,0,1.2,15.49
95.86,1.86,0.31,0.49,0.5,12.73,3.53,furniture,standard,0.87,29.5,19.2,16.6,1,0,1.0,17.19
107.13,1.7,0.35,0.93,0.35,1.0,6.09,general,critical,0.87,26.9,27.3,14.0,0,1,1.0,20.56
186.6,1.64,0.3,0.64,0.07,3.82,10.08,hazmat,critical,0.87,35.0,18.1,12.1,0,0,1.4,23.8
161.29,1.51,0.22,0.57,0.36,1.25,0.02,medicine,high,0.76,28.2,12.1,8.1,0,1,1.2,20.43
51.37,1.51,0.15,0.58,0.32,3.81,2.45,general,standard,0.92,27.1,7.7,8.8,0,0,1.0,8.26
147.03,2.51,0.13,0.8,0.23,7.49,1.95,medicine,high,0.77,26.4,7.2,5.0,0,0,1.2,26.57
91.73,1.65,0.53,0.98,0.37,8.13,0.07,furniture,standard,0.83,27.9,37.5,26.1,1,0,1.0,24.0
130.36,1.23,0.55,0.98,0.09,0.18,0.33,general,standard,0.79,32.1,41.5,19.4,0,1,1.0,16.99
121.03,1.3,0.36,0.69,0.43,1.79,1.93,furniture,standard,0.74,24.7,28.4,20.6,1,1,1.0,26.18
38.82,2.31,0.47,0.43,0.22,1.14,2.18,furniture,standard,0.7,30.2,33.4,17.5,0,1,1.0,14.59
194.31,2.61,0.2,0.63,0.17,1.71,8.52,hazmat,low,0.92,30.3,12.7,8.2,0,0,1.4,81.01
224.17,1.31,0.07,0.16,0.71,3.11,0.53,perishable,standard,0.92,33.2,4.4,2.5,0,0,1.2,15.51
237.65,1.03,0.15,0.25,0.09,0.36,6.05,general,critical,0.86,33.6,11.7,6.6,1,0,1.0,6.99
64.04,1.45,0.11,0.9,0.15,3.38,9.32,furniture,low,0.84,27.8,6.7,4.6,1,1,1.0,15.26
96.45,2.66,0.88,0.77,0.22,6.61,3.79,perishable,high,0.63,30.3,45.7,39.5,0,0,1.2,46.9
76.12,2.08,0.13,0.32,0.31,3.43,0.68,medicine,standard,0.93,34.2,8.7,5.3,0,1,1.2,13.34
83.11,2.24,0.52,0.47,0.33,5.26,4.23,furniture,standard,0.76,27.4,41.8,25.2,1,0,1.0,35.45
124.15,2.05,0.17,0.16,0.25,7.5,1.4,general,critical,0.9,30.8,9.0,8.7,0,0,1.0,13.85
123.53,1.7,0.47,0.88,0.19,13.41,3.45,perishable,critical,0.97,35.4,36.5,18.7,0,0,1.2,21.79
242.08,2.5,0.25,0.37,0.23,9.24,3.42,luxury,standard,0.78,27.0,13.6,10.7,0,2,1.0,51.0
67.04,1.73,0.18,0.59,0.21,9.46,0.36,luxury,standard,0.84,25.6,14.4,7.1,0,0,1.0,9.46
215.14,1.01,0.38,0.99,0.34,1.87,4.54,luxury,low,0.73,32.7,22.1,19.1,0,1,1.0,12.93
168.96,2.27,0.19,0.26,0.2,2.21,0.04,medicine,high,0.7,28.2,10.8,9.8,0,0,1.2,30.39
247.11,1.76,0.15,0.89,0.53,1.69,0.5,perishable,standard,0.75,30.0,10.7,5.4,0,0,1.2,36.3
151.14,1.6,0.15,0.33,0.4,9.64,0.91,hazmat,standard,0.71,35.5,9.8,5.6,0,0,1.4,24.72
100.7,2.3,0.31,0.2,0.24,2.44,9.47,luxury,high,0.75,31.0,19.7,15.7,1,1,1.0,23.92
23.74,1.72,0.19,0.12,0.16,0.04,0.84,perishable,standard,0.9,31.8,14.1,10.8,0,1,1.2,6.79
71.26,1.48,0.72,0.86,0.05,0.48,0.67,perishable,standard,0.75,35.0,35.3,28.8,0,0,1.2,14.4
71.93,1.26,0.16,0.1,0.28,0.68,3.49,furniture,standard,0.9,33.8,8.6,7.4,0,1,1.0,11.46
86.11,1.3,0.72,0.96,0.39,0.3,4.64,luxury,high,0.87,32.3,55.3,28.0,0,1,1.0,15.1
116.44,2.34,0.15,0.27,0.44,4.42,4.31,perishable,critical,0.7,24.8,10.4,6.7,0,1,1.2,40.67
184.91,1.92,0.38,0.83,0.43,0.42,1.85,medicine,standard,0.76,23.6,30.1,21.6,0,1,1.2,39.02
199.66,1.66,0.36,0.88,0.08,5.29,9.22,general,low,0.85,35.5,18.3,15.6,0,0,1.0,29.74
136.91,2.24,0.2,0.18,0.57,1.44,0.54,perishable,low,0.84,29.3,13.8,8.6,1,1,1.2,33.97
54.15,1.9,0.24,0.44,0.28,7.49,11.81,medicine,low,0.83,27.0,17.8,10.2,0,1,1.2,30.58
223.65,1.76,0.13,0.35,0.68,4.8,6.86,hazmat,low,0.75,33.4,7.4,5.4,0,1,1.4,41.57
168.27,1.34,0.27,0.11,0.47,11.51,4.7,perishable,critical,0.78,29.0,19.5,14.4,0,0,1.2,14.04
48.43,1.66,0.56,0.48,0.2,3.12,0.33,medicine,standard,0.76,28.5,44.3,32.4,1,1,1.2,40.47
121.58,1.13,0.59,0.54,0.28,2.48,10.05,general,standard,0.93,34.0,46.3,29.1,1,0,1.0,22.51
166.4,2.55,0.22,0.71,0.43,1.99,0.1,perishable,standard,0.69,33.9,11.1,13.1,1,1,1.2,47.5
222.11,1.64,0.26,0.32,0.43,1.0,2.84,hazmat,high,0.89,26.8,12.8,11.2,0,0,1.4,30.81
276.32,1.84,0.08,0.86,0.34,2.03,7.78,furniture,high,0.73,24.6,6.4,3.8,1,1,1.0,35.52
141.67,2.0,0.12,0.53,0.15,0.04,0.9,medicine,high,0.69,27.1,8.9,4.8,0,1,1.2,14.73
251.99,1.79,0.4,0.7,0.45,12.14,0.82,perishable,high,0.79,31.5,21.6,21.6,0,0,1.2,39.17
29.93,1.81,0.26,0.52,0.24,18.17,1.28,furniture,low,0.69,30.3,13.1,14.7,1,1,1.0,16.31
168.38,1.82,0.4,0.17,0.19,11.62,1.01,perishable,standard,0.82,28.0,24.7,14.8,1,0,1.2,22.32
267.82,1.26,0.05,1.0,0.26,0.36,1.67,furniture,high,0.75,34.3,3.8,1.8,0,0,1.0,9.67
239.21,1.66,0.24,0.8,0.4,0.77,0.14,perishable,low,0.63,27.1,17.4,10.6,0,0,1.2,39.14
160.46,1.34,0.76,0.98,0.54,8.78,2.72,general,standard,0.83,34.5,54.1,28.1,0,2,1.0,22.15
320.29,2.45,0.58,0.84,0.18,3.45,11.36,general,standard,0.65,29.1,32.3,31.6,0,0,1.0,55.57
37.75,1.86,0.22,0.51,0.39,0.31,1.72,furniture,standard,0.85,29.2,17.7,10.1,0,1,1.0,13.35
56.83,1.57,0.53,0.72,0.55,1.96,0.08,hazmat,standard,0.72,27.0,32.0,23.6,0,0,1.4,18.93
105.53,1.08,0.28,0.85,0.08,2.27,7.88,perishable,high,0.93,29.5,15.2,12.0,1,0,1.2,9.38
202.56,1.83,0.38,0.68,0.51,5.13,1.1,furniture,high,0.79,29.8,26.4,18.4,0,1,1.0,26.24
124.4,1.76,0.27,0.69,0.0,0.33,7.85,perishable,high,0.73,31.9,14.1,15.1,0,0,1.2,23.9
193.98,1.61,0.33,0.28,0.46,11.66,3.06,perishable,high,0.72,32.2,22.2,16.8,0,1,1.2,18.57
81.82,2.45,0.3,0.2,0.35,0.46,1.96,medicine,standard,0.73,30.7,23.8,17.4,0,1,1.2,32.66
68.73,1.87,0.39,0.76,0.36,2.39,3.07,furniture,low,0.73,29.8,27.4,19.8,1,0,1.0,27.1
152.86,1.99,0.28,0.61,0.64,0.19,9.71,perishable,high,0.85,33.6,19.0,16.6,0,0,1.2,27.7
196.08,1.76,0.75,0.76,0.33,4.53,3.08,medicine,critical,0.61,27.6,37.9,42.4,1,1,1.2,47.06
80.1,2.03,0.06,0.62,0.16,11.42,12.19,general,high,0.86,29.2,4.0,2.5,0,1,1.0,23.07
148.37,1.58,0.81,0.11,0.08,10.43,1.81,general,high,0.89,34.2,52.3,41.4,0,0,1.0,7.96
210.63,2.22,0.24,0.98,0.31,3.05,4.02,hazmat,high,0.57,28.1,14.9,8.8,0,0,1.4,59.38
47.17,2.32,0.26,0.21,0.29,1.21,0.85,general,standard,0.73,32.5,13.4,14.9,0,0,1.0,13.23
89.74,1.24,0.45,0.74,0.25,1.15,1.78,general,standard,0.91,36.2,36.2,25.4,0,2,1.0,13.76
256.16,1.57,0.58,0.65,0.33,0.74,4.89,hazmat,high,0.75,33.1,41.4,25.0,1,0,1.4,47.99
287.32,1.4,0.23,0.32,0.36,4.04,19.26,perishable,standard,0.72,28.1,11.6,8.8,1,2,1.2,35.42
193.27,1.77,0.42,0.84,0.29,1.14,1.37,medicine,standard,0.86,30.9,25.2,24.3,0,1,1.2,32.88
122.13,2.18,0.12,0.34,0.57,3.14,0.48,medicine,low,0.61,29.7,7.1,4.5,0,0,1.2,37.69
119.61,1.63,0.24,0.16,0.47,17.96,4.04,medicine,high,0.86,29.9,12.6,8.7,0,0,1.2,28.44
274.5,2.02,0.28,0.72,0.62,0.72,1.56,medicine,standard,0.77,30.5,21.7,14.8,0,1,1.2,48.27
120.35,1.6,0.33,0.39,0.26,2.04,18.84,medicine,critical,0.95,31.2,22.3,18.8,1,0,1.2,22.23
106.43,1.26,0.18,0.25,0.43,7.46,1.15,luxury,critical,0.76,27.1,12.4,9.1,0,0,1.0,8.26
145.23,1.84,0.38,0.26,0.61,2.51,3.02,medicine,low,0.78,27.6,22.0,18.4,0,0,1.2,32.01
191.83,1.88,0.29,0.11,0.47,4.16,0.7,perishable,standard,0.9,27.8,19.7,13.6,1,0,1.2,32.57
190.64,2.01,0.39,0.37,0.43,0.17,0.21,general,standard,0.68,26.6,24.7,19.6,1,0,1.0,20.22
131.74,2.38,0.45,0.35,0.6,0.54,6.95,general,high,0.66,26.6,24.5,19.6,1,0,1.0,32.24
140.27,1.33,0.09,0.53,0.3,3.93,1.26,hazmat,standard,0.98,29.0,7.1,4.8,0,0,1.4,9.6
163.12,2.7,0.35,0.53,0.42,0.33,2.5,general,low,0.77,31.9,19.6,18.6,0,0,1.0,49.61
35.56,1.1,0.1,0.71,0.47,10.07,0.11,luxury,standard,0.6,32.2,6.9,4.3,0,0,1.0,6.24
286.25,1.3,0.46,0.56,0.39,9.32,12.7,general,low,0.89,27.2,24.5,25.6,0,2,1.0,22.65
87.67,2.05,0.17,0.83,0.21,0.01,0.24,luxury,high,0.84,27.7,12.9,6.1,0,0,1.0,18.24
205.15,1.57,0.17,0.89,0.11,0.33,3.58,hazmat,low,0.67,36.2,8.9,7.6,0,2,1.4,29.3
157.38,1.9,0.42,0.6,0.37,7.66,7.31,furniture,standard,0.89,26.5,24.8,24.2,0,1,1.0,26.64
141.34,1.69,0.47,0.86,0.56,5.99,0.76,perishable,standard,0.94,36.2,31.9,24.0,0,0,1.2,20.47
203.82,1.88,0.44,0.99,0.36,0.45,9.89,hazmat,standard,0.78,33.2,35.1,18.6,0,0,1.4,33.74
139.68,2.0,0.62,0.7,0.1,1.16,1.01,perishable,low,0.77,34.7,39.8,37.1,1,0,1.2,61.95
128.95,1.34,0.29,0.27,0.36,1.57,4.17,medicine,standard,0.86,29.7,20.1,13.5,0,0,1.2,12.6
79.72,2.48,0.21,0.58,0.17,4.19,6.07,general,high,0.93,28.9,11.5,8.9,1,0,1.0,14.38
102.46,1.85,0.5,0.16,0.64,1.88,0.24,furniture,critical,0.89,33.5,39.3,20.6,1,1,1.0,22.09
155.5,1.64,0.23,0.8,0.13,1.23,0.38,perishable,standard,0.65,27.0,18.5,9.1,0,0,1.2,15.24
139.66,2.41,0.86,0.14,0.49,1.79,1.18,luxury,standard,0.8,33.1,47.4,49.4,0,1,1.0,38.58
122.64,1.5,0.12,0.53,0.32,17.92,0.14,general,critical,0.77,27.7,6.8,4.9,0,0,1.0,16.2
45.72,1.94,0.54,0.94,0.42,2.4,1.34,perishable,standard,0.75,31.6,34.6,28.2,1,0,1.2,34.15
237.67,2.9,0.41,0.86,0.45,6.33,4.11,general,standard,0.72,36.2,24.1,23.2,1,0,1.0,65.93
120.63,1.91,0.5,0.14,0.42,2.78,14.22,perishable,standard,0.92,30.2,39.6,24.9,0,0,1.2,33.12
95.28,1.93,0.13,0.44,0.24,0.47,13.9,perishable,standard,0.79,27.9,9.7,7.2,0,0,1.2,16.34
164.94,1.65,0.24,0.39,0.23,0.64,1.92,medicine,critical,0.86,25.2,14.1,12.5,0,1,1.2,25.66
191.58,2.58,0.5,0.16,0.18,2.97,1.86,general,standard,0.93,28.3,34.2,24.4,0,0,1.0,44.9
205.61,1.34,0.41,0.2,0.38,8.62,4.83,perishable,standard,0.89,35.8,23.7,23.7,0,0,1.2,21.7
169.44,1.8,0.28,0.61,0.46,1.55,0.25,perishable,standard,0.96,31.2,18.8,14.8,0,1,1.2,32.78
120.54,1.31,0.28,0.39,0.34,3.88,2.68,general,low,0.84,30.5,20.3,13.4,1,1,1.0,13.95
124.74,1.02,0.35,0.14,0.17,5.24,2.6,general,standard,0.91,31.4,24.5,19.8,1,1,1.0,2.74
83.72,1.85,0.13,0.87,0.59,13.57,2.99,general,critical,0.7,30.1,6.7,4.6,0,0,1.0,14.44
123.17,1.32,0.61,0.59,0.69,3.12,1.52,hazmat,standard,0.68,28.1,41.8,35.5,0,0,1.4,22.19
97.44,1.76,0.24,0.73,0.51,2.03,1.49,general,low,0.96,27.2,18.8,13.8,1,0,1.0,15.27
133.75,2.24,0.56,0.73,0.64,4.61,0.28,furniture,standard,0.64,33.0,30.0,31.8,0,0,1.0,30.0
151.01,1.87,0.11,0.17,0.34,1.76,0.51,general,low,0.68,35.5,8.4,4.3,1,0,1.0,20.17
97.43,1.34,0.15,0.1,0.15,2.38,4.4,general,high,0.81,28.9,10.3,5.9,0,1,1.0,7.86
251.6,1.22,0.28,0.86,0.43,2.57,3.68,luxury,high,0.8,24.8,16.0,13.5,0,0,1.0,10.5
274.83,2.17,0.55,0.97,0.37,2.74,5.17,furniture,low,0.87,33.3,39.1,23.5,0,1,1.0,56.25
58.72,1.95,0.71,0.6,0.37,0.73,10.29,medicine,standard,0.93,30.7,55.1,33.1,0,0,1.2,19.82
108.65,1.23,0.14,0.56,0.29,0.56,0.23,general,standard,0.76,33.7,8.9,5.3,0,0,1.0,2.94
152.65,1.5,0.03,0.21,0.37,2.66,1.28,general,low,0.85,28.7,2.0,1.3,0,0,1.0,12.45
144.74,1.19,0.6,0.6,0.26,0.41,6.69,furniture,high,0.92,26.3,40.9,24.7,1,1,1.0,20.57
100.03,1.97,0.01,0.12,0.17,3.03,9.73,perishable,standard,0.71,32.4,0.5,0.5,1,1,1.2,23.49
191.07,1.44,0.61,0.81,0.24,14.52,1.52,perishable,standard,0.73,32.5,44.3,34.9,0,2,1.2,31.95
248.36,2.31,0.52,0.57,0.05,4.37,5.02,medicine,standard,0.64,30.8,32.5,21.4,1,0,1.2,81.4
143.14,1.63,0.4,0.75,0.55,0.05,1.53,general,low,0.91,29.8,26.2,19.6,1,0,1.0,26.22
96.11,1.67,0.07,0.53,0.78,3.37,3.42,furniture,standard,0.83,30.7,4.8,3.0,0,2,1.0,19.03
249.13,1.5,0.3,0.77,0.26,0.58,1.3,perishable,standard,0.7,24.6,17.4,10.7,1,0,1.2,31.64
114.24,2.4,0.21,0.6,0.23,3.14,4.95,general,low,0.77,30.5,14.3,7.8,0,1,1.0,38.89
254.73,1.81,0.43,0.58,0.07,18.32,5.06,general,high,0.93,24.6,27.1,18.5,1,0,1.0,30.9
97.44,1.42,0.3,0.43,0.13,14.75,1.88,furniture,standard,0.89,34.5,15.8,12.5,1,0,1.0,13.26
140.34,1.42,0.44,0.36,0.58,2.76,3.68,hazmat,high,0.78,30.8,33.3,19.6,0,0,1.4,22.82
202.1,2.52,0.12,0.79,0.4,12.82,1.61,medicine,critical,0.75,30.4,8.7,6.1,0,2,1.2,53.26
81.25,2.47,0.37,0.74,0.2,0.33,1.19,general,high,0.66,34.7,29.4,22.0,1,0,1.0,34.08
176.19,1.74,0.31,0.91,0.54,0.84,15.74,general,critical,0.8,30.0,22.1,14.0,0,2,1.0,33.1
244.22,1.61,0.62,0.81,0.55,1.06,8.15,medicine,low,0.87,27.7,42.5,26.0,0,0,1.2,38.84
99.29,1.07,0.26,0.17,0.1,0.28,2.06,luxury,high,0.7,26.1,15.6,14.9,0,1,1.0,8.21
78.08,1.92,0.37,0.96,0.19,4.77,0.55,furniture,low,0.92,29.5,26.0,14.4,1,2,1.0,39.3
227.12,1.58,0.59,0.77,0.24,4.35,6.19,luxury,high,0.9,35.0,45.3,22.0,0,0,1.0,21.3
125.4,2.11,0.04,0.41,0.15,4.36,0.25,medicine,critical,0.91,26.1,2.0,2.1,1,0,1.2,19.52
77.77,1.97,0.35,0.68,0.27,1.52,7.59,hazmat,standard,0.75,28.9,17.7,12.5,0,0,1.4,30.78
143.58,2.34,0.23,0.79,0.34,5.32,1.5,perishable,standard,0.9,28.2,13.9,8.5,1,0,1.2,37.54
69.16,1.86,0.17,0.22,0.7,0.25,2.06,luxury,standard,0.8,28.0,8.8,10.0,0,0,1.0,6.21
167.65,2.1,0.49,0.97,0.25,1.3,1.4,luxury,standard,0.84,30.3,33.2,22.6,0,0,1.0,28.85
184.51,1.04,0.84,0.69,0.43,14.87,1.18,general,high,0.79,31.2,46.1,29.7,1,0,1.0,19.17
46.8,1.59,0.32,0.12,0.22,0.07,4.57,furniture,standard,0.8,34.3,18.0,14.4,0,1,1.0,11.8
82.09,1.76,0.4,0.6,0.1,0.67,1.05,general,standard,0.85,30.9,24.9,17.7,0,0,1.0,12.63
68.45,1.41,0.66,0.27,0.42,17.6,3.56,medicine,standard,0.79,31.7,43.6,32.4,0,0,1.2,14.52
210.38,2.11,0.22,0.33,0.17,8.23,8.14,perishable,high,0.77,33.8,13.3,7.9,1,1,1.2,42.99
133.1,1.24,0.11,0.16,0.26,6.27,5.19,furniture,low,0.85,31.7,5.8,6.3,1,1,1.0,10.88
186.98,2.01,0.69,0.48,0.09,15.61,9.59,medicine,high,0.75,31.9,51.6,35.2,0,0,1.2,48.53
198.63,1.36,0.27,0.34,0.06,0.98,9.53,hazmat,critical,0.82,30.6,18.1,14.0,0,0,1.4,19.44
19.16,2.08,0.35,0.85,0.09,3.11,0.3,perishable,standard,0.64,31.7,21.7,20.6,0,0,1.2,15.95
259.39,2.35,0.56,0.87,0.12,0.96,2.14,medicine,low,0.81,32.9,30.6,24.6,0,0,1.2,73.97
71.89,2.59,0.14,0.12,0.21,6.76,10.18,perishable,standard,0.91,36.1,11.0,7.1,1,1,1.2,17.98
193.89,2.03,0.15,0.8,0.3,9.49,4.7,furniture,low,0.94,27.4,7.8,8.4,1,0,1.0,37.34
227.35,2.01,0.38,0.13,0.59,9.9,8.56,general,standard,0.71,30.6,19.3,17.2,1,1,1.0,39.19
35.18,1.96,0.12,0.5,0.24,2.8,6.45,medicine,critical,0.98,36.6,6.1,4.3,0,0,1.2,6.54
230.13,2.25,0.56,0.19,0.05,7.82,7.81,perishable,high,0.85,30.6,44.8,25.4,0,0,1.2,48.12
113.86,2.4,0.31,0.6,0.54,15.67,0.3,general,critical,0.87,27.0,20.1,12.6,0,0,1.0,18.19
168.7,1.82,0.17,0.96,0.22,4.82,3.47,general,high,0.78,31.3,10.7,7.8,1,0,1.0,14.73
165.86,1.74,0.56,0.31,0.19,9.58,13.01,perishable,standard,0.75,26.3,38.5,22.2,0,0,1.2,36.56
42.23,1.97,0.49,0.86,0.6,7.48,1.9,furniture,standard,0.71,34.2,24.4,26.0,0,0,1.0,13.92
212.97,2.69,0.42,0.81,0.25,1.92,2.97,general,critical,0.8,32.8,23.8,22.1,0,0,1.0,52.98
236.62,2.11,0.19,0.78,0.15,12.22,0.26,general,critical,0.63,27.6,10.9,7.7,0,1,1.0,32.88
139.41,2.19,0.42,0.34,0.59,9.29,7.65,perishable,high,0.73,34.2,26.1,22.0,0,0,1.2,38.84
23.6,1.78,0.48,0.66,0.54,1.38,2.17,medicine,high,0.89,36.6,35.2,24.8,0,0,1.2,11.29
110.31,2.48,0.09,0.18,0.59,0.39,0.98,medicine,critical,0.97,28.6,4.8,4.9,0,1,1.2,21.7
192.5,1.49,0.33,0.54,0.33,3.56,0.74,furniture,low,0.88,30.4,19.0,18.0,1,1,1.0,24.1
238.11,1.32,0.15,0.93,0.48,1.13,16.36,hazmat,low,0.61,29.1,11.1,7.1,0,1,1.4,28.82
121.43,1.73,0.23,0.56,0.45,3.39,1.44,furniture,standard,0.81,34.7,16.0,11.6,0,0,1.0,20.51
61.7,1.82,0.61,0.13,0.17,10.44,4.51,luxury,high,0.73,32.7,30.6,27.4,0,1,1.0,20.59
192.53,1.47,0.27,0.73,0.25,0.37,5.28,hazmat,high,0.88,30.7,19.8,13.6,0,1,1.4,18.14
199.63,2.8,0.36,0.89,0.66,0.78,1.41,luxury,standard,0.96,33.4,24.0,20.9,1,0,1.0,52.28
252.63,2.01,0.68,0.28,0.52,0.94,0.59,furniture,high,0.56,34.1,50.2,38.1,1,1,1.0,53.56
202.03,1.32,0.73,0.24,0.57,9.11,9.2,perishable,high,0.81,33.8,37.9,26.4,0,0,1.2,23.47
124.05,1.85,0.38,0.13,0.03,0.46,4.63,medicine,high,0.66,30.6,28.9,14.4,1,0,1.2,35.41
67.45,1.19,0.65,0.79,0.55,1.86,0.14,general,standard,0.76,25.5,34.5,31.2,1,0,1.0,15.49
45.68,1.52,0.54,0.92,0.16,0.2,2.9,furniture,standard,0.88,34.2,29.4,19.6,0,1,1.0,8.89
185.08,1.38,0.74,0.54,0.4,7.4,2.66,general,critical,0.66,34.6,51.5,31.7,0,0,1.0,12.47
122.42,1.61,0.39,0.35,0.52,5.12,0.37,perishable,low,0.97,26.1,30.5,18.8,1,0,1.2,37.82
221.72,1.73,0.17,0.93,0.56,1.02,6.25,luxury,critical,0.96,24.9,12.2,7.2,1,0,1.0,18.62
188.33,2.08,0.06,0.28,0.31,1.31,2.06,perishable,high,0.79,30.6,3.9,2.8,0,0,1.2,32.68
93.8,1.7,0.21,0.48,0.09,0.63,0.69,furniture,high,0.91,26.6,10.5,9.9,0,0,1.0,12.3
264.92,1.99,0.14,0.91,0.65,3.6,0.43,perishable,low,0.62,25.2,9.4,6.4,0,0,1.2,49.73
206.79,2.39,0.71,0.99,0.1,0.52,3.93,perishable,high,0.86,31.8,35.6,37.0,0,3,1.2,63.47
176.73,2.24,0.18,0.34,0.22,0.92,2.05,medicine,high,0.97,30.8,12.0,7.8,1,0,1.2,31.26
177.55,1.03,0.27,0.96,0.2,3.44,0.62,general,low,0.87,27.8,20.9,10.5,0,1,1.0,7.27
269.87,1.8,0.38,0.53,0.04,6.63,2.92,general,standard,0.84,26.9,19.6,21.7,0,0,1.0,34.15
163.95,2.43,0.24,0.67,0.08,1.65,0.75,hazmat,low,0.86,27.9,12.9,8.8,0,1,1.4,59.97
120.73,2.08,0.86,0.78,0.61,1.26,1.84,general,standard,0.95,28.1,51.2,41.9,1,0,1.0,28.1
126.79,1.37,0.31,0.43,0.62,7.03,4.73,perishable,high,0.84,33.7,22.1,13.3,0,0,1.2,7.6
208.23,2.01,0.19,0.85,0.58,1.46,0.05,hazmat,standard,0.85,31.3,13.0,10.7,0,0,1.4,32.28
166.06,1.54,0.11,0.93,0.14,5.88,3.62,medicine,high,0.61,28.9,7.6,4.0,0,2,1.2,21.76
173.64,1.25,0.23,0.79,0.15,3.63,2.85,luxury,low,0.65,27.7,17.4,13.5,0,2,1.0,16.55
53.71,2.34,0.34,0.21,0.22,3.53,4.97,general,low,0.78,26.7,21.0,12.6,1,0,1.0,21.96
36.14,1.49,0.43,0.15,0.49,3.29,17.95,medicine,standard,0.81,33.9,27.3,21.1,0,0,1.2,16.86
99.19,1.55,0.05,0.37,0.46,0.41,9.45,perishable,high,0.74,27.4,3.3,2.1,0,0,1.2,15.47
85.43,2.39,0.34,0.8,0.43,16.9,2.48,luxury,high,0.77,24.9,25.9,16.3,0,1,1.0,19.87
220.03,1.76,0.04,0.87,0.03,3.14,1.04,perishable,critical,0.75,32.9,3.0,1.5,0,0,1.2,28.33
79.33,1.25,0.24,0.47,0.15,2.72,0.24,furniture,critical,0.8,27.1,14.8,12.2,0,1,1.0,7.56
115.46,1.16,0.32,0.21,0.28,0.5,20.8,hazmat,standard,0.82,30.7,21.9,19.2,1,0,1.4,16.57
210.18,1.8,0.27,0.77,0.42,2.67,5.8,general,high,0.78,32.3,16.6,13.1,1,2,1.0,32.81
137.71,2.0,0.34,0.86,0.24,6.84,3.22,medicine,standard,0.82,25.2,22.4,17.1,0,0,1.2,37.58
78.73,1.83,0.12,0.2,0.31,1.16,3.48,general,critical,0.85,28.1,7.5,5.9,0,0,1.0,5.59
23.65,1.1,0.13,0.48,0.39,5.56,9.67,luxury,standard,0.78,32.0,8.4,5.9,0,0,1.0,6.79
154.43,2.08,0.14,0.68,0.09,6.89,0.7,medicine,low,0.55,29.1,9.9,5.2,0,0,1.2,45.98
197.04,1.32,0.06,0.78,0.29,4.88,6.55,perishable,standard,0.91,29.8,4.6,2.9,0,0,1.2,15.62
211.72,2.38,0.27,0.96,0.07,18.65,8.38,perishable,standard,0.83,26.8,17.2,13.0,0,1,1.2,59.12
253.54,1.99,0.15,0.28,0.24,2.88,0.87,perishable,standard,0.81,25.8,10.6,6.7,0,1,1.2,48.13
201.56,2.91,0.32,0.92,0.23,1.83,4.28,perishable,low,0.85,27.6,21.0,17.2,0,0,1.2,64.57
241.04,1.3,0.02,0.86,0.08,0.18,1.39,perishable,standard,0.81,31.3,1.4,1.1,1,2,1.2,26.18
70.05,2.43,0.18,0.55,0.43,1.42,1.13,medicine,critical,0.79,35.4,10.5,10.7,0,0,1.2,17.6
281.05,1.64,0.37,0.63,0.26,6.1,0.78,perishable,standard,0.95,34.0,25.6,22.1,0,1,1.2,34.82
195.13,2.61,0.41,0.73,0.3,1.83,7.95,furniture,standard,0.8,25.7,30.6,22.5,0,0,1.0,41.08
196.24,2.09,0.77,0.91,0.19,1.84,3.73,medicine,high,0.73,33.9,43.5,45.2,1,0,1.2,46.37
160.3,1.9,0.37,0.6,0.54,6.17,3.25,general,critical,0.84,27.4,19.4,20.0,0,2,1.0,26.86
88.43,2.36,0.6,0.3,0.39,4.32,0.01,perishable,high,0.91,28.5,42.7,26.7,1,0,1.2,39.25
75.1,1.43,0.41,0.48,0.28,2.82,0.87,perishable,high,0.89,29.3,28.3,22.6,0,0,1.2,8.74
93.51,1.02,0.53,0.4,0.3,0.31,4.37,furniture,standard,0.95,24.8,41.5,27.6,1,0,1.0,13.28
166.52,1.31,0.69,0.95,0.28,0.72,2.58,luxury,standard,0.79,30.1,42.6,41.0,1,1,1.0,26.93
173.57,2.03,0.13,0.19,0.39,3.03,1.17,general,low,0.76,27.7,8.4,6.8,0,0,1.0,29.87
243.42,1.98,0.42,0.52,0.58,4.45,3.93,luxury,high,0.71,26.3,24.8,21.6,1,0,1.0,26.56
172.74,2.21,0.61,0.99,0.59,2.53,0.27,hazmat,high,0.91,28.0,33.9,22.3,1,0,1.4,63.62
244.55,1.72,0.56,0.55,0.4,1.35,0.96,luxury,high,0.86,32.9,44.3,23.7,1,2,1.0,42.85
102.63,1.62,0.4,0.49,0.29,9.24,3.44,hazmat,low,0.86,27.7,22.9,18.1,1,0,1.4,27.42
148.71,1.24,0.56,0.7,0.55,6.34,5.67,furniture,critical,0.58,34.1,42.7,20.1,1,0,1.0,19.34
292.21,2.07,0.2,0.3,0.09,11.67,2.41,medicine,standard,0.75,25.0,13.5,11.7,1,0,1.2,45.59
55.66,1.08,0.12,0.86,0.26,12.47,0.82,hazmat,low,0.7,33.5,9.0,7.0,0,1,1.4,14.15
90.46,2.33,0.37,0.53,0.22,5.33,0.44,perishable,critical,0.88,29.9,24.8,18.2,1,1,1.2,29.19
262.08,1.29,0.37,0.47,0.13,2.51,2.15,perishable,standard,0.81,29.1,24.1,13.2,0,2,1.2,24.94
181.36,1.77,0.55,0.48,0.83,3.23,4.05,furniture,standard,0.95,31.0,36.6,19.3,0,0,1.0,30.43
238.15,1.13,0.15,0.71,0.13,0.33,3.08,furniture,high,0.93,29.7,8.6,5.9,1,0,1.0,6.98
102.11,1.46,0.48,0.69,0.42,0.62,0.87,hazmat,standard,0.71,24.3,26.2,17.1,0,0,1.4,17.22
55.02,2.24,0.21,0.56,0.17,1.51,9.45,furniture,critical,0.7,34.2,11.2,11.9,0,0,1.0,17.21
112.25,1.85,0.4,0.64,0.54,0.91,9.13,medicine,high,0.75,31.7,22.8,23.7,0,1,1.2,26.76
261.87,1.21,0.47,0.88,0.22,0.62,1.99,furniture,standard,0.79,29.9,28.7,23.9,0,0,1.0,13.37
272.03,2.12,0.32,0.83,0.43,3.0,4.91,general,standard,0.69,27.1,20.6,12.8,1,1,1.0,49.16
109.75,2.84,0.21,0.57,0.69,3.88,0.97,furniture,low,0.96,27.4,10.7,8.1,1,1,1.0,40.31
241.95,2.24,0.01,0.94,0.39,8.56,2.09,hazmat,standard,0.78,30.2,0.7,0.6,0,0,1.4,63.61
211.68,1.25,0.12,0.51,0.47,3.59,6.48,medicine,standard,0.82,25.8,7.8,4.7,0,0,1.2,16.96
159.85,1.39,0.48,0.38,0.65,3.21,8.37,luxury,high,0.92,30.9,30.8,28.2,0,2,1.0,24.12
104.49,2.3,0.41,0.24,0.08,1.94,0.23,general,standard,0.9,27.9,23.5,16.6,1,0,1.0,20.61
149.55,1.2,0.33,0.3,0.21,8.14,3.66,general,standard,0.91,30.9,20.8,18.0,0,0,1.0,8.68
25.42,1.11,0.26,0.71,0.79,5.55,1.88,perishable,high,0.75,31.3,19.7,15.6,1,0,1.2,7.23
110.73,1.18,0.08,0.62,0.52,0.99,3.01,general,high,0.86,30.7,4.3,3.0,0,0,1.0,6.74
140.96,1.96,0.26,0.22,0.19,3.78,1.98,general,low,0.89,26.4,14.1,13.6,0,0,1.0,24.49
56.7,1.07,0.32,0.53,0.21,0.87,2.02,perishable,standard,0.89,30.8,16.7,12.1,1,0,1.2,6.53
108.93,1.55,0.29,0.24,0.21,6.13,4.55,hazmat,standard,0.92,24.5,14.2,15.3,0,2,1.4,25.3
86.95,1.01,0.56,0.46,0.58,1.85,5.41,medicine,high,0.73,33.8,39.6,25.1,0,0,1.2,6.81
82.57,2.65,0.38,0.32,0.08,3.72,0.79,perishable,critical,0.79,31.8,24.3,18.6,0,0,1.2,29.5
253.34,2.84,0.47,0.54,0.1,0.08,0.69,general,low,0.58,26.8,36.1,22.8,0,0,1.0,78.98
251.0,2.38,0.55,0.88,0.26,9.8,7.43,general,critical,0.99,29.8,32.7,24.5,0,1,1.0,37.22
127.66,2.61,0.19,0.37,0.15,2.52,1.43,furniture,low,0.84,27.5,13.9,9.9,1,0,1.0,39.95
129.98,1.97,0.33,0.98,0.29,0.09,3.86,perishable,high,0.92,26.6,23.1,13.4,0,0,1.2,27.03
187.5,1.31,0.42,0.55,0.24,0.38,5.8,luxury,standard,0.89,23.8,27.0,14.9,1,1,1.0,28.97
127.0,2.43,0.67,0.26,0.22,8.21,6.07,general,low,0.74,32.7,41.6,32.3,1,1,1.0,51.85
111.65,1.42,0.15,0.7,0.69,7.69,5.67,perishable,standard,0.96,30.0,9.9,6.7,1,1,1.2,16.4
147.13,1.5,0.54,0.88,0.23,0.71,1.81,medicine,standard,0.96,23.3,31.5,31.3,0,0,1.2,19.84
26.34,1.7,0.65,0.53,0.45,6.31,12.02,hazmat,low,0.87,27.2,44.5,32.8,1,1,1.4,41.36
121.95,1.27,0.36,0.9,0.59,3.94,3.66,medicine,low,0.68,33.6,24.7,12.7,0,0,1.2,12.44
167.79,1.81,0.44,0.8,0.06,7.1,2.56,general,low,0.67,29.9,22.2,18.0,0,1,1.0,31.83
67.71,1.81,0.14,0.2,0.44,1.57,2.58,general,low,0.68,26.7,10.1,8.0,1,0,1.0,16.64
105.13,1.53,0.11,0.87,0.3,0.37,0.33,medicine,low,0.57,28.4,8.3,5.3,0,0,1.2,11.82
163.78,1.66,0.37,0.2,0.12,0.79,0.23,furniture,standard,0.75,30.0,28.6,21.5,0,3,1.0,20.11
229.1,1.29,0.69,0.45,0.34,13.62,0.29,general,critical,0.63,28.0,52.0,27.4,1,0,1.0,32.23
139.66,1.58,0.48,0.94,0.04,1.32,1.34,medicine,standard,0.83,34.7,33.0,16.9,0,1,1.2,26.24
128.28,1.82,0.56,0.34,0.55,15.43,5.97,general,standard,0.87,30.8,29.3,22.1,0,1,1.0,23.66
77.27,2.7,0.19,0.11,0.47,3.25,0.97,furniture,standard,0.81,28.3,13.3,8.5,0,2,1.0,24.9
137.89,2.1,0.1,0.48,0.49,2.97,8.64,general,high,0.64,24.8,5.5,4.3,0,0,1.0,24.09
166.23,1.53,0.52,0.95,0.62,17.35,0.57,perishable,critical,0.96,26.0,32.8,24.9,1,1,1.2,34.28
133.86,1.16,0.71,0.48,0.32,1.16,1.17,perishable,high,0.79,28.8,50.6,30.1,0,0,1.2,9.83
33.46,1.62,0.11,0.2,0.38,6.21,3.19,perishable,standard,0.91,30.6,7.0,6.0,0,0,1.2,3.92
134.04,2.33,0.79,0.48,0.3,0.66,2.38,hazmat,high,0.72,30.7,56.2,46.6,0,0,1.4,54.26
71.33,1.97,0.54,0.99,0.36,10.18,6.93,medicine,standard,0.83,28.0,39.5,22.4,1,0,1.2,29.21
15.52,2.24,0.45,0.28,0.2,0.22,4.88,luxury,high,0.84,27.2,35.8,20.7,0,0,1.0,8.54
78.31,2.04,0.36,0.92,0.27,7.36,0.71,hazmat,high,0.65,26.0,21.6,17.8,0,0,1.4,27.12
189.84,1.35,0.45,0.21,0.22,1.44,2.3,furniture,critical,0.7,26.4,35.9,18.0,0,0,1.0,9.64
75.91,1.27,0.55,0.2,0.5,4.55,3.24,general,standard,0.87,34.1,29.9,22.8,0,2,1.0,11.66
165.02,1.27,0.21,0.14,0.54,9.64,13.72,general,standard,0.77,32.8,13.8,10.7,0,0,1.0,7.44
128.95,1.97,0.16,0.24,0.3,6.67,0.33,general,critical,0.85,23.1,8.5,7.0,1,0,1.0,15.8
136.18,1.52,0.24,0.95,0.18,15.88,3.72,general,standard,0.94,34.2,19.2,10.1,0,0,1.0,18.62
99.36,2.29,0.47,0.84,0.35,9.59,0.59,perishable,critical,0.65,23.6,34.1,17.6,1,0,1.2,33.12
231.26,1.86,0.18,0.4,0.4,2.69,7.73,furniture,high,0.77,24.5,9.2,6.7,1,0,1.0,24.64
252.78,1.73,0.26,0.23,0.18,2.35,3.14,medicine,high,0.79,26.7,14.8,11.4,0,1,1.2,39.73
141.35,1.82,0.22,0.6,0.14,7.18,0.94,perishable,high,0.88,31.3,15.3,10.4,0,0,1.2,14.72
157.93,1.23,0.44,0.21,0.32,1.72,3.51,general,high,0.75,26.0,31.7,19.4,0,2,1.0,18.0
60.22,1.21,0.02,0.71,0.36,2.27,1.62,luxury,low,0.79,26.8,1.3,0.8,0,2,1.0,17.25
141.28,2.83,0.65,0.89,0.28,9.34,1.18,luxury,standard,0.74,32.9,50.2,28.8,0,0,1.0,45.05
130.18,1.42,0.18,0.57,0.1,0.72,0.04,medicine,standard,0.97,34.4,13.6,10.7,1,1,1.2,14.32
74.66,1.71,0.68,0.31,0.49,0.11,4.49,perishable,standard,0.77,33.3,49.6,38.2,0,0,1.2,21.13
262.44,2.95,0.55,0.38,0.54,15.3,1.95,luxury,low,0.66,24.8,42.5,28.0,0,0,1.0,91.42
149.2,1.95,0.75,0.44,0.37,1.22,8.06,general,high,0.91,30.6,39.4,35.5,0,1,1.0,21.32
167.13,1.41,0.13,0.96,0.13,0.8,15.4,general,high,0.72,30.1,8.2,7.2,0,2,1.0,17.46
130.96,2.04,0.49,0.87,0.05,4.44,2.37,perishable,standard,0.79,32.1,28.4,17.8,1,0,1.2,51.53
183.42,2.08,0.49,0.59,0.57,11.23,2.19,luxury,standard,0.78,25.1,33.0,19.0,1,1,1.0,45.08
113.26,1.47,0.68,0.72,0.2,2.51,4.52,medicine,standard,0.69,24.5,53.0,34.5,1,0,1.2,35.27
185.74,2.48,0.4,0.19,0.31,5.83,2.44,perishable,high,0.8,27.3,23.6,15.2,1,0,1.2,44.64
83.44,1.57,0.67,0.26,0.07,4.94,0.55,general,low,0.84,29.0,53.6,27.0,1,0,1.0,33.43
224.51,1.2,0.58,0.6,0.11,2.65,1.06,general,standard,0.76,31.4,34.7,27.7,0,0,1.0,12.95
128.79,1.64,0.4,0.21,0.54,0.46,1.11,medicine,high,0.71,31.9,22.8,23.2,0,1,1.2,20.93
189.72,1.13,0.41,0.12,0.06,13.13,8.72,hazmat,low,0.74,29.3,27.4,17.1,0,1,1.4,21.0
151.86,2.3,0.16,0.19,0.19,19.19,1.83,perishable,high,0.77,24.5,10.6,9.5,0,0,1.2,33.4
87.21,2.5,0.17,0.19,0.36,3.95,11.2,medicine,high,0.59,25.0,9.2,6.4,0,2,1.2,37.47
241.2,1.13,0.05,0.77,0.07,0.64,1.21,medicine,standard,0.68,28.4,2.8,2.5,0,0,1.2,10.1
134.99,1.95,0.29,0.86,0.39,6.18,11.27,luxury,low,0.66,25.4,15.9,11.0,1,0,1.0,26.87
153.09,1.68,0.38,0.83,0.23,0.34,1.83,furniture,standard,0.94,30.0,18.8,14.3,0,1,1.0,24.14
184.82,1.33,0.19,0.99,0.3,4.49,3.93,luxury,standard,0.93,26.9,11.2,8.8,0,0,1.0,9.88
200.81,2.65,0.27,0.9,0.67,3.35,2.22,medicine,low,0.65,27.1,13.7,12.9,0,0,1.2,58.13
232.48,1.19,0.45,0.48,0.14,0.27,0.59,hazmat,critical,0.9,33.6,35.9,16.0,1,1,1.4,33.86
122.08,1.2,0.54,0.5,0.4,0.84,7.05,general,low,0.94,32.3,41.5,19.0,1,1,1.0,32.48
91.42,1.37,0.27,0.38,0.16,0.74,2.82,perishable,low,0.67,29.6,20.6,13.1,1,2,1.2,23.18
141.33,1.45,0.51,0.3,0.13,6.2,1.4,perishable,critical,0.88,27.7,40.7,18.9,0,0,1.2,11.95
232.45,1.47,0.47,0.81,0.12,7.21,14.44,furniture,low,0.76,28.7,24.2,20.1,0,0,1.0,22.83
268.62,2.48,0.34,0.67,0.33,0.52,0.66,perishable,critical,0.83,32.6,19.9,18.4,1,0,1.2,58.73
177.77,2.37,0.13,0.23,0.46,2.16,0.89,luxury,standard,0.75,29.4,10.4,7.3,1,0,1.0,25.06
35.43,1.73,0.1,0.73,0.22,0.69,8.55,perishable,critical,0.85,27.8,6.3,5.2,0,0,1.2,9.55
270.53,1.68,0.34,0.27,0.19,12.44,5.06,hazmat,standard,0.78,32.8,21.9,19.1,0,1,1.4,47.62
194.89,1.31,0.41,0.47,0.22,0.31,9.52,general,high,0.8,32.1,22.5,21.0,0,0,1.0,11.76
111.79,1.1,0.36,0.9,0.29,2.58,5.22,hazmat,high,0.7,33.3,25.5,16.3,0,3,1.4,27.92
135.47,2.75,0.2,0.16,0.49,1.38,1.47,perishable,low,0.78,25.6,12.1,10.6,0,0,1.2,50.2
157.28,1.31,0.62,0.43,0.05,13.77,10.5,perishable,low,0.69,31.0,40.2,26.9,1,0,1.2,37.02
264.49,1.93,0.11,0.12,0.36,10.47,1.2,furniture,standard,0.74,32.5,5.7,4.5,1,0,1.0,21.75
211.98,1.63,0.44,0.5,0.12,2.21,1.78,luxury,critical,0.72,29.4,22.9,20.4,0,1,1.0,14.56
33.37,1.3,0.15,0.71,0.88,2.85,4.69,perishable,standard,0.87,24.6,11.7,8.3,0,0,1.2,7.32
152.52,1.45,0.4,0.1,0.66,0.48,1.14,perishable,low,0.78,29.1,27.0,16.5,1,1,1.2,37.4
80.62,1.29,0.1,0.69,0.47,2.53,0.21,furniture,standard,0.89,34.7,6.9,5.1,1,0,1.0,3.9
236.34,2.21,0.29,0.68,0.19,4.03,1.02,perishable,high,0.82,30.5,18.2,13.3,0,0,1.2,52.1
208.73,2.31,0.39,0.92,0.37,2.32,0.08,perishable,critical,0.91,31.9,27.5,22.0,0,0,1.2,36.09
99.01,2.86,0.27,0.5,0.34,0.44,6.99,perishable,high,0.81,26.4,18.9,10.4,1,3,1.2,48.8
155.36,1.84,0.07,0.24,0.43,1.2,0.36,general,high,0.81,31.2,3.6,4.2,0,0,1.0,18.04
240.96,1.36,0.62,0.71,0.21,1.56,12.39,furniture,low,0.76,31.2,44.0,30.6,1,0,1.0,30.23
198.74,2.92,0.2,0.45,0.59,7.36,10.69,luxury,standard,0.79,33.0,14.8,12.0,0,0,1.0,58.03
147.73,1.32,0.46,0.26,0.28,1.14,0.03,medicine,low,0.85,32.4,29.8,24.2,0,0,1.2,15.86
120.08,1.53,0.06,0.66,0.41,5.87,2.45,medicine,high,0.83,31.6,3.4,3.4,1,1,1.2,18.32
138.59,1.97,0.25,0.2,0.37,1.88,4.82,perishable,high,0.97,24.8,13.4,10.3,1,0,1.2,26.71
258.86,1.31,0.19,0.24,0.67,0.59,0.03,furniture,standard,0.65,31.3,14.2,8.0,0,1,1.0,16.63
108.92,2.1,0.61,0.76,0.21,3.48,3.05,general,critical,0.96,30.9,42.6,32.8,1,0,1.0,25.79
227.36,1.48,0.03,0.72,0.32,8.72,1.32,luxury,high,0.89,26.7,1.5,1.3,0,0,1.0,12.37
47.53,1.11,0.16,0.64,0.23,1.81,3.1,medicine,standard,0.73,28.3,8.1,9.0,1,0,1.2,5.98
184.43,1.58,0.08,0.81,0.46,4.43,3.91,hazmat,critical,0.62,31.7,4.0,3.0,0,0,1.4,23.65
42.38,2.71,0.54,0.24,0.36,8.79,18.16,hazmat,critical,0.87,32.7,32.3,21.7,1,1,1.4,38.79
194.84,1.11,0.36,0.17,0.83,1.55,0.63,perishable,high,0.8,28.3,26.4,20.0,0,1,1.2,15.05
206.33,1.41,0.34,0.99,0.4,0.48,0.95,luxury,critical,0.69,35.5,25.4,18.0,1,1,1.0,23.9
84.7,1.33,0.41,0.56,0.21,1.27,2.68,perishable,standard,0.94,27.3,26.2,23.7,1,2,1.2,24.59
248.91,2.24,0.81,0.97,0.27,9.76,1.21,general,standard,0.8,30.7,54.5,31.4,1,0,1.0,55.79
212.68,2.02,0.37,0.63,0.32,1.99,3.06,perishable,standard,0.92,24.9,27.6,15.4,0,0,1.2,27.02
124.77,1.33,0.14,0.74,0.09,0.98,9.8,perishable,high,0.84,28.9,11.1,6.3,0,0,1.2,14.49
218.87,1.75,0.26,0.37,0.24,3.51,13.08,luxury,standard,0.85,29.3,15.2,11.8,1,0,1.0,31.09
19.77,1.52,0.16,0.88,0.06,4.81,1.27,general,standard,0.67,28.2,8.0,8.5,0,0,1.0,7.45
253.84,1.47,0.72,0.45,0.31,3.1,6.42,furniture,high,0.67,25.3,43.7,28.1,0,2,1.0,24.72
58.31,1.74,0.22,0.89,0.19,1.96,13.82,general,high,0.88,29.2,13.0,8.6,1,2,1.0,12.64
76.35,1.52,0.2,0.36,0.07,3.39,1.69,furniture,low,0.84,25.4,13.3,11.5,1,1,1.0,11.41
16.61,2.44,0.17,0.63,0.27,11.68,7.52,furniture,high,0.74,32.2,11.0,6.2,1,3,1.0,18.03
145.02,1.38,0.26,0.8,0.36,5.21,1.25,furniture,critical,0.74,31.0,18.5,9.8,1,0,1.0,10.23
49.06,1.45,0.26,0.81,0.59,2.82,1.5,furniture,standard,0.89,28.7,20.4,10.1,0,0,1.0,5.85
201.81,2.09,0.66,0.81,0.0,8.43,5.32,medicine,standard,0.81,27.7,51.2,38.0,0,0,1.2,51.26
146.84,2.32,0.18,1.0,0.05,0.01,3.95,general,high,0.73,32.7,9.1,6.6,0,1,1.0,31.11
42.04,1.78,0.05,0.96,0.5,1.09,3.9,general,low,0.55,30.8,2.8,2.5,1,0,1.0,13.38
154.23,2.07,0.05,0.28,0.24,3.86,1.95,general,low,0.91,30.2,3.0,2.4,0,1,1.0,24.4
97.9,1.04,0.14,0.43,0.13,5.33,4.43,furniture,standard,0.85,31.8,8.4,4.9,1,1,1.0,2.71
224.73,1.83,0.59,0.56,0.46,3.39,3.5,furniture,high,0.67,28.8,29.0,29.0,0,1,1.0,38.1
70.38,2.13,0.57,0.75,0.21,5.26,0.23,general,critical,0.63,30.2,43.1,32.2,1,0,1.0,25.62
121.8,2.28,0.03,0.71,0.47,4.73,5.51,luxury,high,0.6,27.0,1.8,1.2,1,0,1.0,29.68
121.0,1.94,0.5,0.71,0.12,4.16,2.02,general,standard,0.71,33.9,37.8,23.2,0,1,1.0,22.22
161.0,1.88,0.43,0.35,0.29,0.78,3.54,furniture,critical,0.69,29.2,27.3,22.5,1,0,1.0,32.03
102.35,2.13,0.46,0.4,0.37,2.92,0.97,luxury,high,0.79,29.3,31.7,24.2,0,0,1.0,26.88
246.7,1.49,0.32,0.28,0.33,2.9,5.3,hazmat,standard,0.79,31.1,22.4,15.3,1,2,1.4,41.38
199.95,1.17,0.4,0.89,0.15,1.3,6.45,general,high,0.89,27.7,26.3,15.9,0,0,1.0,8.54
189.29,1.52,0.74,0.48,0.4,11.26,7.6,furniture,standard,0.84,35.4,58.5,33.4,1,2,1.0,34.06
245.01,1.13,0.33,0.52,0.6,10.58,2.93,furniture,standard,0.7,33.2,19.3,19.5,1,3,1.0,22.12
29.58,1.22,0.44,0.96,0.27,1.8,11.97,furniture,critical,0.78,24.2,30.5,23.3,1,1,1.0,22.71
189.83,1.21,0.13,0.92,0.09,1.23,5.83,general,standard,0.77,28.6,9.8,6.4,0,2,1.0,8.98
215.4,1.48,0.19,0.35,0.51,2.49,2.25,general,standard,0.8,28.5,12.0,9.4,0,0,1.0,17.57
107.23,1.36,0.4,0.9,0.25,0.18,6.82,general,high,0.78,25.5,20.9,23.5,0,0,1.0,12.12
169.2,1.2,0.44,0.59,0.06,11.37,1.17,perishable,critical,0.7,33.4,30.0,25.2,0,1,1.2,12.7
187.79,1.11,0.32,0.69,0.67,1.06,1.17,hazmat,standard,0.71,23.8,16.1,11.4,1,1,1.4,22.13
66.77,1.61,0.15,0.49,0.13,1.27,1.52,general,standard,0.74,32.0,10.8,8.7,0,0,1.0,8.67
177.84,1.84,0.7,0.99,0.32,2.98,1.1,perishable,standard,0.97,28.9,44.2,26.5,1,0,1.2,40.94
238.04,2.32,0.17,0.72,0.41,4.31,1.78,perishable,critical,0.7,34.3,10.4,8.2,0,1,1.2,55.01
124.66,2.41,0.35,0.42,0.5,2.89,3.72,furniture,high,0.92,31.3,27.6,14.7,1,0,1.0,49.26
59.11,2.26,0.19,0.61,0.29,3.49,1.28,general,standard,0.75,32.9,9.8,11.2,0,0,1.0,19.63
54.02,1.07,0.74,0.88,0.15,10.36,5.02,perishable,low,0.86,32.3,41.4,36.7,0,0,1.2,23.13
110.98,1.29,0.01,0.16,0.4,8.47,3.71,general,standard,0.88,25.6,0.7,0.6,1,1,1.0,10.37
264.28,1.36,0.05,0.3,0.46,0.06,4.78,medicine,high,0.84,34.9,3.5,1.8,0,1,1.2,22.39
174.69,1.84,0.2,0.11,0.43,3.3,2.51,perishable,high,0.82,29.7,11.4,9.7,0,0,1.2,25.3
164.42,1.28,0.73,0.24,0.42,6.68,10.45,perishable,high,0.72,29.6,45.6,42.8,0,0,1.2,22.69
168.2,3.16,0.22,0.59,0.15,5.98,1.77,general,standard,0.79,32.0,11.2,8.5,0,0,1.0,59.77
225.25,1.11,0.34,0.44,0.19,2.21,4.29,perishable,high,0.64,27.6,27.1,16.1,0,0,1.2,8.81
160.64,1.66,0.69,0.55,0.28,5.75,3.05,general,high,0.83,23.2,54.5,31.3,0,1,1.0,24.12
309.71,1.34,0.34,0.54,0.75,5.02,10.47,perishable,standard,0.71,25.0,18.5,16.1,0,0,1.2,22.19
158.67,1.82,0.27,0.27,0.28,1.51,2.61,general,high,0.73,30.5,15.3,10.0,0,0,1.0,18.28
250.31,1.6,0.14,0.84,0.49,1.18,17.76,medicine,standard,0.83,28.7,7.6,5.9,1,0,1.2,31.4
268.2,2.41,0.15,0.41,0.19,0.37,1.35,furniture,critical,0.7,30.1,10.5,6.9,0,0,1.0,35.36
180.01,1.34,0.56,0.85,0.28,2.86,7.59,hazmat,standard,0.8,31.5,32.3,30.3,0,0,1.4,26.58
138.2,1.11,0.49,0.28,0.49,3.65,17.17,general,standard,0.72,27.3,29.6,25.1,1,0,1.0,20.01
108.42,1.64,0.02,0.41,0.33,0.2,0.64,medicine,critical,0.96,26.2,1.1,0.7,0,0,1.2,5.84
130.59,1.35,0.85,0.68,0.42,2.57,1.78,hazmat,critical,0.75,34.9,51.2,45.1,0,0,1.4,28.48
144.12,1.36,0.27,0.4,0.5,0.48,4.9,perishable,standard,0.82,32.5,20.3,15.3,0,0,1.2,15.14
194.05,2.57,0.08,0.29,0.19,0.39,9.04,general,critical,0.89,33.5,4.3,3.4,0,1,1.0,35.2
105.95,1.11,0.31,0.95,0.45,1.69,5.48,general,high,0.9,32.6,18.1,15.1,0,0,1.0,5.31
98.0,1.65,0.35,0.51,0.09,3.67,0.46,medicine,low,0.69,24.8,26.7,16.5,1,1,1.2,34.01
54.81,1.35,0.35,0.93,0.5,4.72,3.21,perishable,high,0.86,25.7,21.9,15.7,1,1,1.2,10.53
236.26,1.73,0.63,0.99,0.36,4.15,1.74,perishable,standard,0.63,32.7,33.8,28.1,0,0,1.2,38.27
155.2,1.91,0.13,0.43,0.38,16.56,0.44,hazmat,low,0.76,26.6,6.7,7.3,0,2,1.4,52.09
32.26,1.9,0.52,0.41,0.52,1.28,4.41,medicine,standard,0.67,26.7,27.9,18.2,0,1,1.2,19.18
125.5,1.7,0.06,0.29,0.28,2.95,1.96,furniture,critical,0.79,28.6,3.0,2.3,1,0,1.0,9.95
88.84,2.07,0.16,0.56,0.31,3.48,0.0,general,critical,0.89,30.4,11.5,6.2,0,0,1.0,10.99
171.4,1.11,0.47,0.29,0.22,1.16,0.7,perishable,high,0.52,31.6,29.4,18.6,0,0,1.2,10.5
5.38,1.09,0.77,0.32,0.26,1.42,9.29,hazmat,standard,0.71,27.7,58.2,41.2,1,0,1.4,35.73
117.38,1.3,0.09,0.78,0.51,5.24,7.29,furniture,standard,0.66,23.1,5.9,3.7,0,0,1.0,9.58
62.94,1.05,0.32,0.49,0.69,9.77,11.08,furniture,standard,0.83,32.9,20.1,13.9,1,0,1.0,9.54
115.39,1.86,0.03,0.29,0.16,2.65,2.54,perishable,standard,0.89,29.2,1.8,1.2,1,0,1.2,18.44
191.84,2.07,0.05,0.37,0.2,4.45,4.66,perishable,low,0.88,27.8,3.4,2.9,0,0,1.2,35.79
196.66,1.52,0.07,0.27,0.05,20.4,3.22,hazmat,high,0.89,29.4,4.8,2.5,0,0,1.4,22.09
169.37,1.76,0.57,0.32,0.21,7.5,3.1,perishable,low,0.69,30.1,41.3,31.4,0,0,1.2,35.58
71.54,1.15,0.32,0.77,0.44,0.59,1.3,perishable,standard,0.8,30.9,24.4,17.3,0,1,1.2,14.72
94.2,2.34,0.19,0.87,0.43,30.0,7.83,medicine,high,0.86,29.5,10.1,7.1,0,0,1.2,26.83
68.94,1.98,0.12,0.96,0.07,5.95,0.86,general,low,0.85,29.1,9.4,4.9,0,0,1.0,14.56
115.22,1.92,0.43,0.99,0.11,0.86,4.1,general,standard,0.61,31.8,22.7,18.4,1,0,1.0,20.69
28.75,1.23,0.33,0.47,0.45,1.32,11.15,perishable,standard,0.87,27.1,22.5,17.6,1,0,1.2,10.3
50.53,1.12,0.46,0.16,0.44,5.6,4.73,perishable,high,0.88,26.8,34.5,22.8,0,0,1.2,10.69
16.91,2.07,0.49,0.64,0.15,9.16,3.91,hazmat,high,0.67,33.3,38.8,27.6,0,0,1.4,22.48
48.52,2.99,0.17,0.16,0.16,3.67,1.58,perishable,high,0.73,29.1,11.0,6.5,0,0,1.2,19.53
75.91,2.02,0.59,0.73,0.55,4.23,2.49,furniture,high,0.82,27.5,38.5,30.7,1,0,1.0,30.96
75.69,1.19,0.06,0.73,0.08,1.09,0.25,general,low,0.97,27.5,4.2,2.2,0,1,1.0,3.79
30.49,2.45,0.43,0.23,0.26,4.75,0.17,general,critical,0.91,29.8,32.6,21.5,0,0,1.0,11.21
137.36,1.89,0.5,0.79,0.38,4.35,0.02,furniture,high,0.9,29.9,35.6,19.8,0,1,1.0,20.32
212.22,2.85,0.21,0.34,0.59,2.88,1.86,general,high,0.63,27.7,14.7,8.3,0,0,1.0,60.25
257.92,2.35,0.55,0.44,0.43,0.28,0.03,perishable,high,0.8,31.8,43.1,20.0,0,0,1.2,54.15
206.85,1.29,0.22,0.16,0.2,5.42,4.77,luxury,critical,0.79,31.1,16.7,11.7,1,0,1.0,10.21
84.74,1.24,0.3,0.49,0.29,3.66,5.57,general,standard,0.86,31.3,19.0,17.3,0,1,1.0,9.97
219.69,1.08,0.24,0.37,0.35,3.33,3.06,perishable,high,0.74,31.5,18.7,13.3,0,1,1.2,7.95
163.73,2.71,0.51,0.67,0.2,16.7,1.87,perishable,standard,0.85,28.3,32.2,23.6,1,0,1.2,52.61
174.13,1.28,0.1,0.34,0.33,4.3,0.06,medicine,standard,0.83,24.3,5.1,3.7,0,1,1.2,12.27
92.91,2.37,0.37,0.66,0.71,13.39,7.61,perishable,standard,0.71,29.1,28.6,21.8,0,1,1.2,30.19
63.45,1.34,0.23,0.37,0.54,5.81,5.5,perishable,high,0.81,29.6,15.1,11.7,0,0,1.2,7.06
102.39,1.48,0.55,0.31,0.4,1.08,1.03,luxury,standard,0.7,30.8,31.3,22.8,0,0,1.0,9.1
43.99,2.3,0.34,0.77,0.07,4.07,2.44,medicine,high,0.9,24.6,25.6,16.9,1,0,1.2,36.98
177.08,1.75,0.46,0.38,0.5,6.87,15.25,general,standard,0.77,28.3,23.7,26.9,0,0,1.0,22.85
123.37,1.26,0.44,0.29,0.09,6.87,4.76,general,high,0.82,32.5,28.2,18.5,0,0,1.0,8.34
144.15,2.0,0.46,0.96,0.62,0.6,1.36,medicine,high,0.76,25.7,29.2,20.7,0,0,1.2,32.56
262.11,2.02,0.53,0.87,0.28,0.54,1.55,medicine,low,0.87,28.1,27.3,23.4,1,0,1.2,65.91
59.67,1.35,0.15,0.53,0.3,0.11,10.69,general,high,0.9,35.1,8.9,7.3,1,0,1.0,8.71
23.44,1.09,0.37,0.17,0.5,5.24,2.47,perishable,standard,0.61,27.9,26.3,18.0,1,0,1.2,19.81
177.77,1.09,0.18,0.58,0.42,2.51,1.04,furniture,high,0.77,24.5,13.3,7.1,0,1,1.0,5.37
113.24,1.17,0.36,0.13,0.19,7.94,3.17,luxury,high,0.78,31.0,28.0,18.1,0,0,1.0,8.32
146.49,1.44,0.52,0.85,0.3,10.35,5.22,general,low,0.95,27.2,36.3,19.2,0,1,1.0,24.96
190.04,1.59,0.07,0.48,0.15,7.35,2.74,medicine,standard,0.89,32.7,3.5,3.4,1,2,1.2,28.94
303.87,2.65,0.12,0.29,0.49,3.49,1.35,perishable,critical,0.63,30.2,7.0,4.8,1,0,1.2,53.14
220.77,1.44,0.32,0.79,0.39,3.49,4.05,medicine,high,0.95,31.2,22.4,14.3,0,0,1.2,27.94
117.99,2.29,0.24,0.25,0.12,0.76,4.87,general,standard,0.72,31.6,16.3,8.6,1,1,1.0,22.15
79.92,1.66,0.04,0.73,0.52,4.86,3.42,luxury,high,0.95,28.8,3.1,2.1,1,0,1.0,9.88
138.79,1.74,0.16,0.68,0.16,2.1,1.17,general,standard,0.85,33.9,9.5,9.5,0,0,1.0,10.74
75.93,2.07,0.13,0.25,0.27,0.41,0.22,furniture,high,0.72,31.5,6.8,4.9,1,2,1.0,14.92
200.16,2.0,0.07,0.7,0.48,5.46,0.97,luxury,standard,0.91,31.8,5.4,3.1,1,1,1.0,31.86
270.46,2.59,0.33,0.8,0.39,5.18,1.98,perishable,high,0.9,26.0,24.6,15.1,1,0,1.2,66.8
308.3,1.42,0.39,0.8,0.31,0.17,5.2,furniture,high,0.89,29.7,27.8,15.8,0,2,1.0,19.97
151.29,1.03,0.26,0.64,0.39,19.89,10.48,furniture,critical,0.84,35.2,15.5,14.6,1,0,1.0,4.91
96.69,1.73,0.49,0.19,0.08,0.36,4.56,general,critical,0.83,29.7,34.2,23.3,1,0,1.0,19.58
156.62,1.67,0.21,0.25,0.39,1.01,0.02,perishable,high,0.68,33.1,15.5,12.4,0,0,1.2,19.5
125.22,1.09,0.32,0.37,0.25,6.13,3.91,medicine,low,0.88,27.1,21.6,15.1,0,1,1.2,9.52
50.53,2.78,0.18,0.94,0.13,7.21,0.4,hazmat,high,0.75,28.8,8.8,10.1,0,0,1.4,26.22
153.86,1.93,0.46,0.19,0.07,1.94,6.53,medicine,high,0.83,30.9,31.9,26.9,0,0,1.2,26.72
82.82,1.97,0.12,0.59,0.6,5.0,1.53,perishable,low,0.68,25.7,9.5,4.4,0,1,1.2,32.62
129.91,1.71,0.62,0.9,0.56,2.03,1.22,perishable,standard,0.63,35.2,46.6,36.0,1,0,1.2,44.3
147.58,1.39,0.53,0.49,0.17,2.0,2.78,furniture,low,0.76,24.2,27.0,23.8,0,1,1.0,12.14
263.13,2.82,0.28,0.89,0.25,13.17,2.69,perishable,standard,0.91,28.2,16.3,10.0,0,1,1.2,70.79
236.59,2.24,0.46,0.39,0.5,6.28,0.78,medicine,standard,0.65,32.8,25.2,20.0,0,0,1.2,59.93
92.05,2.2,0.12,0.5,0.54,3.64,8.48,medicine,standard,0.63,34.9,6.5,6.0,0,0,1.2,26.67
183.4,1.15,0.21,0.64,0.23,1.29,12.57,general,high,0.78,29.0,14.2,12.4,0,0,1.0,10.76
229.45,1.29,0.52,0.69,0.31,1.84,0.91,medicine,standard,0.73,26.8,26.1,24.2,0,1,1.2,24.82
82.15,2.01,0.52,0.45,0.22,12.31,1.25,medicine,standard,0.65,27.6,31.7,27.2,1,2,1.2,45.73
160.45,1.77,0.54,0.51,0.08,4.03,0.22,perishable,low,0.72,36.1,42.3,21.8,0,1,1.2,31.26
90.35,1.69,0.71,0.65,0.38,3.94,2.23,medicine,standard,0.9,29.1,46.7,33.0,1,1,1.2,37.18
144.2,1.99,0.38,0.87,0.34,2.19,1.71,perishable,low,0.88,30.1,30.1,18.3,0,1,1.2,42.94
175.92,1.31,0.27,0.42,0.29,0.6,1.4,general,low,0.92,31.2,17.2,11.1,1,0,1.0,10.89
227.38,1.43,0.26,0.6,0.47,3.54,9.84,furniture,high,0.93,30.1,18.3,11.7,0,0,1.0,18.64
284.4,1.22,0.47,0.78,0.36,14.21,1.48,luxury,high,0.83,32.2,28.7,24.9,1,1,1.0,27.85
240.22,1.52,0.19,0.97,0.2,5.54,1.82,medicine,critical,0.79,24.0,14.4,9.1,1,3,1.2,35.15
237.07,1.89,0.04,0.21,0.23,2.19,2.11,perishable,standard,0.76,29.3,2.0,2.1,0,0,1.2,29.52
139.83,1.44,0.25,0.17,0.67,8.14,1.64,general,standard,0.69,28.5,15.8,11.9,0,0,1.0,17.73
72.05,1.62,0.61,0.13,0.19,11.19,4.32,hazmat,standard,0.7,36.4,30.0,28.0,0,0,1.4,29.95
37.7,1.24,0.16,0.29,0.41,1.7,10.84,luxury,standard,0.85,35.3,11.1,6.8,1,0,1.0,5.31
231.11,1.22,0.48,0.58,0.24,1.83,0.24,luxury,critical,0.91,31.6,26.2,18.4,0,0,1.0,6.4
222.1,1.79,0.22,0.25,0.23,5.38,0.26,general,standard,0.89,30.7,12.8,8.8,0,0,1.0,14.5
168.45,1.92,0.7,0.32,0.22,3.73,25.0,perishable,standard,0.89,24.3,39.3,31.3,0,0,1.2,34.19
246.66,2.02,0.48,0.25,0.55,2.52,5.91,hazmat,standard,0.79,33.1,27.7,23.1,1,0,1.4,55.5
137.21,1.59,0.37,0.89,0.06,1.13,1.86,medicine,critical,0.58,31.1,25.1,21.6,0,2,1.2,24.91
170.06,1.75,0.23,0.89,0.46,1.73,2.93,hazmat,critical,0.77,36.2,17.6,13.0,1,0,1.4,25.2
225.38,2.12,0.33,0.52,0.43,1.62,6.0,perishable,critical,0.71,27.8,17.0,15.5,0,1,1.2,44.16
200.48,1.11,0.14,0.4,0.18,0.35,0.42,perishable,high,0.73,31.4,9.5,5.7,0,1,1.2,6.95
243.57,2.17,0.12,0.93,0.19,0.32,1.64,general,low,0.75,34.7,9.1,6.9,0,1,1.0,42.27
69.04,1.35,0.4,0.67,0.65,3.77,5.42,perishable,standard,0.76,35.2,30.2,21.1,1,0,1.2,31.56
197.51,1.72,0.36,0.25,0.34,6.52,4.18,perishable,critical,0.59,26.6,19.6,12.6,0,0,1.2,25.58
82.57,2.04,0.61,0.83,0.24,1.25,2.06,hazmat,critical,0.79,28.2,37.8,36.0,1,0,1.4,39.44
196.56,1.5,0.27,0.38,0.55,7.87,2.04,perishable,standard,0.95,35.2,18.4,12.0,0,0,1.2,17.2
141.53,1.91,0.11,0.88,0.29,26.16,12.28,perishable,high,0.93,27.0,6.1,4.3,0,0,1.2,19.62
241.34,1.8,0.17,0.58,0.37,7.99,6.0,perishable,low,0.91,29.6,10.7,6.8,0,0,1.2,38.33
73.57,1.67,0.3,0.72,0.63,2.31,14.83,furniture,standard,0.74,24.8,21.9,12.0,0,0,1.0,16.84
93.25,2.25,0.35,0.74,0.48,7.9,2.83,general,high,0.89,34.8,26.6,12.4,0,0,1.0,24.26
207.3,1.06,0.51,0.14,0.44,2.99,3.7,furniture,critical,0.72,31.9,40.9,18.8,1,0,1.0,16.73
74.01,1.79,0.31,0.76,0.49,1.81,4.73,general,high,0.83,33.3,16.6,12.5,0,1,1.0,17.64
141.21,2.11,0.47,0.31,0.24,2.17,2.04,general,standard,0.67,29.2,23.3,27.5,0,1,1.0,25.74
188.35,2.22,0.33,0.79,0.3,5.48,1.83,general,standard,0.8,28.9,17.5,17.0,0,0,1.0,36.16
140.91,1.4,0.34,0.38,0.2,0.21,0.07,perishable,high,0.75,30.4,18.9,18.0,0,1,1.2,17.03
206.63,1.68,0.51,0.18,0.62,9.77,1.86,furniture,high,0.75,33.1,39.1,30.2,1,0,1.0,37.59
251.81,1.59,0.24,0.64,0.49,5.03,1.03,furniture,standard,0.93,28.9,12.7,9.3,0,0,1.0,24.64
177.98,1.76,0.19,0.99,0.53,12.37,1.94,general,high,0.93,29.3,10.4,10.7,0,1,1.0,25.8
57.67,3.06,0.53,0.12,0.61,4.96,1.86,furniture,high,0.79,29.6,37.5,18.6,0,1,1.0,29.74
107.52,2.28,0.07,0.12,0.05,7.33,1.23,hazmat,critical,0.83,34.3,4.7,3.5,1,0,1.4,33.28
102.41,1.77,0.6,0.27,0.18,5.38,7.32,perishable,low,0.71,30.7,46.0,26.2,0,0,1.2,27.4
194.39,1.41,0.25,0.22,0.33,4.71,12.99,perishable,high,0.83,33.7,18.5,9.7,0,2,1.2,21.41
94.03,1.77,0.26,0.76,0.31,8.45,3.09,hazmat,high,0.82,31.0,19.5,14.4,0,1,1.4,25.06
23.4,2.45,0.52,0.64,0.36,1.79,8.76,medicine,low,0.67,31.5,31.3,27.8,0,1,1.2,28.27
252.74,1.52,0.34,0.17,0.22,0.04,6.77,medicine,high,0.79,30.3,25.8,15.4,0,0,1.2,25.11
81.25,1.21,0.6,0.2,0.48,3.01,10.61,medicine,critical,0.77,29.4,33.5,32.9,0,1,1.2,16.43
139.53,2.1,0.68,0.79,0.13,3.89,10.46,furniture,standard,0.76,31.8,40.8,31.3,0,1,1.0,30.91
180.72,2.36,0.41,0.29,0.17,3.81,0.22,general,high,0.94,32.2,28.9,20.0,0,1,1.0,38.02
113.68,1.66,0.59,0.23,0.08,0.07,1.04,medicine,critical,0.84,29.2,32.1,23.7,1,0,1.2,24.53
112.22,1.91,0.24,0.15,0.04,4.29,3.34,general,standard,0.66,29.1,16.0,10.7,0,1,1.0,23.83
327.57,2.55,0.1,0.81,0.32,3.42,4.8,medicine,critical,0.85,30.0,5.7,5.8,0,0,1.2,57.85
103.21,1.68,0.42,0.95,0.45,5.07,7.93,furniture,high,0.69,30.5,32.3,16.6,0,1,1.0,18.22
243.46,1.54,0.75,0.86,0.23,26.44,0.25,perishable,standard,0.66,33.4,45.5,41.4,1,0,1.2,46.26
92.43,1.73,0.24,0.11,0.31,1.28,0.32,general,high,0.84,29.7,15.2,12.3,1,0,1.0,8.17
232.83,1.84,0.23,0.32,0.37,0.15,0.81,furniture,high,0.91,35.4,12.0,10.1,1,0,1.0,26.77
65.51,2.37,0.27,0.83,0.17,19.06,7.58,general,standard,0.62,31.9,18.1,15.0,0,0,1.0,28.37
65.22,1.23,0.45,0.8,0.35,6.19,1.48,general,standard,0.93,33.8,34.3,17.3,1,1,1.0,19.26
217.26,2.28,0.05,0.27,0.07,1.46,0.33,luxury,standard,0.71,31.1,2.6,2.7,0,0,1.0,36.09
122.81,2.28,0.28,0.79,0.28,19.32,6.42,general,high,0.76,28.9,21.5,10.2,1,0,1.0,32.47
291.48,1.86,0.21,0.38,0.39,0.51,0.85,medicine,critical,0.69,33.4,16.0,11.9,0,0,1.2,37.28
149.5,2.07,0.22,0.99,0.52,1.9,0.54,general,critical,0.73,26.2,13.2,9.4,1,0,1.0,22.3
186.87,2.03,0.31,0.92,0.29,2.58,1.71,luxury,standard,0.79,32.6,20.4,17.3,0,1,1.0,30.61
95.45,1.18,0.46,0.89,0.4,2.92,5.14,perishable,high,0.75,32.5,27.9,19.9,1,0,1.2,19.13
59.29,2.59,0.1,0.52,0.13,2.59,0.75,general,standard,0.91,32.5,6.6,3.6,1,0,1.0,13.54
108.81,1.17,0.47,0.58,0.18,2.35,2.73,general,standard,0.75,27.3,27.4,21.0,0,0,1.0,6.11
26.73,2.72,0.06,0.71,0.21,1.76,1.75,furniture,high,0.66,32.3,4.0,3.4,1,1,1.0,18.48
187.16,1.66,0.57,0.25,0.31,5.29,0.03,perishable,low,0.67,32.1,44.3,32.5,0,1,1.2,40.61
94.19,2.02,0.4,0.6,0.36,11.47,1.65,medicine,high,0.75,28.0,27.5,23.4,0,0,1.2,24.61
145.01,1.62,0.34,0.79,0.52,7.0,2.66,medicine,low,0.89,27.8,16.9,18.4,1,1,1.2,28.37
174.22,1.49,0.06,0.15,0.28,1.14,0.92,hazmat,low,0.83,26.6,3.6,2.7,1,1,1.4,18.53
87.27,2.03,0.66,0.3,0.17,0.14,1.03,furniture,high,0.7,34.7,45.9,25.0,1,0,1.0,31.14
159.05,2.19,0.06,0.85,0.07,3.39,0.44,furniture,high,0.65,28.0,3.6,2.4,0,1,1.0,29.42
130.16,1.51,0.15,0.47,0.11,7.4,1.36,perishable,standard,0.85,34.9,9.6,5.9,0,0,1.2,14.8
106.39,1.23,0.56,0.24,0.13,11.31,3.94,perishable,standard,0.89,27.8,28.6,27.4,0,0,1.2,16.81
147.21,1.84,0.49,0.36,0.19,2.18,5.18,luxury,critical,0.82,32.9,33.1,27.7,1,0,1.0,28.48
99.87,1.16,0.77,0.75,0.3,3.15,11.11,general,high,0.7,33.6,40.5,33.0,1,1,1.0,30.89
263.32,1.86,0.51,0.66,0.36,0.23,7.74,hazmat,high,0.6,34.7,28.8,28.3,0,0,1.4,49.98
45.92,2.14,0.45,0.64,0.06,1.05,0.46,general,standard,0.86,35.1,29.9,21.8,1,0,1.0,23.11
134.64,2.14,0.21,0.47,0.66,6.79,5.5,medicine,high,0.7,32.8,15.6,10.6,0,1,1.2,34.64
57.24,1.45,0.33,0.76,0.06,1.84,3.09,furniture,critical,0.74,30.2,19.0,12.0,0,0,1.0,7.67
287.68,1.36,0.35,0.78,0.57,3.68,3.11,general,critical,0.93,29.8,19.7,14.3,0,0,1.0,17.69
250.71,1.13,0.49,0.75,0.07,1.97,1.48,furniture,low,0.79,31.1,28.0,21.5,0,2,1.0,11.93
241.99,1.38,0.31,0.82,0.37,1.16,2.53,medicine,low,0.75,29.8,16.4,13.1,1,2,1.2,18.06
14.78,2.57,0.42,0.35,0.43,9.36,5.05,perishable,critical,0.66,31.3,21.4,17.5,1,1,1.2,20.62
193.08,1.48,0.43,0.92,0.12,4.83,5.75,perishable,high,0.86,32.0,27.0,25.7,0,0,1.2,20.82
121.06,1.4,0.22,0.41,0.29,2.76,2.39,furniture,high,0.9,25.7,12.0,11.4,1,0,1.0,7.13
214.14,1.36,0.1,0.35,0.68,9.76,4.89,furniture,high,0.76,35.8,6.6,3.9,1,0,1.0,16.44
144.44,2.07,0.22,0.69,0.25,0.44,4.94,furniture,critical,0.67,31.0,11.4,9.0,0,1,1.0,23.1
110.79,2.71,0.13,0.97,0.29,1.03,9.73,furniture,high,0.68,31.4,10.1,7.7,1,1,1.0,33.72
185.72,2.39,0.27,0.33,0.43,0.26,2.22,furniture,standard,0.77,28.4,13.4,12.7,0,0,1.0,43.7
211.47,1.25,0.22,0.27,0.43,1.77,1.08,hazmat,high,0.81,34.6,13.7,13.1,0,2,1.4,20.46
142.82,2.81,0.16,0.15,0.16,7.92,1.71,furniture,high,0.8,36.4,12.0,5.6,1,1,1.0,39.59
194.68,1.38,0.27,0.52,0.22,4.5,2.19,perishable,critical,0.78,34.6,18.4,13.5,0,0,1.2,16.9
129.36,1.69,0.14,0.91,0.66,1.78,0.88,perishable,standard,0.66,28.2,9.6,7.1,0,1,1.2,18.73
186.49,2.18,0.35,0.91,0.19,10.23,0.5,furniture,high,0.96,32.6,20.8,20.3,1,2,1.0,40.36
301.91,2.57,0.26,0.79,0.4,2.13,9.78,luxury,standard,0.65,32.8,18.5,11.5,1,0,1.0,65.39
147.25,2.11,0.47,0.33,0.59,1.12,1.38,furniture,standard,0.72,32.3,24.8,18.3,0,0,1.0,23.56
83.64,2.17,0.45,0.54,0.22,8.89,11.09,medicine,standard,0.82,23.9,31.0,20.6,0,1,1.2,23.67
129.2,1.88,0.21,0.2,0.17,8.15,4.9,general,high,0.78,26.4,12.0,10.4,1,0,1.0,16.25
148.83,2.28,0.23,0.62,0.07,3.99,1.44,perishable,standard,0.74,28.8,12.1,8.3,1,1,1.2,29.75
166.71,2.05,0.49,0.97,0.18,1.65,1.49,perishable,standard,0.71,26.8,34.0,21.1,0,0,1.2,39.94
241.84,1.76,0.88,0.78,0.55,2.88,1.37,general,high,0.89,27.4,64.1,49.2,0,2,1.0,42.54
149.89,1.14,0.52,0.5,0.28,1.79,2.36,general,high,0.74,29.3,26.4,29.3,0,0,1.0,6.59
163.28,1.39,0.14,0.69,0.55,0.48,0.22,hazmat,low,0.65,27.3,10.9,8.2,0,0,1.4,26.49
159.46,1.24,0.06,0.62,0.37,0.17,0.47,medicine,high,0.94,34.3,4.7,3.2,0,0,1.2,11.53
108.23,2.09,0.2,0.69,0.29,1.11,0.1,perishable,high,0.74,32.2,11.7,7.9,0,1,1.2,31.97
122.7,1.46,0.03,0.15,0.09,5.57,0.31,general,high,0.85,35.4,1.5,1.5,0,1,1.0,7.87
63.41,1.39,0.2,0.67,0.36,1.17,2.22,perishable,standard,0.9,27.6,11.4,9.6,0,1,1.2,7.15
115.68,2.34,0.28,0.61,0.46,10.25,0.21,perishable,high,0.87,24.7,20.9,11.8,0,0,1.2,34.81
120.16,1.83,0.11,0.99,0.36,5.39,2.12,luxury,high,0.82,32.3,6.4,4.3,0,1,1.0,18.66
12.15,1.14,0.19,0.16,0.38,0.73,7.64,perishable,low,0.83,25.8,10.8,9.7,0,0,1.2,8.99
94.9,1.43,0.07,0.43,0.34,8.02,2.04,luxury,low,0.81,27.6,4.1,3.7,1,0,1.0,7.38
226.58,1.23,0.69,0.86,0.55,4.47,1.07,perishable,standard,0.87,28.8,34.0,40.6,0,1,1.2,20.82
165.16,1.45,0.48,0.47,0.35,8.63,1.68,furniture,critical,0.88,27.0,29.5,18.1,0,0,1.0,14.78
28.9,2.34,0.69,0.99,0.16,2.12,3.19,furniture,critical,0.68,32.4,38.7,36.6,0,0,1.0,18.88
107.93,1.3,0.57,0.17,0.19,8.0,0.21,general,low,0.9,32.6,36.9,34.0,1,1,1.0,33.91
228.04,1.6,0.19,0.12,0.31,4.69,2.42,general,standard,0.9,34.4,10.9,11.3,0,1,1.0,21.61
71.29,2.5,0.4,0.76,0.68,11.49,3.4,general,high,0.94,23.2,23.5,17.3,0,0,1.0,20.31
187.13,1.28,0.31,0.96,0.26,10.11,6.81,perishable,low,0.92,28.2,22.3,12.0,0,0,1.2,21.48
272.53,2.82,0.72,0.15,0.62,6.69,4.28,hazmat,high,0.93,23.6,55.2,37.7,0,1,1.4,114.56
73.43,1.77,0.37,0.73,0.29,0.28,1.9,general,critical,0.76,29.2,26.5,14.5,0,1,1.0,15.43
92.71,1.78,0.46,0.5,0.34,1.54,6.92,perishable,standard,0.74,35.6,30.0,16.6,1,1,1.2,36.97
45.15,2.15,0.47,0.55,0.46,3.09,0.44,medicine,critical,0.81,28.6,23.3,17.8,0,2,1.2,20.47
53.26,1.16,0.11,0.74,0.32,1.42,1.17,general,low,0.69,27.8,7.7,6.2,0,0,1.0,5.52
163.0,1.41,0.36,0.3,0.31,4.73,3.27,general,standard,0.84,31.2,28.9,14.4,0,1,1.0,21.79
152.91,1.26,0.4,0.57,0.57,0.15,9.53,medicine,high,0.82,27.2,23.2,20.0,0,2,1.2,22.45
196.89,1.81,0.46,0.71,0.24,6.08,2.24,furniture,critical,0.76,28.8,33.4,26.3,0,0,1.0,17.77
65.33,1.7,0.29,0.26,0.04,0.01,7.85,perishable,high,0.93,30.7,15.1,16.4,1,0,1.2,13.02
97.53,1.87,0.64,0.45,0.13,16.83,1.2,medicine,high,0.71,28.8,44.6,33.6,0,0,1.2,30.45
296.61,1.6,0.32,0.53,0.42,3.03,2.13,perishable,high,0.92,28.5,24.0,17.3,0,0,1.2,28.46
233.46,1.72,0.29,0.16,0.42,3.74,2.36,luxury,critical,0.94,31.1,18.4,10.9,0,0,1.0,23.4
232.88,2.45,0.84,0.99,0.32,0.11,3.5,medicine,critical,0.75,32.5,55.2,33.8,1,0,1.2,56.7
157.86,1.55,0.12,0.1,0.11,9.44,6.42,furniture,critical,0.81,29.9,9.5,4.9,0,1,1.0,13.44
93.21,2.3,0.37,0.2,0.43,8.17,10.51,luxury,high,0.95,29.7,21.4,22.1,0,0,1.0,19.86
101.71,1.41,0.01,0.7,0.38,1.13,2.21,medicine,low,0.91,32.7,0.8,0.5,1,1,1.2,16.72
328.45,1.73,0.17,0.14,0.43,0.4,2.39,medicine,high,0.73,34.5,12.3,6.7,0,0,1.2,36.46
109.94,1.78,0.53,0.95,0.27,1.89,0.45,luxury,high,0.74,30.8,31.3,23.2,1,0,1.0,34.18
65.93,1.73,0.57,0.97,0.07,0.3,4.92,perishable,standard,0.64,32.1,28.3,25.1,1,0,1.2,28.69
203.05,1.64,0.21,0.53,0.18,0.39,2.17,general,critical,0.99,33.6,10.7,9.1,0,0,1.0,17.94
46.53,2.68,0.04,0.63,0.17,0.45,4.29,medicine,high,0.9,32.5,2.7,2.1,1,1,1.2,15.8
238.39,1.96,0.15,0.89,0.38,2.62,3.69,general,low,0.72,31.1,10.3,6.5,0,0,1.0,35.22
181.29,2.03,0.43,0.31,0.27,11.56,0.02,perishable,critical,0.88,27.0,23.5,16.3,0,0,1.2,35.09
161.56,1.69,0.3,0.48,0.2,0.33,0.16,perishable,critical,0.65,30.0,18.0,10.6,1,0,1.2,21.05
15.3,1.93,0.73,0.9,0.48,7.08,8.11,general,high,0.61,32.3,54.4,41.6,1,1,1.0,30.42
24.77,1.85,0.54,0.42,0.39,0.02,0.71,perishable,high,0.97,32.0,42.6,26.1,0,1,1.2,12.09
157.27,1.38,0.82,0.94,0.38,5.88,2.58,furniture,standard,0.9,29.9,54.5,47.1,1,0,1.0,26.8
141.77,3.01,0.15,0.72,0.28,3.36,1.74,perishable,critical,0.65,31.4,11.5,8.0,0,0,1.2,35.45
212.0,1.69,0.02,0.77,0.56,1.07,3.26,hazmat,standard,0.77,28.1,1.1,0.9,1,0,1.4,26.13
206.76,1.16,0.28,0.69,0.29,10.33,1.49,medicine,standard,0.77,29.9,17.8,12.2,1,1,1.2,19.99
278.87,1.07,0.51,0.78,0.38,4.65,2.15,general,high,0.75,30.3,26.4,28.3,0,1,1.0,10.63
109.12,1.29,0.2,0.87,0.06,11.57,0.75,perishable,high,0.79,27.7,10.5,10.1,1,0,1.2,10.8
48.95,2.38,0.36,0.95,0.19,6.29,2.75,hazmat,standard,0.7,32.2,25.5,17.5,0,0,1.4,30.6
109.04,1.64,0.22,0.28,0.44,1.06,8.1,perishable,standard,0.72,29.1,11.2,12.9,0,0,1.2,23.38
61.97,2.16,0.78,0.98,0.41,1.55,12.29,perishable,high,0.74,27.2,55.9,45.7,0,0,1.2,31.14
153.91,2.27,0.16,0.84,0.41,5.77,0.92,hazmat,critical,0.95,32.9,11.4,5.9,1,1,1.4,45.06
93.04,1.56,0.23,0.57,0.11,3.79,0.65,hazmat,standard,0.7,26.2,17.0,12.4,1,0,1.4,19.86
190.68,1.42,0.41,0.47,0.6,5.2,0.79,furniture,standard,0.85,37.5,22.4,14.9,0,1,1.0,21.12
114.73,2.07,0.19,0.48,0.22,5.63,2.17,hazmat,high,0.96,27.3,10.2,9.8,0,0,1.4,30.35
255.84,2.28,0.37,0.64,0.3,2.51,0.38,perishable,standard,0.89,33.4,21.7,13.2,0,0,1.2,47.76
50.85,1.05,0.1,0.73,0.22,15.06,6.85,general,high,0.88,33.7,7.5,4.3,0,0,1.0,7.14
209.23,1.45,0.17,0.72,0.38,5.49,1.22,medicine,standard,0.96,26.0,10.1,6.6,0,1,1.2,26.22
244.87,1.27,0.41,0.31,0.3,5.55,2.25,hazmat,low,0.67,35.7,32.4,17.8,0,0,1.4,30.36
99.55,1.64,0.18,0.6,0.61,0.45,1.04,luxury,standard,0.73,30.5,10.6,9.5,0,1,1.0,17.4
137.21,1.11,0.23,0.58,0.07,2.53,0.84,perishable,high,0.89,34.1,15.9,11.0,1,0,1.2,5.7
128.81,1.5,0.17,0.28,0.14,14.86,0.1,medicine,high,0.81,31.2,11.0,6.4,0,1,1.2,13.62
51.18,1.57,0.16,0.46,0.43,1.79,2.31,hazmat,high,0.55,30.0,11.6,6.5,1,1,1.4,14.94
222.77,1.39,0.24,0.63,0.63,1.3,8.21,general,high,0.82,32.2,18.3,10.0,1,0,1.0,18.74
155.85,1.42,0.29,0.91,0.55,1.5,1.07,medicine,high,0.75,28.1,23.3,13.9,1,0,1.2,13.08
221.18,1.23,0.18,0.41,0.46,0.33,0.76,general,critical,0.89,25.2,9.3,9.2,0,0,1.0,7.49
165.08,1.13,0.37,0.33,0.23,2.65,2.24,furniture,low,0.83,25.1,26.0,14.2,0,0,1.0,6.78
193.97,3.09,0.53,0.18,0.24,6.44,9.39,perishable,standard,0.62,23.6,30.6,28.8,1,1,1.2,116.31
76.24,2.22,0.1,0.65,0.31,3.52,1.75,medicine,standard,0.71,24.8,6.3,5.3,0,0,1.2,22.79
195.74,1.31,0.62,0.77,0.37,7.95,2.0,furniture,standard,0.64,30.9,38.8,36.4,0,0,1.0,13.1
57.66,2.56,0.18,0.28,0.65,0.49,8.77,hazmat,high,0.59,23.7,14.2,6.7,1,0,1.4,30.56
302.29,1.91,0.1,0.66,0.27,5.01,2.42,perishable,critical,0.91,28.4,6.4,5.5,1,1,1.2,44.54
120.45,1.78,0.24,0.97,0.13,4.52,3.85,perishable,critical,0.75,24.8,13.8,8.9,0,1,1.2,22.36
39.04,1.41,0.25,0.72,0.59,4.2,1.14,perishable,critical,0.63,30.1,12.9,11.8,0,0,1.2,9.47
63.53,1.34,0.19,0.64,0.3,2.84,2.76,medicine,standard,0.86,31.8,14.0,10.9,0,1,1.2,11.81
220.12,1.15,0.24,0.16,0.25,15.27,4.01,luxury,high,0.7,25.7,17.8,9.7,0,0,1.0,11.48
214.57,1.79,0.28,0.99,0.35,0.14,2.08,perishable,high,1.0,33.0,17.5,12.0,0,0,1.2,21.46
240.23,1.44,0.65,0.52,0.27,12.76,9.19,medicine,critical,0.78,30.0,41.9,29.3,0,0,1.2,31.21
215.36,1.41,0.38,0.55,0.39,12.67,3.73,medicine,high,0.82,23.5,28.0,14.9,0,1,1.2,29.51
147.84,1.26,0.39,0.82,0.26,29.27,9.46,hazmat,low,0.7,33.8,21.0,18.4,0,1,1.4,34.31
132.58,1.32,0.03,0.52,0.48,9.11,0.96,hazmat,standard,0.77,31.6,1.8,1.4,0,0,1.4,12.65
193.39,1.86,0.39,0.56,0.61,12.71,0.09,perishable,critical,0.76,31.2,22.0,18.6,0,0,1.2,35.15
57.73,1.27,0.02,0.84,0.63,0.63,1.43,medicine,low,0.89,31.8,1.5,1.1,1,0,1.2,3.06
234.69,1.93,0.36,0.29,0.39,9.47,10.01,furniture,low,0.88,34.8,23.8,20.6,1,2,1.0,40.04
210.63,1.67,0.46,0.27,0.29,1.19,6.79,general,standard,0.68,24.8,27.2,26.9,0,0,1.0,20.12
200.06,1.95,0.09,0.37,0.59,3.55,3.64,furniture,low,0.88,25.9,4.9,4.1,0,1,1.0,33.83
108.58,1.61,0.19,0.59,0.43,4.96,4.3,hazmat,high,0.69,30.3,10.6,8.9,1,0,1.4,15.55
132.45,2.58,0.34,0.67,0.2,2.57,9.57,hazmat,standard,0.71,33.5,16.9,15.7,1,0,1.4,52.34
123.04,1.76,0.74,0.82,0.37,2.68,7.29,general,standard,0.65,27.4,45.6,33.5,0,0,1.0,24.79
36.28,1.51,0.17,0.42,0.07,0.76,6.39,perishable,standard,0.72,27.6,8.8,6.8,1,1,1.2,13.92
230.2,2.39,0.64,0.29,0.37,3.46,0.15,perishable,critical,0.76,29.6,35.0,30.0,0,0,1.2,54.16
68.31,1.49,0.06,0.47,0.19,6.22,2.99,general,standard,0.71,31.9,4.8,2.6,1,1,1.0,11.41
88.37,1.57,0.26,0.26,0.48,0.3,2.49,luxury,standard,0.87,28.4,14.5,10.6,0,1,1.0,11.31
240.59,1.98,0.2,0.34,0.35,1.9,16.49,furniture,high,0.85,23.9,12.4,10.0,1,1,1.0,30.26
249.3,2.0,0.36,0.16,0.4,13.48,2.78,hazmat,low,0.88,24.0,25.1,18.3,1,1,1.4,105.38
220.67,1.87,0.18,0.17,0.03,3.34,0.73,luxury,standard,0.82,26.6,10.1,8.7,1,0,1.0,29.38
44.98,1.19,0.05,0.29,0.22,7.97,0.42,perishable,critical,0.92,32.8,3.4,2.2,0,0,1.2,3.85
107.42,1.13,0.49,0.4,0.46,0.31,0.49,general,standard,0.81,27.4,29.3,24.6,0,1,1.0,9.44
190.15,1.34,0.36,0.95,0.29,6.36,7.89,luxury,low,0.75,27.5,26.2,19.7,0,1,1.0,19.93
119.6,2.39,0.58,0.54,0.23,13.08,1.98,furniture,standard,0.7,23.8,32.9,32.8,0,1,1.0,35.38
73.93,2.41,0.6,0.21,0.81,6.19,3.3,medicine,standard,0.82,31.1,42.8,32.6,0,2,1.2,40.46
121.18,2.2,0.11,0.27,0.16,0.63,9.58,general,critical,0.77,36.1,8.1,5.4,0,1,1.0,20.67
215.86,1.4,0.19,0.33,0.27,7.01,14.35,general,standard,0.85,26.9,10.7,7.5,0,0,1.0,12.27
84.45,1.49,0.25,0.91,0.34,2.52,9.02,hazmat,high,0.9,29.1,13.9,10.7,0,0,1.4,17.87
107.53,1.37,0.12,0.43,0.22,3.92,3.27,medicine,standard,0.92,32.4,6.3,4.9,0,0,1.2,11.14
294.43,2.04,0.75,0.94,0.56,7.23,0.68,hazmat,critical,0.76,36.6,52.1,44.4,0,0,1.4,49.88
102.23,1.08,0.22,0.17,0.49,0.36,1.04,furniture,standard,0.91,34.9,10.9,10.0,1,1,1.0,7.68
106.17,1.14,0.32,0.88,0.18,7.59,9.19,medicine,low,0.94,28.3,20.0,11.4,1,0,1.2,14.45
296.23,2.63,0.61,0.51,0.62,2.49,4.57,medicine,standard,0.79,28.2,35.4,30.3,0,0,1.2,89.19
188.16,1.33,0.56,0.9,0.37,10.05,0.54,perishable,critical,0.71,35.3,33.5,23.2,0,0,1.2,21.87
231.07,2.47,0.82,0.77,0.35,0.06,2.64,hazmat,standard,0.78,32.9,58.0,31.5,1,0,1.4,98.26
120.5,2.19,0.62,0.34,0.68,3.16,0.89,luxury,low,0.8,27.5,38.3,24.5,1,0,1.0,38.37
168.02,1.53,0.03,0.45,0.29,9.49,0.38,perishable,high,0.86,26.7,2.0,1.4,0,1,1.2,21.4
270.02,2.26,0.7,0.74,0.23,6.6,4.16,perishable,standard,0.7,33.0,49.2,34.2,0,0,1.2,62.57
216.55,1.14,0.5,0.31,0.33,14.67,4.25,general,standard,0.76,35.1,29.8,19.2,1,0,1.0,17.63
179.27,1.82,0.53,0.71,0.29,14.34,0.51,general,standard,0.65,26.7,32.9,25.9,1,0,1.0,46.54
104.86,2.06,0.47,0.61,0.15,9.86,4.46,general,standard,0.89,29.0,28.1,16.9,0,0,1.0,18.67
134.03,1.85,0.5,0.41,0.17,1.91,3.18,luxury,high,0.77,31.2,26.0,24.5,0,0,1.0,22.87
195.18,2.02,0.19,0.72,0.49,1.2,3.41,perishable,high,0.86,33.3,12.9,7.4,1,0,1.2,30.13
116.24,2.12,0.05,0.93,0.37,1.12,1.61,general,low,0.94,28.3,3.7,2.2,0,0,1.0,17.82
96.22,1.55,0.34,0.92,0.19,2.18,2.38,general,critical,0.73,32.0,22.2,20.1,0,1,1.0,11.88
210.92,1.82,0.27,0.58,0.71,0.04,0.31,perishable,standard,0.86,32.8,16.5,14.4,0,0,1.2,32.77
226.6,1.03,0.54,0.75,0.15,7.54,10.01,furniture,low,0.86,27.3,34.0,31.6,0,0,1.0,10.22
142.68,2.05,0.26,0.45,0.46,3.41,0.14,hazmat,standard,0.7,37.5,13.0,12.3,1,0,1.4,39.22
84.02,2.06,0.34,0.31,0.69,13.89,2.63,general,high,0.87,32.2,24.5,12.6,0,0,1.0,19.62
230.1,1.83,0.31,0.69,0.11,2.35,3.64,luxury,high,0.78,27.5,20.7,15.5,0,0,1.0,27.69
161.05,2.18,0.28,0.35,0.44,5.1,0.87,medicine,critical,0.82,31.5,19.2,10.0,1,1,1.2,25.62
76.7,1.38,0.26,0.35,0.2,6.05,18.5,general,critical,0.78,31.8,14.4,11.7,0,1,1.0,8.25
289.35,2.15,0.24,0.76,0.34,1.27,0.2,medicine,standard,0.67,27.8,15.9,13.0,0,0,1.2,42.81
195.06,1.98,0.18,0.89,0.21,0.07,0.24,medicine,critical,0.93,32.9,9.3,7.4,0,1,1.2,29.62
81.29,2.0,0.46,0.56,0.06,0.04,1.09,furniture,low,0.76,30.5,33.3,23.4,0,0,1.0,26.76
74.99,2.48,0.44,0.14,0.65,2.74,6.09,general,low,0.78,34.7,26.9,20.6,1,1,1.0,43.35
95.73,2.62,0.3,0.74,0.24,4.91,7.53,perishable,standard,0.82,28.2,23.0,10.8,0,0,1.2,36.12
175.81,1.74,0.29,0.78,0.36,0.37,1.31,general,high,0.97,32.0,20.8,12.6,1,0,1.0,19.88
97.38,1.96,0.02,0.94,0.32,4.23,2.86,perishable,low,0.88,30.0,1.3,1.1,1,2,1.2,26.74
186.99,1.54,0.47,0.59,0.12,2.52,1.95,general,standard,0.65,33.7,31.1,16.7,1,1,1.0,31.48
168.78,1.85,0.41,0.62,0.48,1.71,6.81,furniture,standard,0.85,34.7,26.7,22.0,1,1,1.0,32.55
80.06,1.47,0.33,0.74,0.27,3.89,1.22,perishable,standard,0.89,27.9,26.0,19.5,0,1,1.2,12.64
113.5,1.28,0.57,0.56,0.32,0.2,4.18,perishable,standard,0.77,32.4,37.7,28.7,0,0,1.2,21.38
103.17,1.14,0.45,0.29,0.66,4.08,2.88,general,high,0.73,25.7,25.3,19.0,1,0,1.0,16.7
122.04,1.55,0.35,0.83,0.39,1.35,7.92,medicine,standard,0.69,31.3,27.7,20.9,0,0,1.2,24.66
71.43,1.48,0.35,0.67,0.08,1.5,1.47,furniture,standard,0.92,34.9,28.1,19.6,1,0,1.0,21.17
88.93,2.25,0.36,0.35,0.32,10.79,1.27,hazmat,high,0.75,31.2,22.0,13.2,0,0,1.4,28.77
76.59,2.16,0.59,0.97,0.37,3.87,1.45,luxury,standard,0.79,29.3,30.2,34.8,1,1,1.0,31.26
150.82,1.36,0.6,0.85,0.5,4.21,2.03,perishable,standard,0.64,29.0,35.5,35.3,1,1,1.2,36.22
129.03,2.29,0.4,0.41,0.53,3.15,2.15,luxury,high,0.93,29.8,24.7,23.6,0,0,1.0,26.25
238.45,1.51,0.37,0.11,0.39,4.99,1.35,medicine,high,0.68,32.0,18.4,13.8,0,0,1.2,28.69
233.32,2.02,0.16,0.96,0.57,4.39,3.18,furniture,high,0.94,27.9,8.6,6.4,0,0,1.0,32.78
148.57,1.55,0.52,0.19,0.29,14.63,12.84,furniture,standard,0.99,26.8,35.2,29.4,0,0,1.0,14.38
188.74,1.41,0.01,0.4,0.38,13.2,8.54,general,standard,0.71,32.2,0.7,0.5,1,0,1.0,12.91
191.5,2.28,0.69,0.27,0.25,0.87,3.84,hazmat,high,0.75,34.0,39.7,27.1,0,0,1.4,65.94
65.67,1.35,0.33,0.91,0.2,5.03,8.63,perishable,low,0.88,30.4,23.5,12.5,0,0,1.2,17.95
134.54,1.48,0.62,0.4,0.21,0.17,2.21,perishable,low,0.96,23.1,40.4,26.0,0,1,1.2,24.5
147.19,1.51,0.06,0.35,0.66,2.03,4.79,hazmat,high,0.82,30.4,3.4,2.9,0,0,1.4,18.47
193.09,1.57,0.45,0.51,0.41,0.79,4.49,general,standard,0.92,28.1,23.8,27.0,1,0,1.0,21.23
131.27,1.1,0.39,1.0,0.29,7.86,6.0,perishable,standard,0.96,29.0,30.0,15.2,1,2,1.2,36.87
209.59,1.96,0.05,0.57,0.38,1.23,0.24,general,standard,0.81,30.6,3.2,1.9,0,1,1.0,30.83
83.77,1.06,0.43,0.13,0.34,4.36,0.88,luxury,high,0.77,31.7,23.3,16.0,1,0,1.0,2.9
271.77,1.64,0.3,0.67,0.26,0.55,2.63,luxury,standard,0.83,26.0,16.9,10.7,0,1,1.0,21.27
180.57,1.99,0.11,0.59,0.07,0.56,2.31,general,high,0.93,25.6,5.9,5.4,0,0,1.0,21.57
215.56,2.82,0.4,0.17,0.25,0.06,0.56,furniture,critical,0.69,23.1,30.8,22.1,0,1,1.0,54.38
47.24,2.06,0.13,0.86,0.81,0.38,0.31,furniture,critical,0.93,27.6,7.3,6.8,0,0,1.0,8.3
179.14,2.19,0.23,0.18,0.35,25.95,2.24,perishable,critical,0.62,25.4,17.8,8.7,0,0,1.2,37.61
257.55,2.04,0.45,0.16,0.43,7.28,0.59,general,standard,0.97,26.9,34.0,18.2,0,0,1.0,33.52
89.76,2.23,0.21,0.77,0.23,0.94,5.51,medicine,standard,0.9,27.3,13.7,8.5,0,0,1.2,16.15
171.16,1.48,0.23,0.53,0.47,15.05,1.11,medicine,high,0.87,25.1,16.9,10.6,0,1,1.2,29.15
142.96,1.19,0.31,0.15,0.41,6.97,4.49,luxury,high,0.59,26.9,18.8,12.3,1,0,1.0,6.14
130.53,1.43,0.22,0.59,0.23,0.15,8.96,medicine,standard,0.91,25.0,14.7,8.8,1,1,1.2,22.43
140.06,1.9,0.06,0.45,0.41,4.32,1.65,perishable,standard,0.83,24.2,3.3,2.6,1,0,1.2,28.22
56.57,1.26,0.01,0.76,0.45,0.05,1.87,hazmat,standard,0.81,34.1,0.7,0.6,0,0,1.4,6.93
179.9,2.15,0.21,0.14,0.52,8.02,8.82,hazmat,standard,0.94,24.0,13.9,10.6,1,1,1.4,43.64
85.48,2.62,0.24,0.42,0.6,1.57,6.08,general,critical,0.67,35.9,13.0,8.5,1,0,1.0,24.26
192.33,1.68,0.45,0.54,0.22,5.41,7.88,hazmat,low,0.91,30.4,25.2,17.5,0,0,1.4,40.38
214.25,1.33,0.23,0.6,0.17,0.14,2.84,general,critical,0.89,32.4,16.5,13.0,1,0,1.0,12.26
107.81,1.7,0.19,0.74,0.35,1.9,1.84,perishable,high,0.79,26.6,13.4,10.4,0,0,1.2,17.8
177.54,1.35,0.35,0.43,0.19,0.82,4.54,medicine,critical,0.83,27.8,22.4,15.0,1,2,1.2,17.28
292.67,1.59,0.15,0.3,0.63,1.92,1.14,perishable,critical,0.89,32.7,9.5,6.4,1,0,1.2,17.74
156.66,2.27,0.31,0.48,0.55,8.43,3.4,perishable,low,0.58,33.2,15.3,12.9,0,0,1.2,52.41
130.74,2.25,0.37,0.35,0.53,12.37,4.36,furniture,standard,0.9,31.0,20.2,15.1,1,0,1.0,33.33
101.58,1.45,0.62,0.74,0.43,14.06,2.64,perishable,standard,0.66,35.9,41.6,35.4,0,2,1.2,33.65
150.55,1.47,0.46,0.14,0.41,7.92,3.88,furniture,high,0.83,32.6,30.2,24.4,1,1,1.0,25.76
54.0,1.63,0.84,0.95,0.44,2.95,8.18,perishable,standard,0.89,25.8,48.9,46.6,0,0,1.2,17.91
159.69,2.16,0.43,0.9,0.43,2.18,1.12,furniture,low,0.8,33.1,33.8,21.1,0,0,1.0,30.48
130.71,1.32,0.59,0.39,0.21,4.46,0.13,luxury,high,0.73,30.8,33.8,32.1,0,0,1.0,14.16
82.41,1.43,0.1,0.19,0.06,0.29,8.52,hazmat,standard,0.8,26.6,6.3,4.7,0,0,1.4,13.68
60.36,1.87,0.22,0.69,0.12,11.37,3.79,medicine,high,0.68,27.6,15.2,9.0,1,0,1.2,15.83
93.23,1.27,0.44,0.95,0.24,3.51,3.55,medicine,standard,0.66,29.2,32.5,21.5,0,0,1.2,10.43
68.58,1.29,0.34,0.94,0.6,18.17,3.56,hazmat,low,0.82,27.3,24.5,15.0,0,0,1.4,21.88
194.25,1.47,0.19,0.18,0.63,0.93,4.75,hazmat,standard,0.78,30.2,14.7,8.2,0,0,1.4,22.22
33.23,2.34,0.16,0.48,0.34,4.23,3.2,perishable,standard,0.86,32.2,11.8,5.7,1,1,1.2,15.2
46.54,2.29,0.52,0.63,0.04,15.95,6.3,luxury,standard,0.84,25.5,35.0,25.1,0,1,1.0,21.64
218.95,1.78,0.34,0.85,0.33,1.76,2.2,medicine,low,0.74,30.1,26.3,19.0,0,0,1.2,41.82
90.96,1.84,0.28,0.52,0.3,5.42,3.56,furniture,high,0.84,26.5,15.1,15.2,1,1,1.0,23.24
217.62,1.69,0.33,0.53,0.46,3.53,4.55,general,standard,0.91,27.0,16.5,16.2,0,0,1.0,19.26
51.48,2.21,0.17,0.62,0.41,13.76,5.72,perishable,high,0.82,26.1,12.9,9.7,1,0,1.2,15.46
245.83,2.27,0.75,0.96,0.3,5.15,2.38,furniture,standard,0.61,28.0,40.9,43.6,0,0,1.0,62.93
146.66,1.06,0.51,0.34,0.23,7.11,0.68,general,standard,0.6,25.9,34.6,20.6,0,0,1.0,5.07
182.51,1.48,0.43,0.68,0.54,2.75,1.83,perishable,standard,0.97,26.7,34.3,25.3,1,1,1.2,47.17
116.23,1.7,0.28,0.97,0.15,2.41,3.04,furniture,high,0.88,24.1,14.8,12.4,0,0,1.0,16.11
69.34,2.51,0.05,0.51,0.38,0.95,11.32,furniture,standard,0.72,24.8,3.0,2.2,1,0,1.0,19.52
129.01,2.12,0.31,0.39,0.14,1.56,6.26,medicine,standard,0.6,31.5,16.2,14.2,1,0,1.2,33.7
200.93,2.09,0.39,0.36,0.44,2.19,10.91,perishable,critical,0.9,30.9,24.9,23.1,1,0,1.2,33.91
86.68,1.64,0.39,0.69,0.63,1.64,8.47,perishable,low,0.75,27.0,25.2,18.4,0,0,1.2,23.53
36.41,1.72,0.32,0.52,0.09,4.39,2.02,perishable,high,0.73,27.8,21.0,19.1,1,0,1.2,11.43
128.22,2.0,0.23,0.86,0.3,1.41,1.91,general,standard,0.64,34.7,16.6,13.4,1,0,1.0,27.02
88.6,1.84,0.62,0.33,0.66,0.79,4.29,general,low,0.76,28.9,40.8,25.2,1,0,1.0,37.63
179.45,2.47,0.08,1.0,0.52,8.17,1.76,medicine,high,0.82,27.3,4.9,4.6,0,2,1.2,40.74
170.77,1.07,0.12,0.9,0.54,2.9,4.51,furniture,low,0.68,30.5,8.2,6.1,0,1,1.0,8.74
61.25,1.43,0.42,0.43,0.35,4.35,2.22,general,standard,0.87,27.7,23.9,21.0,0,0,1.0,9.43
211.58,1.69,0.27,0.87,0.46,4.48,0.82,hazmat,standard,0.8,25.5,13.9,11.0,1,0,1.4,36.16
183.22,1.83,0.14,1.0,0.4,10.32,5.56,furniture,standard,0.73,36.4,7.8,8.2,1,0,1.0,32.15
194.77,2.06,0.48,1.0,0.55,4.28,0.53,general,high,0.84,36.3,29.3,22.1,0,1,1.0,33.18
182.77,1.99,0.08,0.38,0.3,1.58,0.67,general,high,0.65,32.1,4.9,4.1,0,0,1.0,20.32
183.0,2.36,0.16,0.57,0.19,25.79,1.08,hazmat,high,0.88,26.0,12.0,8.1,0,0,1.4,58.91
232.57,2.06,0.19,0.56,0.37,0.63,2.94,furniture,standard,0.8,35.4,11.7,9.3,0,0,1.0,33.99
256.23,1.46,0.24,0.73,0.25,10.04,4.11,luxury,high,0.89,32.4,18.0,11.8,1,0,1.0,15.1
164.31,2.23,0.31,0.17,0.18,6.14,0.55,medicine,standard,0.67,33.4,23.7,17.1,0,0,1.2,35.78
177.02,2.22,0.48,0.84,0.21,0.65,1.66,medicine,standard,0.83,28.0,27.8,25.6,0,2,1.2,44.62
120.21,1.78,0.5,0.28,0.38,2.08,4.02,perishable,standard,0.75,27.3,39.0,20.4,1,0,1.2,27.77
57.5,1.01,0.51,0.52,0.34,16.98,2.02,general,standard,0.89,23.6,28.1,24.9,1,1,1.0,16.58
181.21,1.99,0.29,0.64,0.59,6.27,0.59,perishable,low,0.78,33.4,21.8,13.0,1,0,1.2,41.43
174.23,1.32,0.06,0.53,0.29,8.62,3.13,hazmat,low,0.81,33.2,3.9,2.9,0,0,1.4,11.61
161.35,1.48,0.54,0.16,0.89,1.3,4.21,medicine,low,0.97,32.9,32.4,31.2,0,1,1.2,32.52
231.73,1.2,0.17,0.43,0.34,0.62,0.19,perishable,critical,0.67,31.8,10.4,9.0,1,1,1.2,7.41
39.24,1.38,0.58,0.5,0.3,16.5,2.78,perishable,standard,0.81,31.8,29.8,33.7,0,0,1.2,15.57
203.44,1.57,0.45,0.54,0.53,3.7,2.34,hazmat,standard,0.76,33.1,26.4,19.9,0,0,1.4,31.1
64.94,1.55,0.22,0.98,0.39,0.68,0.03,luxury,low,0.61,27.9,13.4,8.7,0,0,1.0,7.67
183.62,1.35,0.18,0.48,0.09,4.41,2.4,hazmat,standard,0.8,30.0,9.4,8.8,0,0,1.4,22.05
37.06,1.32,0.29,0.65,0.34,7.13,3.32,luxury,low,0.88,34.3,21.9,11.5,1,1,1.0,12.0
173.11,1.43,0.19,0.2,0.19,1.14,1.05,furniture,high,0.65,33.4,12.8,8.5,0,0,1.0,13.73
308.33,1.97,0.23,0.3,0.56,0.46,0.13,perishable,standard,0.67,30.5,17.2,13.0,0,4,1.2,39.52
110.09,1.43,0.09,0.16,0.15,8.29,0.53,medicine,low,0.67,24.7,5.5,4.3,0,0,1.2,17.6
120.09,1.5,0.32,0.53,0.44,5.05,13.55,luxury,standard,0.89,29.7,17.7,18.9,0,0,1.0,10.35
200.35,1.85,0.05,0.55,0.19,0.26,2.07,general,standard,0.84,31.1,3.5,2.1,1,0,1.0,23.34
172.42,1.49,0.28,0.93,0.68,1.19,1.1,medicine,low,0.81,29.5,20.5,14.1,0,0,1.2,21.94
85.03,1.59,0.39,0.72,0.39,4.29,3.12,medicine,high,0.62,30.9,26.5,17.6,0,2,1.2,22.55
156.37,1.76,0.51,0.3,0.44,17.04,6.47,hazmat,high,0.93,28.5,30.8,21.6,0,0,1.4,33.17
143.05,1.51,0.07,0.16,0.6,1.1,2.31,general,standard,0.7,33.7,5.5,3.8,1,0,1.0,12.04
194.89,1.89,0.41,0.2,0.3,1.13,7.93,perishable,standard,0.69,30.4,31.3,20.7,1,0,1.2,42.51
218.99,1.36,0.2,0.16,0.28,3.74,9.41,hazmat,high,0.67,32.3,15.7,8.0,1,0,1.4,24.85
189.7,1.36,0.18,0.97,0.41,11.55,4.03,general,high,0.91,32.0,12.1,8.0,0,0,1.0,6.98
213.28,1.18,0.53,0.74,0.33,26.94,3.25,general,high,0.67,28.6,39.7,28.4,0,1,1.0,15.13
112.37,1.44,0.54,0.17,0.22,0.14,0.08,luxury,high,0.81,34.1,38.9,25.2,1,0,1.0,21.16
262.48,1.33,0.1,0.24,0.4,5.39,3.6,general,standard,0.76,27.5,7.8,5.2,0,1,1.0,15.39
147.55,2.1,0.77,0.74,0.3,0.75,2.96,perishable,standard,0.8,28.9,41.0,45.8,1,0,1.2,53.65
176.93,1.53,0.25,0.3,0.3,1.73,0.9,general,high,0.85,31.7,14.9,10.7,0,0,1.0,14.48
226.93,1.71,0.33,0.59,0.02,0.06,0.8,perishable,low,0.89,27.4,17.1,13.3,0,0,1.2,36.53
121.66,1.56,0.5,0.24,0.67,2.64,12.72,general,high,0.64,29.6,26.3,25.0,1,3,1.0,42.27
166.64,2.12,0.48,0.9,0.16,4.51,6.41,hazmat,high,0.99,33.7,25.6,26.0,0,0,1.4,46.83
181.11,2.49,0.87,0.6,0.26,0.04,0.99,medicine,standard,0.75,32.6,64.0,45.8,1,0,1.2,74.84
269.96,1.82,0.5,0.37,0.38,2.96,4.59,perishable,standard,0.8,25.3,32.9,23.8,0,0,1.2,47.26
86.02,1.25,0.26,0.92,0.64,1.91,2.77,perishable,low,0.8,29.1,19.0,12.9,0,0,1.2,16.86
47.7,2.43,0.43,0.57,0.25,0.03,7.48,medicine,standard,0.94,34.9,24.3,20.5,1,1,1.2,23.53
147.63,2.41,0.29,0.59,0.25,3.36,0.81,general,low,0.67,31.1,18.9,15.2,1,0,1.0,31.76
157.95,1.78,0.16,0.46,0.21,8.16,0.4,perishable,critical,0.61,29.4,10.3,7.0,0,1,1.2,20.77
23.01,2.01,0.25,0.21,0.43,13.37,3.94,perishable,high,0.85,25.1,14.5,10.2,1,2,1.2,21.17
185.92,2.26,0.47,0.3,0.33,6.71,0.15,luxury,critical,0.83,25.7,33.6,26.9,1,1,1.0,47.67
24.68,1.37,0.25,0.53,0.26,7.31,8.82,general,critical,0.9,29.1,12.5,12.1,0,1,1.0,9.66
133.54,1.31,0.39,0.74,0.12,6.9,11.55,general,low,0.68,26.9,26.5,18.6,0,0,1.0,12.27
193.41,1.79,0.28,0.28,0.15,1.39,2.55,perishable,standard,0.64,29.1,15.7,12.4,1,0,1.2,26.1
74.01,1.26,0.61,0.24,0.13,2.22,3.54,perishable,critical,0.81,28.1,44.9,31.4,0,1,1.2,14.72
185.39,1.27,0.4,0.57,0.18,2.91,3.69,medicine,standard,0.77,31.3,29.3,14.5,0,1,1.2,20.74
137.24,2.1,0.5,0.22,0.55,1.26,1.76,furniture,low,0.75,30.3,30.6,21.9,0,0,1.0,34.4
149.52,1.36,0.18,0.49,0.05,2.15,0.43,perishable,standard,0.7,32.8,9.6,8.6,1,0,1.2,10.99
178.68,1.91,0.19,0.6,0.1,5.43,1.84,general,standard,0.73,28.0,14.5,9.9,0,0,1.0,27.5
149.94,1.75,0.83,0.54,0.25,1.01,2.35,furniture,high,0.82,31.7,45.8,41.6,0,0,1.0,21.38
213.34,1.19,0.29,0.91,0.6,0.11,24.53,general,standard,0.88,32.8,15.9,12.9,1,0,1.0,18.86
176.56,1.29,0.43,0.16,0.2,3.77,5.9,general,standard,0.92,34.8,31.6,18.9,0,0,1.0,12.29
200.9,1.57,0.3,0.91,0.27,5.45,15.32,hazmat,critical,0.63,34.9,21.6,14.0,1,1,1.4,32.74
30.94,2.47,0.07,0.66,0.38,2.84,3.91,perishable,standard,0.8,36.1,5.2,2.6,0,1,1.2,16.36
225.02,1.62,0.46,0.24,0.42,1.88,2.02,hazmat,low,0.65,26.9,35.6,19.6,0,0,1.4,48.6
128.82,2.0,0.43,0.19,0.27,9.21,2.19,hazmat,high,0.95,27.5,33.5,18.5,1,0,1.4,45.85
89.78,1.8,0.13,0.85,0.38,6.15,4.54,medicine,critical,0.71,26.3,9.6,7.6,0,1,1.2,19.05
65.88,1.43,0.44,0.12,0.3,4.09,6.3,general,low,0.77,34.0,28.1,21.6,0,0,1.0,14.8
95.28,2.69,0.55,0.62,0.16,2.77,3.0,general,high,0.9,26.7,31.6,26.2,0,0,1.0,28.63
149.71,1.75,0.37,0.89,0.22,6.13,0.03,medicine,high,0.96,29.1,25.0,19.9,1,1,1.2,23.55
96.49,1.63,0.52,0.94,0.22,11.58,1.58,perishable,high,0.77,28.7,30.3,22.4,1,0,1.2,29.98
212.41,2.93,0.22,0.66,0.58,3.31,5.15,perishable,high,0.87,33.1,14.9,12.4,0,0,1.2,51.34
89.02,1.03,0.33,0.97,0.05,4.3,0.39,luxury,standard,0.78,31.4,24.3,11.9,1,0,1.0,5.28
165.22,2.01,0.63,0.69,0.55,5.32,0.47,general,critical,0.69,29.9,41.3,32.3,0,0,1.0,34.99
181.99,1.77,0.18,0.94,0.61,3.09,10.63,perishable,high,0.61,33.5,13.8,9.6,1,0,1.2,28.95
167.33,2.05,0.83,0.87,0.22,3.43,0.04,general,standard,0.78,31.2,65.0,43.7,1,0,1.0,37.47
129.73,2.57,0.06,0.14,0.05,0.21,6.33,perishable,low,0.94,30.0,4.3,2.6,1,1,1.2,51.12
108.15,2.22,0.45,0.46,0.4,12.81,1.68,general,high,0.89,27.8,28.4,18.0,0,1,1.0,22.75
177.1,2.29,0.89,0.46,0.58,14.82,7.2,furniture,low,0.89,33.0,67.3,45.6,0,0,1.0,53.12
107.72,1.59,0.54,0.39,0.28,13.53,1.5,general,high,0.88,30.5,33.8,22.5,0,1,1.0,10.94
103.94,1.86,0.04,1.0,0.28,0.33,4.1,furniture,standard,0.64,29.7,2.6,1.7,1,1,1.0,21.69
109.56,1.78,0.2,0.23,0.33,0.01,4.93,hazmat,high,0.82,27.8,14.7,9.4,0,0,1.4,15.75
216.62,1.09,0.24,0.32,0.75,0.31,0.37,perishable,standard,0.81,28.0,17.0,14.4,0,0,1.2,7.77
182.35,1.35,0.2,0.19,0.37,4.22,6.89,furniture,standard,0.75,29.8,13.1,10.4,0,0,1.0,17.47
39.62,1.3,0.57,0.61,0.45,2.76,15.03,hazmat,low,0.75,29.9,31.5,22.3,0,0,1.4,25.29
176.99,1.36,0.4,0.85,0.65,23.57,0.26,perishable,standard,0.7,27.0,25.2,20.5,1,1,1.2,34.34
47.44,2.3,0.18,0.3,0.1,7.65,1.2,perishable,standard,0.86,25.7,9.1,9.3,0,4,1.2,31.11
135.25,1.78,0.07,0.61,0.77,5.57,2.19,general,high,0.86,29.6,4.5,3.6,1,0,1.0,14.92
209.19,2.64,0.2,0.28,0.49,0.68,0.11,medicine,standard,0.63,28.9,13.1,8.9,0,0,1.2,59.98
128.9,1.4,0.5,0.16,0.37,2.41,3.21,furniture,standard,0.84,33.4,36.8,28.2,0,1,1.0,18.54
24.31,1.71,0.61,0.21,0.1,10.4,1.36,perishable,standard,0.79,31.7,48.2,23.2,0,0,1.2,15.72
225.5,1.66,0.09,0.48,0.11,6.53,4.87,furniture,critical,0.93,33.3,5.7,4.5,1,1,1.0,18.96
221.47,1.41,0.49,0.29,0.37,0.14,3.75,general,standard,0.81,31.4,25.0,21.9,1,0,1.0,19.19
140.28,1.13,0.69,0.18,0.54,1.93,3.96,general,standard,0.87,29.1,34.7,33.1,1,0,1.0,13.35
139.96,2.67,0.03,0.47,0.26,5.02,5.03,perishable,standard,0.84,33.7,1.9,1.4,0,1,1.2,45.29
204.58,1.27,0.21,0.7,0.57,3.71,4.92,medicine,critical,0.87,30.4,16.8,11.3,0,0,1.2,13.23
58.49,1.52,0.36,0.62,0.42,21.37,0.96,general,standard,0.93,36.5,22.3,17.8,0,2,1.0,13.4
88.55,1.17,0.29,0.56,0.15,3.89,0.35,perishable,standard,0.83,34.5,23.1,10.8,0,1,1.2,9.67
102.84,1.76,0.26,0.52,0.39,5.67,1.06,medicine,critical,0.78,34.2,14.3,11.2,0,0,1.2,16.35
317.43,2.03,0.44,0.55,0.49,7.61,8.54,medicine,standard,0.89,28.6,26.5,20.3,0,0,1.2,74.04
156.35,1.28,0.39,0.89,0.17,1.88,0.11,medicine,critical,0.8,25.9,21.7,14.0,1,2,1.2,20.85
230.79,1.68,0.22,0.13,0.54,10.6,8.84,general,standard,0.78,29.8,14.4,8.6,1,0,1.0,24.97
199.46,1.41,0.04,0.52,0.37,0.08,1.06,perishable,standard,0.88,35.3,2.2,2.2,0,1,1.2,11.87
160.75,1.88,0.52,0.89,0.27,16.47,4.71,perishable,critical,0.85,27.9,31.9,30.0,0,1,1.2,28.55
41.46,1.78,0.41,0.57,0.28,3.96,0.68,general,low,0.88,28.1,24.2,15.7,0,1,1.0,12.82
49.27,2.51,0.23,0.3,0.44,0.17,0.75,luxury,standard,0.75,33.7,17.6,9.2,0,1,1.0,23.85
196.25,1.99,0.38,0.31,0.66,4.63,9.76,hazmat,low,0.71,29.2,23.1,13.4,0,0,1.4,50.3
191.52,1.38,0.08,0.67,0.17,1.14,7.27,perishable,critical,0.52,30.9,4.7,3.9,1,0,1.2,11.33
136.64,1.68,0.03,0.81,0.33,10.15,0.4,hazmat,low,0.91,28.9,2.0,1.7,0,0,1.4,19.54
136.22,1.41,0.46,0.87,0.21,2.8,14.04,furniture,low,0.79,32.5,35.0,25.4,0,1,1.0,17.36
37.52,1.15,0.32,0.56,0.64,4.18,1.4,furniture,standard,0.63,23.9,24.5,18.8,0,0,1.0,8.42
69.08,1.38,0.37,0.84,0.09,14.75,0.55,general,high,0.74,24.4,23.2,17.5,0,0,1.0,11.88
181.28,1.95,0.36,0.33,0.22,0.75,0.62,general,high,0.71,33.9,26.1,15.3,1,1,1.0,29.72
116.06,2.2,0.16,0.61,0.03,0.88,9.46,general,standard,0.7,24.7,9.4,6.1,0,0,1.0,22.34
191.19,1.51,0.1,0.81,0.36,0.62,0.85,medicine,high,0.86,25.7,5.0,4.5,1,2,1.2,26.24
156.82,2.24,0.58,0.92,0.23,0.71,0.9,perishable,standard,0.77,24.2,37.4,23.8,0,1,1.2,47.69
136.57,1.69,0.27,0.81,0.04,4.16,1.69,luxury,critical,0.68,26.0,16.4,12.1,0,1,1.0,13.41
62.05,1.17,0.56,0.88,0.28,0.61,2.99,perishable,critical,0.85,29.6,41.6,23.2,0,0,1.2,12.94
116.88,1.32,0.27,0.9,0.58,2.09,7.88,perishable,standard,0.73,28.7,21.3,14.0,1,0,1.2,7.69
126.65,2.28,0.22,0.34,0.4,0.65,0.89,general,high,0.88,29.5,15.8,9.6,0,0,1.0,17.58
154.92,1.51,0.8,0.39,0.26,3.19,5.48,luxury,high,0.67,31.1,45.1,35.0,0,1,1.0,21.66
98.23,2.72,0.02,0.82,0.58,0.17,4.59,luxury,standard,0.86,28.0,1.4,0.7,0,3,1.0,35.33
191.22,1.95,0.48,0.94,0.45,2.22,2.27,general,standard,0.78,24.8,28.5,21.6,1,0,1.0,46.21
258.38,2.73,0.29,0.83,0.47,11.19,5.94,general,low,0.63,33.8,18.0,16.9,0,1,1.0,75.5
88.7,1.06,0.27,0.3,0.13,2.82,1.87,medicine,high,0.95,35.4,19.4,10.8,1,1,1.2,2.67
279.8,1.59,0.59,0.99,0.33,9.1,5.5,furniture,standard,0.94,35.7,32.9,32.6,1,0,1.0,39.51
184.29,1.35,0.82,0.67,0.14,1.02,0.31,furniture,high,0.96,31.7,51.1,48.1,1,0,1.0,22.99
90.76,2.08,0.14,0.53,0.57,2.75,2.65,general,standard,0.65,28.7,7.7,7.1,1,0,1.0,17.9
71.94,1.54,0.2,0.97,0.02,4.92,5.0,furniture,low,0.73,28.2,12.7,7.9,0,0,1.0,12.8
243.51,1.59,0.17,0.91,0.27,0.06,1.71,medicine,critical,0.95,31.9,13.0,8.2,1,0,1.2,19.52
46.57,1.58,0.24,0.63,0.14,12.15,2.86,general,standard,0.68,28.7,16.5,10.2,0,1,1.0,13.23
136.04,1.46,0.13,0.43,0.22,30.0,9.37,furniture,high,0.57,33.9,7.9,6.7,0,0,1.0,22.47
131.54,1.75,0.36,0.52,0.28,1.11,0.62,furniture,high,0.85,31.2,20.4,13.9,0,0,1.0,15.99
132.39,1.68,0.05,0.6,0.33,0.93,4.78,general,standard,0.8,30.0,3.7,2.7,0,2,1.0,24.2
202.1,1.26,0.44,0.65,0.12,5.42,0.08,perishable,high,0.95,34.4,30.1,21.2,1,0,1.2,29.63
89.43,2.81,0.12,0.73,0.44,0.94,3.82,perishable,high,0.69,32.2,7.9,6.0,0,0,1.2,23.46
116.49,1.21,0.6,0.63,0.44,5.11,8.43,furniture,standard,0.89,26.1,38.8,23.5,0,2,1.0,16.54
163.84,1.95,0.15,0.88,0.6,5.92,3.45,general,high,0.64,34.2,9.6,5.7,1,0,1.0,21.47
159.81,2.02,0.31,0.19,0.18,3.86,2.6,medicine,standard,0.82,23.8,24.8,15.1,0,0,1.2,28.41
234.15,1.6,0.69,0.95,0.39,1.33,0.87,general,standard,0.95,30.0,50.9,38.0,1,3,1.0,46.1
69.45,2.37,0.73,0.27,0.59,11.24,1.25,medicine,low,0.92,36.2,40.7,34.3,0,0,1.2,31.98
182.97,1.52,0.08,0.35,0.08,1.73,13.3,furniture,critical,0.8,29.7,5.1,2.9,1,0,1.0,14.75
136.49,1.61,0.15,0.86,0.11,3.85,1.01,luxury,standard,0.79,35.4,11.1,5.8,0,2,1.0,22.61
164.5,1.55,0.11,0.47,0.12,1.43,0.74,luxury,standard,0.81,30.1,7.4,4.6,0,0,1.0,14.65
116.61,2.49,0.12,0.64,0.37,9.66,2.57,general,low,0.73,27.9,9.2,6.9,1,0,1.0,39.53
203.64,1.14,0.69,0.63,0.17,3.89,1.5,perishable,high,0.71,31.2,53.4,36.2,0,2,1.2,22.13
111.71,2.0,0.82,0.22,0.73,10.22,2.81,hazmat,high,0.76,24.9,47.3,37.8,0,0,1.4,35.13
192.1,2.71,0.37,0.46,0.32,2.99,2.75,general,low,0.71,31.2,24.4,18.7,0,0,1.0,62.63
177.61,2.37,0.78,0.92,0.35,1.23,8.47,furniture,standard,0.71,27.7,53.5,37.0,0,0,1.0,46.73
112.28,2.53,0.61,0.15,0.3,4.44,8.34,perishable,standard,0.79,32.5,47.9,26.7,0,1,1.2,60.7
274.86,1.13,0.06,0.73,0.43,1.7,0.84,perishable,high,0.94,25.8,4.2,2.4,0,0,1.2,7.83
174.39,2.25,0.49,0.55,0.43,7.19,1.43,general,critical,0.74,29.1,27.5,17.6,0,1,1.0,37.65
84.27,1.61,0.31,0.12,0.25,1.36,1.48,furniture,standard,0.88,26.4,24.4,15.6,0,1,1.0,11.31
152.9,1.58,0.56,0.53,0.25,4.37,4.9,general,standard,0.75,33.8,31.3,29.5,1,2,1.0,36.67
83.06,2.09,0.79,0.45,0.46,0.98,7.18,hazmat,standard,0.78,30.7,41.9,47.1,0,0,1.4,45.97
187.57,1.6,0.83,0.67,0.11,10.98,5.01,perishable,critical,0.83,25.4,65.3,30.9,1,1,1.2,44.41
219.41,1.66,0.27,0.28,0.53,4.33,1.03,general,standard,0.86,27.7,14.6,9.8,0,0,1.0,28.19
80.88,1.74,0.19,0.42,0.17,6.07,2.72,perishable,high,0.8,25.1,12.1,8.5,0,0,1.2,12.96
32.89,1.7,0.76,0.64,0.27,0.9,3.14,perishable,standard,0.83,31.0,54.1,29.5,1,0,1.2,29.16
33.9,2.43,0.22,0.78,0.48,7.65,3.01,medicine,critical,0.79,28.8,12.1,12.9,0,0,1.2,19.23
252.98,1.88,0.29,0.35,0.32,1.65,6.56,general,standard,0.83,29.0,20.6,11.6,0,1,1.0,39.74
148.15,2.01,0.85,0.75,0.23,2.16,1.39,luxury,standard,0.86,27.9,64.9,43.1,0,1,1.0,34.32
165.05,2.2,0.64,0.52,0.14,0.11,0.1,medicine,critical,0.87,34.2,33.7,26.2,0,0,1.2,44.23
114.67,1.09,0.24,0.56,0.19,0.35,10.66,perishable,standard,0.88,28.7,15.1,13.3,0,0,1.2,9.1
94.29,2.22,0.21,0.59,0.17,1.03,0.86,medicine,critical,0.77,34.4,13.0,9.4,0,0,1.2,20.68
40.91,2.28,0.82,0.26,0.69,0.5,0.38,general,high,0.93,28.2,49.6,30.7,0,0,1.0,14.66
245.46,2.68,0.7,0.35,0.5,0.12,1.8,general,high,0.76,31.3,35.4,27.1,0,0,1.0,68.3
64.21,1.89,0.16,0.81,0.08,2.34,4.45,perishable,critical,0.74,32.0,9.8,8.6,1,0,1.2,10.82
161.57,1.29,0.11,0.49,0.09,7.43,7.21,general,low,0.65,30.0,8.5,4.9,1,0,1.0,14.72
225.18,1.12,0.51,0.42,0.45,1.43,4.72,furniture,standard,0.77,26.0,25.4,23.3,0,0,1.0,9.02
110.48,1.51,0.35,0.19,0.39,2.35,5.38,luxury,critical,0.74,33.3,21.9,12.8,0,0,1.0,10.87
75.79,1.37,0.62,0.26,0.42,4.01,4.52,perishable,standard,0.93,26.7,41.4,32.2,0,0,1.2,14.66
191.0,1.34,0.35,0.59,0.03,2.28,4.35,furniture,high,0.66,30.2,19.0,15.0,0,1,1.0,17.69
97.15,1.88,0.37,0.53,0.22,15.63,7.58,luxury,critical,0.8,28.2,22.1,13.4,0,0,1.0,15.42
70.14,2.2,0.58,0.98,0.25,1.23,0.84,furniture,standard,0.9,34.8,36.7,31.3,1,0,1.0,29.59
72.21,1.2,0.11,0.26,0.09,2.96,0.28,general,standard,0.68,30.2,7.4,5.9,0,1,1.0,6.36
93.57,2.12,0.41,0.29,0.1,9.72,3.89,perishable,low,0.78,27.0,23.2,16.3,1,0,1.2,30.71
40.25,2.02,0.35,0.72,0.46,1.91,5.04,perishable,standard,0.81,33.2,24.5,20.0,0,0,1.2,18.55
22.75,1.75,0.17,0.46,0.18,0.87,0.1,hazmat,standard,0.97,23.9,10.6,9.6,1,1,1.4,17.08
33.01,2.2,0.53,0.37,0.21,12.33,4.48,hazmat,high,0.92,33.8,26.6,19.5,0,0,1.4,18.62
135.3,2.46,0.39,0.15,0.56,4.44,1.94,luxury,high,0.83,31.6,30.9,17.5,1,1,1.0,50.59
22.98,1.7,0.67,0.68,0.33,3.66,4.56,furniture,standard,0.77,26.9,38.6,35.6,0,0,1.0,13.05
23.89,2.07,0.47,0.88,0.16,0.7,3.43,luxury,standard,0.76,36.1,31.9,27.1,1,1,1.0,22.44
111.44,2.82,0.64,0.98,0.38,0.38,1.74,hazmat,critical,0.8,26.4,38.0,34.4,0,1,1.4,56.53
200.94,1.59,0.69,0.51,0.29,13.29,11.17,medicine,critical,0.93,28.7,46.8,37.5,0,1,1.2,30.92
120.94,2.11,0.6,0.67,0.06,0.41,0.51,perishable,critical,0.84,28.7,45.4,24.7,1,0,1.2,42.37
109.75,1.1,0.55,0.28,0.13,3.36,1.04,medicine,high,0.86,32.1,27.6,23.7,1,1,1.2,24.82
80.84,1.77,0.71,0.79,0.05,7.15,0.89,general,standard,0.78,29.5,51.2,24.9,1,1,1.0,32.81
142.74,1.27,0.06,0.38,0.24,6.53,0.45,luxury,high,0.76,30.9,4.5,2.2,1,0,1.0,7.25
162.96,1.09,0.26,0.87,0.44,5.46,1.07,general,high,0.81,28.3,18.3,11.0,1,0,1.0,6.44
186.34,2.04,0.77,0.86,0.58,0.17,4.16,luxury,standard,0.74,26.9,40.4,34.5,0,0,1.0,43.32
114.41,1.33,0.56,0.19,0.35,5.35,1.21,perishable,high,0.96,25.3,32.7,31.0,0,0,1.2,17.89
172.82,1.2,0.3,0.67,0.33,0.95,2.06,furniture,standard,0.55,30.9,22.3,17.9,1,2,1.0,7.09
14.35,1.41,0.5,0.85,0.62,4.22,7.82,general,critical,0.85,30.4,40.1,23.0,0,0,1.0,9.54
26.93,1.54,0.31,0.57,0.12,4.95,4.98,perishable,critical,0.87,24.4,15.9,13.7,0,0,1.2,10.86
168.9,2.06,0.72,0.74,0.21,1.45,19.42,hazmat,high,0.84,28.6,52.4,38.3,0,0,1.4,51.29
108.04,1.5,0.2,0.3,0.33,3.02,0.47,medicine,standard,0.88,31.0,13.8,7.5,0,0,1.2,17.83
163.38,2.39,0.14,0.66,0.62,2.03,0.99,perishable,critical,0.91,28.2,8.2,6.4,1,0,1.2,30.96
63.73,1.17,0.08,0.64,0.39,15.79,5.28,perishable,high,0.95,34.7,6.2,4.0,0,1,1.2,7.12
161.08,2.15,0.34,0.34,0.16,9.36,1.28,general,critical,0.87,33.1,21.6,20.4,0,0,1.0,17.83
244.29,1.27,0.32,0.93,0.27,1.21,1.01,furniture,low,0.82,28.4,24.7,16.4,1,0,1.0,12.33
128.97,1.28,0.41,0.48,0.46,0.38,4.25,hazmat,high,0.69,35.8,20.4,21.7,0,0,1.4,22.18
159.68,1.97,0.1,0.73,0.17,3.66,0.89,luxury,high,0.58,29.7,5.2,4.5,0,0,1.0,24.26
142.08,1.51,0.04,0.18,0.23,1.94,0.2,medicine,standard,0.66,25.7,2.2,1.7,0,2,1.2,13.52
69.01,2.51,0.2,0.1,0.11,12.7,0.96,medicine,high,0.86,35.7,14.5,9.4,0,1,1.2,29.2
114.61,2.48,0.01,0.95,0.45,1.43,0.45,perishable,low,0.85,28.2,0.8,0.5,0,1,1.2,38.34
40.6,1.44,0.01,0.74,0.33,1.46,0.65,medicine,standard,0.7,34.2,0.8,0.5,1,1,1.2,7.65
280.71,1.52,0.12,0.24,0.11,1.98,4.35,hazmat,critical,0.76,32.2,6.4,5.0,0,0,1.4,31.52
183.89,1.9,0.9,0.6,0.05,0.51,0.48,medicine,standard,0.68,33.2,60.3,36.0,0,0,1.2,36.62
169.27,1.73,0.51,0.19,0.41,3.73,2.24,furniture,standard,0.77,28.2,34.6,18.4,0,0,1.0,19.83
144.03,2.78,0.11,0.8,0.82,1.53,7.78,perishable,standard,0.74,24.7,7.1,4.9,1,0,1.2,54.59
286.72,1.36,0.48,0.44,0.18,2.59,0.33,luxury,standard,0.88,32.8,30.1,28.6,0,1,1.0,21.0
18.96,1.42,0.19,0.14,0.51,4.68,2.2,medicine,high,0.74,29.5,11.1,8.5,0,0,1.2,6.09
51.85,1.64,0.18,0.12,0.27,4.4,21.05,perishable,standard,0.97,25.5,9.1,7.7,0,1,1.2,19.43
218.31,2.08,0.7,0.32,0.16,1.86,7.06,general,critical,0.98,29.9,48.1,34.9,0,1,1.0,36.89
206.84,2.04,0.52,0.27,0.33,0.8,0.51,perishable,low,0.86,29.7,38.6,29.0,1,0,1.2,61.74
123.45,2.08,0.65,1.0,0.18,5.72,0.07,hazmat,critical,0.56,31.9,32.8,25.6,1,0,1.4,48.9
262.33,1.66,0.22,0.96,0.22,0.11,1.45,hazmat,critical,0.64,30.9,11.6,8.7,0,0,1.4,33.07
170.33,1.19,0.12,0.89,0.07,6.38,8.66,perishable,high,0.9,34.3,9.2,5.9,1,1,1.2,19.05
297.65,1.18,0.4,0.45,0.3,4.27,0.23,general,standard,0.81,33.5,29.7,22.6,1,1,1.0,24.52
222.94,2.14,0.42,0.12,0.67,2.76,1.15,hazmat,standard,0.84,28.3,22.1,21.5,0,1,1.4,69.6
163.45,2.0,0.44,0.45,0.27,1.24,8.29,luxury,critical,0.87,31.5,26.1,17.0,0,2,1.0,21.79
110.79,1.19,0.33,0.79,0.47,9.35,2.76,general,critical,0.81,26.4,26.5,12.2,0,1,1.0,5.45
208.17,1.41,0.31,0.19,0.12,0.42,0.5,furniture,high,0.8,31.3,18.1,11.4,1,0,1.0,12.91
75.34,2.19,0.19,0.27,0.09,12.81,2.7,medicine,high,0.85,35.9,9.8,6.7,0,0,1.2,20.55
91.8,1.65,0.2,0.34,0.15,1.02,1.0,luxury,standard,0.81,30.9,9.8,9.6,0,0,1.0,12.36
124.96,1.22,0.36,0.16,0.29,1.18,0.36,medicine,standard,0.82,34.1,21.7,18.2,0,3,1.2,18.3
231.87,1.86,0.1,0.42,0.21,6.24,5.95,general,low,0.64,25.3,7.3,3.7,1,0,1.0,24.07
175.18,1.15,0.53,0.41,0.18,30.0,3.49,perishable,standard,0.89,28.1,27.8,24.6,1,1,1.2,36.98
195.25,1.75,0.39,0.52,0.38,1.22,18.11,general,standard,0.95,28.1,24.4,16.4,0,0,1.0,29.12
193.23,1.31,0.06,0.15,0.42,4.62,1.92,hazmat,critical,0.73,36.4,4.3,2.5,0,1,1.4,16.78
227.88,1.56,0.88,0.3,0.34,10.35,2.75,general,high,0.66,25.3,58.8,49.8,0,0,1.0,21.78
134.44,1.45,0.38,0.55,0.43,2.57,0.63,hazmat,standard,0.68,28.2,30.2,13.6,0,1,1.4,20.63
183.88,1.82,0.24,0.84,0.12,5.68,7.08,general,standard,0.87,30.0,14.2,10.4,0,1,1.0,28.62
161.42,1.37,0.2,0.18,0.47,0.47,0.93,general,critical,0.87,30.5,10.3,11.6,1,0,1.0,9.74
216.35,2.23,0.56,0.19,0.35,1.29,1.18,general,standard,0.85,34.2,30.2,27.1,0,1,1.0,41.99
126.04,2.03,0.47,0.17,0.13,24.39,9.25,general,low,0.95,25.0,26.3,27.4,0,0,1.0,27.79
100.0,1.97,0.28,0.54,0.23,4.21,5.07,general,low,0.96,30.1,16.2,10.6,1,1,1.0,23.1
39.18,1.89,0.09,0.26,0.38,3.51,2.04,medicine,standard,0.82,33.8,4.7,4.0,0,1,1.2,10.67
111.29,1.22,0.28,0.43,0.34,0.31,0.27,general,critical,0.85,30.5,14.8,13.9,0,0,1.0,7.27
91.51,1.43,0.42,0.45,0.22,1.41,2.37,general,standard,0.97,34.3,23.4,24.1,0,2,1.0,14.74
150.55,1.85,0.14,0.2,0.66,7.59,6.06,perishable,high,0.76,27.9,8.8,7.2,0,0,1.2,21.0
40.25,1.59,0.24,0.96,0.47,3.14,13.64,luxury,high,0.78,28.7,16.9,13.1,0,0,1.0,15.36
40.1,1.52,0.37,0.66,0.21,6.35,0.04,luxury,low,0.69,27.1,20.1,17.7,1,0,1.0,9.37
75.96,1.75,0.08,0.77,0.46,12.58,0.84,medicine,standard,0.71,29.4,4.1,3.7,0,1,1.2,19.96
269.13,1.45,0.45,0.7,0.54,8.45,2.83,hazmat,high,0.73,27.4,30.6,22.1,0,0,1.4,21.18
105.51,2.53,0.64,0.5,0.33,0.94,2.07,medicine,standard,0.76,25.7,43.0,24.7,1,0,1.2,45.93
140.13,1.3,0.04,0.95,0.12,5.95,11.16,perishable,standard,0.79,31.6,2.2,2.3,0,0,1.2,12.51
237.67,1.74,0.05,0.4,0.28,5.94,2.61,hazmat,standard,0.83,26.7,2.5,2.8,0,1,1.4,35.78
139.51,1.22,0.09,0.95,0.05,20.17,8.58,general,standard,0.73,30.5,5.7,3.2,0,0,1.0,6.39
149.04,1.7,0.32,0.66,0.14,3.57,5.56,medicine,standard,0.58,29.2,22.0,16.1,1,0,1.2,24.36
82.07,1.35,0.33,0.5,0.19,3.0,1.48,medicine,high,0.91,29.6,24.5,18.9,0,1,1.2,16.11
261.85,1.89,0.11,0.71,0.4,6.25,1.25,medicine,standard,0.83,25.9,7.0,5.0,0,0,1.2,39.21
97.27,2.75,0.72,0.85,0.07,8.34,1.13,furniture,standard,0.91,30.1,48.5,29.3,1,1,1.0,39.61
99.85,1.47,0.27,0.93,0.45,4.37,6.89,general,high,0.69,26.9,14.0,10.3,1,2,1.0,15.18
169.98,1.11,0.79,0.65,0.71,5.8,0.14,hazmat,standard,0.87,32.7,52.8,42.6,0,1,1.4,28.87
199.79,2.08,0.56,0.71,0.16,10.74,0.63,furniture,critical,0.87,30.4,43.1,19.9,0,0,1.0,28.39
118.92,1.66,0.45,0.96,0.5,7.85,1.13,furniture,standard,0.77,30.8,27.3,24.6,0,0,1.0,21.26
71.91,1.15,0.21,0.56,0.72,0.76,2.84,perishable,standard,0.68,34.0,12.6,11.7,1,0,1.2,8.28
102.84,2.57,0.2,0.89,0.14,10.07,2.18,luxury,critical,0.81,30.1,12.1,7.2,0,0,1.0,19.06
135.69,1.66,0.25,0.58,0.09,3.81,1.54,hazmat,low,0.66,31.1,18.7,13.4,0,1,1.4,25.81
175.08,1.15,0.62,0.85,0.07,6.18,14.64,medicine,high,0.77,23.6,45.5,36.3,0,2,1.2,21.86
82.91,1.71,0.05,0.63,0.33,13.61,2.85,general,low,0.72,24.9,3.1,2.6,0,0,1.0,15.12
335.95,1.69,0.39,0.31,0.6,7.89,1.41,perishable,high,0.75,29.7,29.0,16.7,0,1,1.2,35.73
276.78,1.91,0.21,0.27,0.08,7.53,8.24,perishable,standard,0.75,32.7,16.3,10.4,0,0,1.2,43.01
125.79,1.8,0.54,0.39,0.33,4.68,7.85,furniture,low,0.73,30.2,27.2,19.1,0,1,1.0,26.23
66.78,2.53,0.57,0.34,0.54,14.44,0.73,medicine,standard,0.72,33.7,39.9,21.5,0,1,1.2,31.19
58.93,1.58,0.32,0.46,0.61,1.94,14.13,luxury,critical,0.68,31.1,25.3,17.8,1,1,1.0,20.15
267.23,2.9,0.45,0.73,0.48,2.05,4.41,perishable,high,0.56,27.7,35.4,24.6,1,0,1.2,87.91
207.79,1.3,0.05,0.88,0.17,21.61,4.11,perishable,high,0.84,32.5,4.0,2.9,0,1,1.2,23.55
39.96,1.83,0.66,0.24,0.18,12.55,3.76,perishable,standard,0.87,35.2,42.5,27.9,1,0,1.2,28.12
202.8,1.78,0.52,0.61,0.06,1.22,2.95,general,low,0.73,29.5,26.2,25.6,0,0,1.0,24.99
82.62,1.64,0.4,0.7,0.14,0.4,1.61,furniture,high,0.65,32.9,21.8,21.6,1,2,1.0,17.33
77.19,1.79,0.43,0.59,0.1,4.88,0.48,perishable,standard,0.77,28.0,28.6,25.1,0,1,1.2,17.33
190.67,2.21,0.31,0.16,0.2,3.12,1.15,medicine,low,0.84,26.2,15.5,16.3,1,0,1.2,44.56
117.11,1.69,0.3,0.68,0.36,5.59,0.03,hazmat,standard,0.92,28.8,23.4,12.4,0,1,1.4,15.14
252.33,2.54,0.21,0.39,0.65,1.9,8.7,furniture,standard,0.8,27.6,16.2,8.0,0,1,1.0,53.88
221.24,1.74,0.13,0.31,0.27,8.44,5.67,luxury,standard,0.78,31.9,8.0,5.9,1,1,1.0,24.78
155.38,1.94,0.17,0.5,0.13,3.8,2.26,general,critical,0.76,30.4,13.6,7.5,1,0,1.0,21.15
42.3,1.58,0.27,0.74,0.46,20.66,5.32,medicine,standard,0.81,31.2,15.3,15.4,1,1,1.2,20.35
123.86,1.63,0.69,0.59,0.6,0.53,3.32,hazmat,critical,0.66,32.8,49.9,34.0,1,1,1.4,49.32
79.3,1.69,0.69,0.33,0.07,16.49,4.64,medicine,high,0.73,32.0,54.8,32.3,1,0,1.2,39.68
110.0,1.21,0.04,0.25,0.23,10.71,3.95,perishable,standard,0.77,32.6,2.1,1.8,1,0,1.2,4.05
208.23,1.34,0.38,0.41,0.16,6.68,9.55,general,standard,0.78,35.9,27.5,16.5,0,2,1.0,15.43
135.54,1.16,0.48,0.13,0.25,7.05,0.05,perishable,standard,0.78,32.5,35.6,18.5,0,0,1.2,13.46
105.79,1.79,0.21,0.89,0.18,2.34,0.28,perishable,standard,0.59,29.3,12.4,9.5,1,0,1.2,23.29
103.04,1.29,0.16,0.36,0.24,3.79,3.18,general,low,0.97,29.5,11.9,8.8,0,0,1.0,6.03
65.2,2.19,0.63,0.9,0.17,2.77,0.11,medicine,high,0.78,27.6,37.6,36.5,0,0,1.2,25.93
90.68,1.59,0.57,0.75,0.19,8.32,3.61,perishable,standard,0.84,31.6,38.5,20.9,1,1,1.2,36.52
156.78,1.81,0.19,0.95,0.33,4.14,1.83,general,standard,0.81,34.1,11.9,9.7,1,0,1.0,8.45
206.83,2.08,0.43,0.62,0.49,5.44,2.89,general,standard,0.83,30.1,33.2,21.3,0,0,1.0,33.38
89.62,2.57,0.37,0.79,0.46,3.02,2.99,general,high,0.85,34.4,27.9,20.5,1,1,1.0,29.32
192.34,1.66,0.54,0.26,0.15,2.11,0.19,furniture,standard,0.82,26.2,38.5,31.4,0,1,1.0,20.92
128.83,1.46,0.54,0.7,0.52,2.58,0.44,furniture,high,0.84,27.2,38.9,20.7,0,0,1.0,19.41
232.32,1.13,0.11,0.59,0.61,2.33,2.44,furniture,high,0.73,28.2,6.2,5.3,0,0,1.0,5.72
173.89,2.14,0.37,0.53,0.2,0.16,2.01,perishable,standard,0.72,30.4,18.8,20.1,1,0,1.2,38.24
143.51,1.42,0.35,0.31,0.32,6.13,5.91,furniture,high,0.77,29.2,24.7,15.7,0,2,1.0,15.86
176.69,1.79,0.01,0.72,0.42,7.64,1.94,perishable,high,0.78,24.6,0.6,0.5,1,0,1.2,22.25
193.33,1.85,0.06,0.57,0.54,4.62,3.09,perishable,low,0.73,28.6,4.3,2.9,0,0,1.2,34.66
129.24,2.37,0.28,0.88,0.5,1.37,0.03,general,standard,0.87,29.9,16.7,13.3,1,0,1.0,20.99
289.97,2.31,0.21,0.18,0.17,6.03,3.74,perishable,high,0.89,29.0,15.8,8.6,0,1,1.2,62.5
70.28,1.62,0.55,0.16,0.68,0.5,0.05,general,standard,0.73,23.8,43.1,25.5,0,0,1.0,16.85
158.59,2.58,0.2,0.19,0.46,12.99,4.91,medicine,standard,0.98,26.8,11.8,10.9,0,0,1.2,50.59
186.36,1.89,0.06,0.39,0.83,5.27,10.08,perishable,standard,0.69,33.1,4.2,3.5,1,0,1.2,31.38
194.62,1.39,0.1,0.83,0.18,6.44,0.2,furniture,low,0.83,27.6,6.1,5.4,0,0,1.0,18.03
56.56,1.25,0.02,0.61,0.04,3.69,2.02,luxury,high,0.79,31.3,1.2,0.9,0,0,1.0,3.07
298.86,2.53,0.58,0.65,0.23,5.02,2.19,general,standard,0.79,27.0,43.1,29.2,0,0,1.0,55.36
76.72,1.26,0.04,0.6,0.53,4.75,1.69,furniture,standard,0.93,29.4,2.7,2.4,1,1,1.0,9.9
201.93,1.41,0.24,0.63,0.36,0.95,0.07,medicine,high,0.74,30.1,14.7,11.6,0,1,1.2,21.58
160.46,1.08,0.37,0.11,0.08,4.15,1.75,perishable,high,0.68,30.6,26.0,13.6,1,0,1.2,22.3
209.42,2.46,0.07,0.73,0.13,3.46,0.83,furniture,critical,0.79,26.5,5.6,3.4,0,0,1.0,41.03
126.13,1.55,0.42,0.81,0.14,0.33,0.84,medicine,low,0.72,30.2,29.1,16.7,0,1,1.2,18.49
51.76,1.34,0.12,0.98,0.68,3.65,0.13,general,standard,0.67,27.9,7.2,5.3,0,1,1.0,6.36
222.99,1.29,0.73,0.71,0.27,18.11,0.52,general,high,0.7,33.2,45.8,34.5,0,1,1.0,19.38
145.73,1.61,0.13,0.58,0.13,7.16,1.81,medicine,standard,0.74,28.9,7.9,5.7,0,1,1.2,24.84
159.27,1.49,0.12,0.57,0.42,1.21,2.91,luxury,low,0.9,29.4,9.5,4.2,1,0,1.0,11.2
28.05,1.23,0.01,0.39,0.49,4.7,1.1,medicine,high,0.89,36.2,0.5,0.4,1,0,1.2,3.94
273.56,1.46,0.29,0.53,0.59,1.29,9.98,general,standard,0.71,35.3,16.9,12.5,0,1,1.0,32.89
58.88,1.55,0.07,0.14,0.34,9.37,2.47,furniture,standard,0.83,34.1,3.6,3.7,0,1,1.0,11.17
94.44,1.41,0.05,0.97,0.15,7.47,0.37,medicine,high,0.78,33.3,3.7,1.9,0,1,1.2,13.58
152.25,1.51,0.21,0.18,0.78,22.89,1.09,general,standard,0.88,26.8,11.3,9.7,0,1,1.0,19.65
166.28,1.26,0.54,0.25,0.15,1.52,1.74,perishable,standard,0.57,32.1,37.7,30.1,1,0,1.2,28.81
201.9,1.51,0.12,0.56,0.46,3.98,5.14,furniture,high,0.86,32.6,9.2,7.0,0,0,1.0,11.62
71.8,1.47,0.2,0.49,0.1,9.83,0.41,luxury,standard,0.72,32.9,15.6,9.0,0,0,1.0,5.21
299.03,2.05,0.41,0.89,0.3,6.62,0.73,perishable,high,0.81,31.2,21.0,17.0,0,0,1.2,54.11
111.98,1.72,0.22,0.37,0.39,0.48,3.97,perishable,high,0.81,34.2,14.9,12.6,0,1,1.2,17.81
194.96,1.97,0.4,0.75,0.19,0.44,1.67,hazmat,critical,0.82,32.1,20.0,22.8,0,0,1.4,43.71
102.36,1.95,0.24,0.48,0.36,1.06,4.09,luxury,standard,0.67,28.9,17.8,11.4,0,0,1.0,19.42
253.69,1.45,0.3,0.44,0.29,8.67,3.33,general,high,0.91,32.6,22.6,15.6,0,1,1.0,15.85
91.37,1.49,0.03,0.29,0.08,0.79,1.29,luxury,high,0.8,30.2,2.1,1.6,0,0,1.0,13.11
114.74,1.88,0.32,0.83,0.43,1.33,3.64,luxury,high,0.74,25.5,17.8,18.3,0,0,1.0,22.71
208.97,2.14,0.08,0.28,0.4,6.94,4.57,perishable,standard,0.79,32.2,5.1,4.4,1,1,1.2,46.51
233.76,1.02,0.53,0.11,0.36,4.44,20.13,luxury,low,0.79,31.5,38.2,29.0,0,0,1.0,6.69
185.5,1.56,0.21,0.85,0.4,8.49,1.06,general,high,0.59,27.0,15.8,9.2,1,0,1.0,14.16
133.77,1.31,0.35,0.29,0.2,3.15,0.87,general,low,0.67,28.6,26.9,18.0,0,1,1.0,15.04
139.04,1.85,0.04,0.24,0.26,7.8,4.42,general,low,0.86,27.7,2.9,2.3,1,1,1.0,19.84
209.59,1.47,0.33,0.28,0.11,2.25,2.0,general,standard,0.76,25.6,25.0,18.2,0,0,1.0,14.45
238.71,1.14,0.52,0.94,0.43,1.35,2.91,furniture,low,0.67,23.2,37.6,27.4,0,0,1.0,10.9
104.72,1.02,0.32,0.7,0.37,5.64,1.95,luxury,critical,0.71,29.9,18.3,17.2,0,1,1.0,5.55
36.21,1.88,0.42,0.72,0.22,2.73,0.24,general,standard,0.86,30.9,22.9,22.8,0,0,1.0,9.94
54.79,2.77,0.12,0.24,0.17,14.7,2.92,perishable,high,0.93,29.6,6.0,6.2,1,0,1.2,16.59
214.07,2.29,0.37,0.65,0.08,5.81,1.7,general,high,0.79,33.2,23.1,14.5,1,0,1.0,31.89
146.07,1.44,0.27,0.88,0.73,7.47,2.27,general,standard,0.96,28.9,14.2,9.8,1,0,1.0,10.76
101.95,2.38,0.59,0.71,0.62,0.22,2.57,general,high,0.59,29.9,44.8,22.3,0,0,1.0,24.33
91.24,2.3,0.39,0.17,0.55,2.94,6.28,general,critical,0.77,30.0,22.0,14.0,0,0,1.0,14.49
261.58,1.57,0.19,0.49,0.14,7.88,15.7,general,low,0.76,32.3,14.0,10.5,0,1,1.0,34.34
224.17,2.56,0.09,0.74,0.25,17.8,8.15,perishable,high,0.71,27.3,5.8,3.9,0,0,1.2,63.02
160.62,1.23,0.08,0.18,0.15,10.54,2.14,medicine,standard,0.87,26.9,5.3,4.4,0,0,1.2,10.38
203.86,1.42,0.12,0.42,0.33,1.03,1.26,perishable,high,0.74,28.4,5.9,6.7,0,0,1.2,14.19
174.78,1.51,0.4,0.74,0.23,12.0,1.98,furniture,critical,0.73,33.7,21.2,23.7,1,0,1.0,16.61
110.3,2.01,0.19,0.85,0.44,7.79,6.64,hazmat,standard,0.64,26.8,10.4,8.5,1,1,1.4,35.96
174.59,1.35,0.28,0.67,0.13,7.41,6.28,luxury,high,0.77,30.3,15.4,13.4,1,1,1.0,15.43
135.95,1.67,0.14,0.85,0.15,9.04,6.17,perishable,standard,0.82,33.2,10.7,5.2,1,0,1.2,18.14
242.31,2.02,0.1,0.69,0.41,0.94,1.57,hazmat,critical,0.89,26.4,5.7,5.3,0,0,1.4,39.65
180.32,2.22,0.39,0.94,0.29,2.67,2.89,medicine,low,0.7,34.3,24.6,16.2,0,2,1.2,61.55
188.99,2.4,0.04,0.11,0.5,0.26,8.55,general,standard,0.93,34.4,2.5,1.7,1,0,1.0,31.1
134.14,1.4,0.1,0.41,0.07,0.25,1.96,medicine,high,0.9,28.3,6.4,4.5,0,1,1.2,14.53
163.03,1.56,0.14,0.16,0.4,9.77,2.79,general,critical,0.79,28.9,10.9,7.5,0,3,1.0,22.28
197.58,1.29,0.59,0.44,0.1,6.88,2.23,luxury,standard,0.63,30.5,32.7,31.2,1,1,1.0,22.61
175.81,2.41,0.43,0.32,0.38,2.24,0.58,general,high,0.71,29.1,34.3,20.0,1,0,1.0,47.83
220.68,1.75,0.11,0.32,0.33,3.53,7.29,general,high,0.77,27.7,8.7,6.6,0,0,1.0,20.24
195.68,2.43,0.29,0.36,0.42,1.35,2.84,medicine,standard,0.69,28.8,17.3,13.2,0,2,1.2,60.6
156.79,1.27,0.25,0.36,0.25,3.07,7.34,perishable,standard,0.78,26.1,12.3,9.4,1,0,1.2,10.29
140.86,2.17,0.35,0.62,0.47,1.3,2.71,perishable,high,0.87,31.9,17.3,17.2,0,0,1.2,33.44
167.77,1.79,0.18,0.68,0.06,4.27,1.14,perishable,critical,0.98,33.4,14.3,8.7,1,1,1.2,19.16
187.18,1.31,0.1,0.33,0.64,8.76,0.16,perishable,standard,0.75,29.2,6.4,3.9,0,0,1.2,12.08
80.11,1.21,0.64,0.23,0.48,10.24,2.55,hazmat,high,0.73,31.6,39.2,22.7,1,1,1.4,32.26
124.31,1.55,0.09,0.48,0.37,3.28,3.05,perishable,critical,0.69,30.2,5.1,5.2,0,0,1.2,9.76
47.46,1.3,0.45,0.37,0.69,10.93,2.1,perishable,standard,0.95,28.0,35.5,22.9,0,0,1.2,8.68
176.83,1.51,0.35,0.93,0.49,7.01,1.86,medicine,standard,0.87,26.8,27.4,17.8,1,1,1.2,31.49
113.57,1.98,0.29,0.82,0.3,12.15,0.9,general,standard,0.76,31.8,15.9,12.2,0,0,1.0,19.78
84.04,1.4,0.45,0.9,0.68,10.64,7.5,medicine,low,0.96,31.8,35.2,26.8,0,1,1.2,19.33
128.78,2.01,0.05,0.19,0.62,3.48,1.21,medicine,high,0.7,31.9,2.6,2.2,0,0,1.2,28.84
55.08,1.94,0.21,0.44,0.64,2.32,4.38,general,critical,0.62,34.5,14.1,12.5,0,1,1.0,14.19
58.59,1.54,0.38,0.86,0.48,8.6,10.76,perishable,high,0.82,33.1,30.2,20.8,1,0,1.2,24.49
100.13,1.49,0.12,0.26,0.18,6.96,0.11,hazmat,standard,0.77,30.6,8.3,4.6,1,2,1.4,21.24
84.6,1.29,0.07,0.8,0.41,0.95,6.7,furniture,standard,0.68,32.2,5.6,3.0,0,1,1.0,13.28
169.21,1.3,0.27,0.89,0.27,0.1,9.45,perishable,low,0.67,31.9,19.1,16.1,1,0,1.2,19.91
40.32,2.04,0.51,0.35,0.36,4.98,0.2,furniture,high,0.82,27.2,30.8,28.9,1,0,1.0,17.76
137.6,1.93,0.17,0.97,0.08,14.89,6.87,perishable,high,0.64,27.2,10.7,7.1,1,0,1.2,30.27
47.87,2.23,0.12,0.85,0.28,1.27,2.28,furniture,standard,0.74,27.8,8.7,5.6,0,0,1.0,20.23
248.57,1.47,0.22,0.25,0.62,5.01,1.29,perishable,high,0.97,30.2,15.2,10.3,1,0,1.2,24.53
90.71,1.39,0.27,0.62,0.33,1.99,0.21,general,critical,0.69,26.9,16.9,11.2,1,0,1.0,9.74
112.95,1.54,0.52,0.31,0.07,2.94,10.76,general,low,0.57,31.7,34.1,22.7,0,0,1.0,25.41
227.24,1.63,0.22,0.52,0.2,1.14,3.96,perishable,low,0.85,27.1,11.9,7.9,0,0,1.2,32.89
49.3,1.35,0.4,0.56,0.17,1.42,0.82,medicine,standard,0.91,33.0,21.0,22.0,0,0,1.2,11.99
186.18,1.69,0.13,0.7,0.53,2.23,4.86,medicine,high,0.86,32.5,9.9,5.0,1,0,1.2,21.85
257.89,2.36,0.32,0.65,0.55,3.34,4.7,general,standard,0.9,27.6,21.3,17.9,1,2,1.0,59.95
129.22,1.34,0.05,0.42,0.27,4.49,9.07,perishable,standard,0.81,24.3,3.1,2.3,0,0,1.2,10.62
75.05,1.76,0.1,0.58,0.13,6.85,6.66,hazmat,high,0.8,24.0,6.8,5.7,1,2,1.4,26.51
62.91,2.12,0.39,0.17,0.33,3.44,1.77,hazmat,standard,0.78,28.0,21.8,22.8,0,0,1.4,22.37
181.11,2.71,0.2,0.6,0.51,9.61,2.83,perishable,critical,0.75,35.1,13.2,11.6,0,2,1.2,41.64
125.61,2.02,0.47,0.98,0.16,0.69,6.44,luxury,low,0.79,27.3,31.6,27.0,0,1,1.0,34.47
21.0,1.22,0.29,0.61,0.51,2.19,2.75,luxury,critical,0.87,28.3,16.3,11.5,1,0,1.0,3.46
154.22,1.59,0.46,0.88,0.32,15.71,6.39,perishable,critical,0.87,32.5,24.6,24.3,0,0,1.2,24.8
153.11,1.36,0.3,0.88,0.65,0.97,6.53,general,standard,0.71,28.5,15.0,13.4,0,0,1.0,12.31
95.5,1.79,0.49,0.96,0.18,0.76,11.76,furniture,low,0.88,28.6,38.0,27.1,0,1,1.0,22.29
202.64,2.17,0.09,0.16,0.65,5.34,0.49,general,high,0.87,27.9,5.1,5.2,0,1,1.0,34.62
14.8,2.42,0.07,0.68,0.01,6.86,3.49,perishable,high,0.81,26.2,4.2,3.3,1,1,1.2,14.92
185.09,1.22,0.21,0.93,0.68,1.09,1.22,general,standard,0.83,34.9,11.8,10.7,0,0,1.0,9.38
214.3,1.49,0.12,0.81,0.62,1.3,10.79,general,standard,0.77,31.4,6.8,4.8,0,1,1.0,21.53
235.4,1.23,0.17,0.5,0.34,2.65,7.19,luxury,high,0.83,24.7,10.3,8.5,0,3,1.0,17.0
199.97,1.46,0.4,0.34,0.36,8.1,1.41,medicine,standard,0.77,33.7,23.7,15.0,0,0,1.2,24.28
120.65,1.21,0.42,0.41,0.44,2.58,13.04,medicine,standard,0.77,32.0,33.0,19.7,1,0,1.2,29.15
148.56,2.6,0.23,0.21,0.29,4.41,3.26,perishable,standard,0.72,25.6,13.5,9.1,0,0,1.2,47.92
77.02,2.78,0.35,0.29,0.58,3.85,3.98,hazmat,standard,0.81,26.8,20.3,16.8,0,1,1.4,37.28
99.42,1.75,0.26,0.74,0.36,8.52,1.27,furniture,standard,0.54,26.4,19.8,14.5,0,0,1.0,16.12
113.4,2.02,0.26,0.26,0.17,12.31,1.19,luxury,standard,0.77,29.4,19.7,13.4,1,1,1.0,19.46
170.74,1.69,0.19,0.85,0.39,4.63,14.58,luxury,critical,0.81,30.6,11.1,11.3,1,0,1.0,20.35
28.05,2.43,0.05,0.33,0.73,9.42,0.19,medicine,high,0.95,31.5,3.9,2.8,0,0,1.2,8.98
147.25,1.24,0.53,0.47,0.52,1.77,4.92,perishable,critical,0.8,29.8,38.7,23.1,1,0,1.2,26.73
130.52,2.05,0.65,0.37,0.67,1.8,0.47,luxury,low,0.91,29.1,33.6,26.9,0,0,1.0,22.14
248.21,2.62,0.21,0.39,0.19,6.56,2.58,perishable,high,0.87,31.8,14.8,10.4,0,0,1.2,58.53
176.51,2.85,0.42,0.83,0.55,22.23,2.55,perishable,standard,0.74,30.8,32.8,24.2,0,0,1.2,74.08
47.65,2.18,0.75,0.75,0.48,1.19,6.73,medicine,low,0.93,29.7,44.8,38.1,1,0,1.2,38.5
167.0,1.45,0.19,0.45,0.54,0.59,1.21,general,critical,0.76,32.9,9.7,10.0,1,0,1.0,12.67
199.18,1.77,0.62,0.42,0.24,0.94,0.65,perishable,critical,0.75,29.9,41.4,26.1,0,0,1.2,20.1
153.67,1.58,0.8,0.7,0.25,5.9,4.73,perishable,standard,0.97,29.7,60.2,34.5,0,0,1.2,37.44
120.9,1.93,0.26,0.72,0.37,13.38,3.38,general,low,0.74,29.1,16.9,11.6,0,1,1.0,31.97
174.03,2.48,0.05,0.14,0.35,2.03,3.65,perishable,standard,0.92,28.8,2.8,2.3,0,0,1.2,44.82
189.84,2.07,0.19,0.29,0.67,1.18,2.05,general,high,0.84,27.4,11.5,9.8,0,1,1.0,23.18
312.18,1.45,0.09,0.62,0.24,0.92,1.4,luxury,high,0.61,33.1,6.7,3.5,0,1,1.0,19.02
246.03,1.57,0.23,0.63,0.27,0.7,5.37,perishable,high,0.72,28.1,12.6,10.5,0,0,1.2,25.22
182.99,1.22,0.48,0.27,0.47,6.37,4.77,perishable,standard,0.6,27.4,38.2,28.1,0,0,1.2,17.05
142.66,2.51,0.66,0.16,0.38,1.26,7.51,general,critical,0.69,29.7,49.6,35.0,1,0,1.0,41.28
49.62,2.81,0.28,0.98,0.2,17.68,6.27,hazmat,standard,0.83,27.1,19.1,11.3,1,0,1.4,34.42
163.69,1.94,0.28,0.21,0.15,10.2,3.45,luxury,standard,0.95,32.1,15.4,10.8,1,0,1.0,24.56
111.68,2.06,0.52,0.88,0.38,4.42,7.12,perishable,low,0.64,33.0,28.6,22.4,0,0,1.2,46.98
221.31,1.59,0.48,0.41,0.3,6.49,1.2,general,critical,0.71,34.9,33.0,23.7,0,0,1.0,22.19
80.78,1.7,0.59,0.87,0.38,5.27,3.78,general,high,0.74,30.2,36.5,20.9,0,0,1.0,20.59
167.24,1.97,0.1,0.66,0.25,22.15,1.62,medicine,standard,0.64,29.6,6.3,5.0,1,0,1.2,32.74
247.48,1.34,0.55,0.14,0.23,0.64,5.9,general,high,0.96,24.5,40.9,31.0,1,0,1.0,26.7
166.32,1.61,0.28,0.92,0.55,11.02,10.66,general,critical,0.63,25.5,17.3,14.5,0,0,1.0,14.88
206.28,1.93,0.23,0.79,0.17,5.52,5.02,general,low,0.85,34.1,15.5,11.2,0,0,1.0,34.98
201.59,2.3,0.01,0.52,0.23,4.05,1.38,perishable,low,0.68,27.5,0.8,0.5,0,0,1.2,51.14
294.42,3.14,0.42,0.64,0.43,2.77,1.18,medicine,standard,0.89,31.6,21.0,19.6,0,1,1.2,88.31
126.32,1.94,0.58,0.4,0.49,23.57,0.48,general,low,0.81,29.0,29.9,22.0,0,0,1.0,29.8
53.18,1.67,0.22,0.23,0.43,8.63,4.71,medicine,high,0.64,29.0,14.9,13.0,0,1,1.2,14.14
54.92,1.64,0.19,0.15,0.32,0.09,11.17,general,low,0.88,34.4,12.9,9.1,0,1,1.0,8.08
47.61,1.34,0.24,0.59,0.58,0.2,1.2,general,high,0.85,31.8,14.8,11.0,1,0,1.0,4.05
103.26,1.43,0.43,0.26,0.22,7.11,17.92,perishable,standard,0.67,30.5,33.8,24.5,0,0,1.2,21.1
174.88,1.11,0.21,0.42,0.14,3.85,3.14,perishable,high,0.88,24.6,13.3,8.0,0,2,1.2,17.44
153.46,1.62,0.49,0.37,0.29,4.18,5.14,medicine,standard,0.65,36.4,30.4,23.0,0,0,1.2,27.19
154.13,2.24,0.44,0.44,0.29,2.0,1.03,perishable,high,0.68,34.7,30.2,17.2,0,0,1.2,37.29
128.06,2.08,0.4,0.25,0.08,13.02,0.61,furniture,standard,0.58,31.9,32.1,19.3,0,1,1.0,28.39
298.94,1.58,0.55,0.8,0.17,1.27,19.21,hazmat,low,0.76,29.8,40.6,24.5,0,0,1.4,46.51
163.94,1.3,0.36,0.76,0.33,5.7,1.74,luxury,critical,0.91,26.1,24.5,15.3,0,0,1.0,9.44
217.74,2.88,0.25,0.84,0.09,0.32,0.89,furniture,high,0.94,28.2,13.1,10.9,1,1,1.0,44.03
126.11,1.88,0.04,0.54,0.23,1.63,7.3,furniture,low,0.81,33.3,2.1,2.3,0,1,1.0,24.09
172.16,2.02,0.23,0.73,0.17,12.2,0.33,furniture,standard,0.71,33.7,14.6,10.5,0,0,1.0,30.08
108.25,1.45,0.58,0.22,0.1,2.81,0.56,luxury,high,0.97,30.7,29.8,26.1,1,1,1.0,24.08
37.03,1.2,0.55,0.63,0.48,5.08,6.71,medicine,standard,0.74,26.8,41.7,21.6,0,1,1.2,10.61
132.15,1.54,0.48,0.94,0.46,2.06,2.58,general,low,0.7,24.5,25.8,25.3,0,1,1.0,19.41
107.36,1.66,0.68,0.38,0.42,4.74,1.27,perishable,low,0.66,34.7,53.9,30.7,1,1,1.2,51.57
126.21,1.29,0.62,0.65,0.04,0.21,2.28,perishable,standard,0.91,25.6,42.1,22.0,1,0,1.2,30.99
109.72,1.81,0.33,0.3,0.4,1.51,14.82,luxury,standard,0.69,24.9,22.9,15.6,1,1,1.0,16.18
63.13,1.82,0.53,0.37,0.51,12.22,0.93,hazmat,high,0.75,29.6,27.3,27.2,0,2,1.4,31.85
77.22,2.48,0.5,0.96,0.26,0.86,0.4,perishable,high,0.95,28.0,31.8,21.8,0,0,1.2,29.05
63.16,2.07,0.31,0.18,0.61,1.0,10.46,perishable,standard,0.87,33.7,17.2,13.9,0,0,1.2,17.07
116.09,1.88,0.13,0.79,0.13,3.38,1.04,furniture,standard,0.72,28.3,6.7,4.6,0,0,1.0,16.25
10.46,2.18,0.49,0.89,0.23,8.15,10.83,perishable,high,0.69,34.1,27.3,29.2,0,0,1.2,14.79
93.69,2.0,0.27,0.64,0.15,1.15,1.74,general,high,0.89,30.2,15.0,16.1,0,0,1.0,14.16
174.55,1.12,0.3,0.12,0.33,10.08,0.09,general,high,0.8,26.2,15.0,13.5,1,1,1.0,6.86
174.98,1.06,0.07,0.78,0.46,0.5,2.62,luxury,standard,0.93,32.1,3.7,3.9,0,1,1.0,5.42
125.98,1.12,0.15,0.46,0.26,3.66,0.9,perishable,high,0.83,30.2,11.6,7.9,1,1,1.2,7.44
127.09,1.85,0.52,0.79,0.29,1.86,2.46,perishable,standard,0.79,36.1,38.0,26.3,0,0,1.2,28.33
175.12,1.88,0.35,0.22,0.33,0.9,3.22,furniture,high,0.8,26.8,25.6,19.8,1,0,1.0,34.13
228.8,2.23,0.21,0.66,0.11,1.59,3.8,luxury,critical,0.79,27.2,13.9,11.1,0,2,1.0,35.49
34.24,1.66,0.35,0.44,0.17,7.55,11.44,medicine,low,0.96,32.0,17.2,14.7,1,0,1.2,15.9
106.77,1.91,0.24,0.11,0.56,0.17,7.05,perishable,standard,0.95,30.3,13.1,13.3,0,0,1.2,19.56
159.26,1.76,0.09,0.58,0.38,20.93,0.04,hazmat,standard,0.81,31.0,4.8,5.2,0,0,1.4,29.82
113.61,1.95,0.09,0.63,0.16,6.36,8.84,medicine,standard,0.75,32.4,4.5,4.0,1,1,1.2,24.44
59.34,1.49,0.15,0.93,0.15,1.83,0.93,general,low,0.68,29.9,9.9,8.2,1,0,1.0,13.27
126.41,1.41,0.13,0.93,0.37,2.39,1.14,furniture,standard,0.81,28.1,9.2,7.4,0,0,1.0,11.28
185.5,2.0,0.64,0.73,0.68,2.6,6.76,perishable,low,0.86,25.0,42.1,24.0,1,1,1.2,73.08
302.81,2.38,0.39,0.44,0.67,0.12,2.88,medicine,critical,0.97,27.1,21.7,23.3,1,0,1.2,63.87
224.52,1.26,0.32,0.13,0.29,0.38,2.12,luxury,high,0.91,29.9,22.3,16.2,1,0,1.0,7.56
163.9,1.62,0.05,0.74,0.44,1.99,0.0,furniture,high,0.83,25.1,3.0,2.1,0,2,1.0,15.83
138.66,1.8,0.1,0.46,0.67,1.39,1.49,furniture,standard,0.91,33.7,7.5,5.8,1,0,1.0,20.25
223.75,1.85,0.19,0.38,0.56,7.25,3.84,hazmat,standard,0.9,30.9,15.0,9.5,0,0,1.4,47.2
149.23,1.07,0.37,0.41,0.35,1.3,0.39,luxury,high,0.87,27.9,22.3,21.4,0,1,1.0,8.77
184.2,1.48,0.29,0.17,0.2,2.04,3.22,general,low,0.78,30.3,21.8,16.3,0,1,1.0,20.69
81.08,1.07,0.08,0.27,0.2,16.34,0.05,general,standard,0.87,30.9,4.2,4.0,1,0,1.0,0.0
74.18,1.16,0.14,0.74,0.4,9.4,4.34,medicine,high,0.6,27.3,9.3,7.6,0,1,1.2,11.48
134.09,1.35,0.18,0.41,0.05,8.73,0.23,medicine,low,0.94,30.9,12.5,10.7,0,0,1.2,9.24
43.33,1.66,0.14,0.15,0.23,8.81,0.28,medicine,high,0.75,27.6,8.5,6.7,0,1,1.2,6.92
94.21,1.96,0.29,0.37,0.25,5.09,5.11,medicine,high,0.88,30.2,16.7,10.7,1,0,1.2,25.91
158.54,1.48,0.55,0.9,0.53,3.8,5.22,furniture,critical,0.72,28.4,34.0,27.9,1,1,1.0,18.67
150.91,1.07,0.18,0.91,0.18,8.83,0.9,medicine,high,0.75,30.0,10.9,8.3,0,1,1.2,9.42
131.86,2.16,0.58,0.78,0.42,2.14,0.39,hazmat,standard,0.84,29.5,35.9,20.3,0,0,1.4,43.15
15.84,1.7,0.34,0.18,0.35,4.02,6.13,luxury,high,0.89,28.8,26.8,15.1,1,0,1.0,17.36
126.86,1.91,0.58,0.93,0.08,10.2,5.92,furniture,high,0.93,32.5,35.6,28.3,1,0,1.0,30.94
260.92,1.51,0.36,0.9,0.11,0.56,0.89,medicine,standard,0.88,26.0,23.5,16.0,0,0,1.2,20.27
192.96,2.19,0.01,0.23,0.39,0.15,1.39,furniture,critical,0.94,33.8,0.8,0.5,0,1,1.0,25.3
52.25,1.17,0.45,0.47,0.47,11.86,0.99,perishable,low,0.69,28.6,29.8,22.1,0,0,1.2,18.26
288.13,2.17,0.45,0.56,0.27,6.29,3.18,hazmat,standard,0.77,31.0,24.4,24.8,0,0,1.4,75.5
108.55,2.02,0.48,0.1,0.62,4.27,4.15,perishable,critical,0.96,26.2,28.1,26.3,0,1,1.2,21.39
184.17,1.33,0.75,0.36,0.11,0.75,11.53,medicine,standard,0.9,35.2,52.6,44.2,0,0,1.2,20.29
140.16,1.42,0.34,0.35,0.33,26.13,0.91,hazmat,standard,0.87,32.7,17.8,12.8,0,1,1.4,26.81
131.07,2.59,0.31,0.58,0.44,1.91,3.0,perishable,standard,0.63,29.2,19.8,13.4,1,0,1.2,47.96
59.65,1.73,0.3,0.11,0.08,0.33,0.48,luxury,standard,0.7,32.4,24.1,16.5,1,0,1.0,9.56
52.8,2.28,0.33,0.5,0.57,2.83,2.58,medicine,standard,0.7,26.9,21.6,16.0,0,0,1.2,25.18
76.15,1.75,0.43,0.4,0.35,0.34,6.23,general,high,0.9,29.0,24.4,25.6,0,0,1.0,10.7
79.18,2.69,0.09,0.6,0.41,3.53,1.49,general,standard,0.81,32.6,5.0,4.7,0,0,1.0,21.85
104.17,2.84,0.6,0.44,0.21,2.68,3.58,furniture,standard,0.77,29.6,31.1,23.1,1,0,1.0,39.53
126.78,2.69,0.63,0.26,0.34,6.32,4.46,hazmat,standard,0.76,26.6,35.9,32.5,0,1,1.4,51.71
237.63,2.38,0.39,0.79,0.2,3.28,0.76,medicine,high,0.91,27.1,25.3,19.2,0,0,1.2,52.77
253.47,1.5,0.77,0.2,0.02,5.83,0.16,medicine,critical,0.74,31.0,40.0,28.5,1,3,1.2,36.09
163.71,1.41,0.46,0.61,0.13,1.75,0.77,perishable,low,0.82,26.2,26.6,25.7,1,0,1.2,33.65
259.24,1.2,0.21,0.24,0.26,0.91,3.24,hazmat,standard,0.7,31.0,13.6,12.0,1,1,1.4,16.13
261.55,1.19,0.17,0.82,0.16,5.47,3.51,furniture,standard,0.75,31.8,11.4,7.6,0,0,1.0,12.97
101.65,1.14,0.31,0.52,0.35,8.01,4.34,perishable,standard,0.63,30.2,16.9,15.7,1,1,1.2,6.34
71.01,1.49,0.62,0.72,0.35,2.62,3.05,medicine,critical,0.76,26.7,35.6,33.5,0,1,1.2,17.9
186.52,1.81,0.04,0.33,0.43,0.08,2.44,perishable,critical,0.64,26.4,3.2,2.1,0,1,1.2,27.41
104.9,1.42,0.42,0.17,0.2,2.19,8.26,luxury,standard,0.65,29.6,24.8,21.4,0,1,1.0,13.13
235.75,1.36,0.08,0.42,0.31,0.29,1.06,luxury,low,0.72,27.4,4.4,3.9,1,1,1.0,14.61
145.47,1.13,0.36,0.48,0.4,7.44,2.79,medicine,high,0.85,30.7,19.8,14.9,1,2,1.2,14.91
185.71,1.18,0.52,0.78,0.43,0.26,3.36,general,standard,0.81,28.2,37.9,30.9,0,0,1.0,12.1
247.17,2.85,0.59,0.34,0.39,0.7,0.51,furniture,standard,0.68,33.1,43.7,34.1,0,1,1.0,81.4
145.0,1.42,0.38,0.92,0.58,3.41,9.05,medicine,standard,0.78,32.7,24.7,14.9,0,2,1.2,29.87
95.05,1.23,0.42,0.93,0.19,2.41,4.28,luxury,low,0.92,31.5,27.0,18.0,0,0,1.0,13.59
162.84,1.49,0.25,0.41,0.34,8.59,0.18,general,low,0.74,32.0,18.6,9.2,0,1,1.0,19.32
56.57,1.23,0.32,0.31,0.2,8.79,0.27,general,standard,0.92,24.9,24.9,17.4,1,1,1.0,9.2
148.7,1.67,0.1,0.79,0.31,1.44,7.09,hazmat,standard,0.85,29.6,6.1,3.9,0,0,1.4,23.38
171.39,1.6,0.54,0.53,0.17,8.79,1.02,medicine,standard,0.85,29.7,30.4,20.3,0,0,1.2,27.6
118.9,2.01,0.18,0.55,0.42,0.53,5.93,perishable,high,0.91,25.3,10.7,8.3,0,0,1.2,25.36
186.48,1.3,0.23,0.81,0.54,3.97,3.47,general,critical,0.88,30.8,18.2,12.1,0,1,1.0,5.24
100.18,1.87,0.32,0.49,0.68,1.46,7.94,furniture,standard,0.82,35.5,16.3,12.8,1,0,1.0,17.95
201.55,1.39,0.06,0.55,0.17,30.0,3.74,perishable,critical,0.74,32.0,3.1,3.0,0,1,1.2,18.07
211.2,2.87,0.32,0.8,0.05,8.41,4.04,medicine,standard,0.88,29.5,16.6,15.6,0,0,1.2,58.31
266.81,3.08,0.31,0.31,0.4,1.19,7.33,medicine,high,0.91,32.8,16.3,16.9,0,0,1.2,86.64
143.91,1.77,0.47,0.93,0.45,1.7,3.18,hazmat,standard,0.76,31.5,25.6,21.8,0,0,1.4,33.0
120.15,1.61,0.74,0.66,0.63,5.94,1.83,perishable,high,0.83,33.4,48.2,39.0,1,1,1.2,31.33
261.27,1.52,0.23,0.69,0.22,10.8,6.69,general,high,0.84,23.3,14.2,12.5,1,1,1.0,22.45
139.5,1.13,0.12,0.96,0.21,4.17,1.87,furniture,standard,0.76,30.3,8.8,4.9,0,0,1.0,5.75
135.31,2.32,0.45,0.16,0.41,4.88,5.79,hazmat,standard,0.88,29.8,23.5,16.5,0,1,1.4,47.37
97.72,1.93,0.28,0.31,0.08,0.86,3.4,perishable,standard,0.75,35.4,16.8,14.9,0,0,1.2,20.7
274.33,3.01,0.47,0.67,0.73,15.3,3.76,medicine,standard,0.72,28.9,34.2,26.4,0,1,1.2,101.64
202.64,1.22,0.02,0.21,0.27,8.69,1.97,medicine,standard,0.71,25.5,1.5,0.9,0,0,1.2,6.43
216.66,1.34,0.63,0.46,0.07,1.87,4.04,luxury,critical,0.86,28.2,36.5,26.6,0,1,1.0,16.72
287.71,2.24,0.61,0.65,0.18,0.4,1.69,medicine,standard,0.88,29.7,36.6,30.3,0,0,1.2,41.95
134.33,1.82,0.14,0.23,0.13,1.17,3.49,medicine,standard,0.78,24.5,9.7,7.3,0,0,1.2,20.98
262.62,2.27,0.37,0.43,0.57,5.89,0.49,general,critical,0.82,32.0,25.1,18.2,0,1,1.0,45.0
243.86,1.1,0.22,0.58,0.13,3.76,12.0,general,high,0.93,32.2,13.8,8.7,0,1,1.0,8.6
121.8,2.08,0.4,0.77,0.07,0.56,0.24,furniture,critical,0.76,24.2,28.2,23.8,0,0,1.0,19.38
184.5,1.5,0.52,0.14,0.32,3.25,0.06,medicine,critical,0.85,29.3,38.8,18.4,0,1,1.2,23.05
280.11,1.29,0.35,0.25,0.45,4.83,3.69,hazmat,critical,0.69,34.1,23.4,16.7,0,1,1.4,30.07
110.42,2.6,0.47,0.42,0.52,4.54,3.74,perishable,standard,0.76,29.9,26.2,17.8,1,0,1.2,54.36
213.7,1.89,0.33,0.16,0.1,6.86,10.42,medicine,high,0.85,27.4,25.8,14.5,1,1,1.2,56.78
68.54,1.82,0.15,0.56,0.37,2.95,0.13,furniture,standard,0.75,26.9,7.9,7.7,0,0,1.0,14.48
274.51,2.16,0.36,0.85,0.46,5.14,2.13,hazmat,high,0.73,29.1,20.6,13.7,0,0,1.4,55.64
118.13,1.15,0.53,0.63,0.48,2.98,2.12,perishable,low,0.7,34.3,39.7,31.2,0,1,1.2,21.91
128.88,1.51,0.52,0.93,0.07,6.0,1.29,perishable,high,0.82,35.0,32.2,19.3,0,0,1.2,18.61
130.16,1.24,0.65,0.58,0.42,16.04,7.22,general,high,0.78,29.3,50.7,28.9,0,0,1.0,13.12
77.84,1.21,0.44,0.58,0.22,1.6,5.79,perishable,standard,0.82,33.1,24.7,20.3,0,0,1.2,15.13
176.67,1.68,0.13,0.84,0.17,7.65,7.48,luxury,low,0.97,31.8,9.2,5.7,0,1,1.0,28.8
162.08,2.09,0.16,0.96,0.46,7.3,3.18,perishable,high,0.89,29.6,8.1,8.8,0,1,1.2,38.33
51.22,1.52,0.16,0.91,0.55,3.49,3.46,general,low,0.7,29.9,12.4,9.1,1,0,1.0,15.02
149.92,3.37,0.24,0.25,0.11,3.63,4.39,perishable,low,0.77,28.9,16.7,10.7,0,1,1.2,79.68
113.97,1.92,0.3,1.0,0.45,0.48,5.83,general,standard,0.74,36.6,20.9,14.1,0,0,1.0,20.7
162.74,2.3,0.24,0.42,0.34,2.9,1.83,luxury,critical,0.88,31.8,12.9,10.9,1,3,1.0,20.4
274.42,1.2,0.13,0.4,0.12,14.62,6.3,furniture,high,0.88,32.1,6.9,6.5,0,1,1.0,16.71
182.05,1.15,0.06,0.75,0.34,7.05,0.19,perishable,standard,0.74,29.4,3.6,2.3,0,2,1.2,10.4
84.84,2.09,0.33,0.54,0.08,1.85,2.35,general,critical,0.79,24.2,19.3,13.2,1,1,1.0,21.91
95.17,1.3,0.59,0.18,0.22,0.92,0.26,hazmat,standard,0.9,30.2,30.0,28.0,0,0,1.4,17.04
247.74,1.77,0.26,0.85,0.04,1.03,0.0,hazmat,high,0.77,24.5,19.9,10.2,1,0,1.4,41.83
139.32,2.36,0.49,0.88,0.27,0.71,2.97,luxury,low,0.87,28.5,33.6,28.0,0,0,1.0,36.76
52.51,1.48,0.59,0.86,0.15,13.1,0.04,general,high,0.87,32.0,31.4,27.5,0,0,1.0,12.53
38.87,1.59,0.17,0.59,0.09,5.57,8.12,general,standard,0.75,33.3,13.1,8.0,0,0,1.0,10.54
186.71,1.54,0.36,0.37,0.09,7.64,0.01,luxury,high,0.92,27.2,21.7,21.0,1,0,1.0,21.03
245.29,2.01,0.35,0.87,0.6,0.75,3.43,general,critical,0.89,31.1,19.1,14.2,0,2,1.0,40.92
44.56,1.23,0.29,0.91,0.43,5.73,2.35,furniture,critical,0.7,32.4,22.6,15.8,0,1,1.0,10.27
190.78,1.39,0.2,0.93,0.15,8.23,1.55,general,high,0.8,26.6,14.6,11.5,0,0,1.0,15.71
157.86,1.09,0.22,0.71,0.49,0.39,3.66,luxury,low,0.82,29.2,17.4,10.9,1,0,1.0,8.87
145.97,1.92,0.09,0.58,0.41,5.2,0.57,perishable,high,0.93,34.2,5.5,3.4,0,0,1.2,22.2
223.71,2.0,0.27,0.1,0.45,6.89,1.08,medicine,low,0.87,35.2,20.4,16.1,0,0,1.2,56.85
37.32,2.32,0.25,0.21,0.35,1.26,6.79,general,standard,0.69,29.8,12.3,12.7,0,2,1.0,18.02
105.59,1.45,0.25,0.54,0.6,1.02,4.96,general,standard,0.94,31.9,19.6,10.8,1,1,1.0,14.7
56.62,2.52,0.5,0.75,0.05,3.48,0.6,perishable,low,0.92,33.2,30.8,20.4,1,0,1.2,37.65
181.67,2.07,0.29,0.14,0.75,4.92,3.41,hazmat,critical,0.81,33.4,16.8,12.8,0,1,1.4,36.13
125.6,1.9,0.37,0.59,0.21,1.57,4.49,perishable,low,0.67,33.8,25.9,19.8,0,0,1.2,34.78
189.72,1.37,0.3,0.51,0.45,5.56,10.16,medicine,standard,0.65,30.4,20.7,13.6,0,0,1.2,20.0
6.56,1.33,0.38,0.23,0.44,8.62,2.66,general,standard,0.77,25.6,25.1,16.7,0,2,1.0,12.54
70.34,2.1,0.03,0.48,0.15,20.52,4.52,general,standard,0.67,28.9,2.2,1.1,1,0,1.0,30.16
245.82,2.04,0.08,0.42,0.44,6.17,1.75,perishable,standard,0.79,32.2,4.6,3.4,1,1,1.2,40.76
154.96,1.35,0.11,0.84,0.25,9.56,3.86,furniture,high,0.88,30.4,7.0,4.2,1,1,1.0,11.78
80.99,2.62,0.27,0.28,0.39,1.28,1.41,medicine,critical,0.8,31.3,15.3,15.7,0,3,1.2,32.64
93.77,1.42,0.37,0.99,0.27,1.18,2.59,perishable,low,0.58,30.4,21.0,21.7,0,0,1.2,19.59
275.85,1.67,0.29,0.91,0.36,15.7,3.84,hazmat,high,0.89,29.6,21.7,10.7,1,0,1.4,46.61
136.8,1.18,0.48,0.76,0.79,6.34,8.75,medicine,standard,0.78,25.1,23.8,17.7,1,1,1.2,23.07
118.89,2.21,0.12,0.82,0.25,0.61,6.02,furniture,high,0.82,31.5,7.8,7.1,0,2,1.0,26.31
240.48,1.24,0.21,0.19,0.09,2.76,7.97,general,high,0.89,27.4,11.3,8.0,0,0,1.0,3.69
78.92,1.85,0.12,0.79,0.56,4.12,2.84,general,high,0.86,35.3,7.2,5.3,0,0,1.0,13.27
136.84,2.5,0.91,0.28,0.18,1.29,3.11,perishable,high,0.96,35.1,47.6,49.1,0,1,1.2,42.47
133.53,1.34,0.26,0.9,0.12,2.02,1.58,perishable,standard,0.73,31.4,15.0,14.8,1,0,1.2,14.1
170.51,2.19,0.33,0.46,0.22,3.75,2.6,hazmat,standard,0.73,32.9,20.4,16.9,1,1,1.4,54.49
284.83,1.76,0.59,0.72,0.41,4.76,4.22,perishable,high,0.96,30.3,46.3,29.4,1,0,1.2,50.02
29.11,1.28,0.16,0.8,0.68,0.35,2.32,furniture,standard,0.82,30.0,10.7,8.8,0,0,1.0,4.39
154.12,2.02,0.51,0.56,0.13,1.03,3.08,perishable,standard,0.88,24.1,25.2,30.5,0,1,1.2,33.17
88.44,1.96,0.45,0.48,0.62,3.39,5.28,furniture,high,0.79,31.6,25.2,16.1,0,0,1.0,17.2
157.12,1.08,0.52,0.48,0.6,0.76,2.89,perishable,critical,0.68,28.1,40.8,27.1,1,0,1.2,23.09
233.34,1.46,0.37,0.88,0.12,0.61,2.42,general,standard,0.95,35.3,27.2,16.2,1,1,1.0,29.26
184.08,1.15,0.53,0.98,0.15,2.17,16.78,general,low,0.83,26.4,39.0,20.8,0,0,1.0,13.09
71.65,1.1,0.24,0.73,0.18,2.44,0.32,perishable,high,0.83,27.1,13.6,11.6,1,1,1.2,7.44
137.12,2.31,0.48,0.52,0.58,3.02,8.21,medicine,standard,0.8,27.4,28.4,17.4,1,0,1.2,51.08
51.92,1.26,0.11,0.31,0.08,1.83,0.9,luxury,critical,0.73,30.8,6.3,4.1,0,0,1.0,5.38
37.51,1.47,0.54,0.56,0.31,2.38,3.29,luxury,standard,0.83,31.1,34.6,26.5,0,2,1.0,14.36
47.13,1.17,0.51,0.22,0.24,2.79,3.47,medicine,low,0.7,31.0,37.0,22.1,0,0,1.2,12.42
216.35,2.06,0.6,0.9,0.28,6.21,2.7,perishable,high,0.75,27.4,35.3,31.9,0,0,1.2,49.32
126.52,1.21,0.32,0.85,0.41,6.22,1.13,general,standard,0.88,36.5,22.7,13.6,1,1,1.0,14.19
223.01,1.95,0.52,0.8,0.37,0.88,10.1,general,standard,0.72,29.6,31.7,30.1,0,0,1.0,41.35
127.31,2.15,0.71,0.21,0.32,1.71,0.02,perishable,standard,0.91,28.7,56.8,26.4,0,0,1.2,29.62
247.52,1.18,0.14,0.57,0.42,3.04,14.72,medicine,standard,0.78,30.7,8.6,7.1,0,0,1.2,17.9
67.78,1.95,0.09,0.51,0.28,2.25,0.86,medicine,high,0.96,29.7,6.9,4.7,0,2,1.2,13.04
202.67,1.21,0.52,0.31,0.18,0.45,5.0,general,high,0.79,26.9,38.5,29.6,0,2,1.0,14.35
214.27,2.12,0.44,0.7,0.42,10.06,1.62,hazmat,critical,0.94,29.3,25.4,25.8,0,1,1.4,41.57
151.97,1.95,0.43,0.92,0.21,14.57,1.88,medicine,standard,0.84,29.0,24.2,19.9,0,1,1.2,47.39
53.25,2.08,0.3,0.62,0.16,6.94,1.63,medicine,standard,0.88,35.7,16.6,10.8,0,0,1.2,8.62
73.93,1.71,0.26,0.92,0.04,23.76,1.86,hazmat,standard,0.71,32.5,16.8,12.1,1,0,1.4,29.82
103.62,1.57,0.19,0.86,0.74,4.33,3.95,general,high,0.76,32.2,10.0,8.4,0,0,1.0,13.24
198.44,1.67,0.17,0.47,0.56,8.54,6.13,medicine,standard,0.69,33.2,11.9,7.2,1,1,1.2,38.62
290.36,1.26,0.14,0.15,0.54,0.81,0.57,general,low,0.73,28.7,10.4,6.9,1,0,1.0,13.56
35.76,1.98,0.44,0.51,0.28,4.31,7.23,perishable,low,0.91,35.3,27.7,19.1,0,0,1.2,22.92
140.65,2.13,0.44,0.51,0.72,0.73,17.08,perishable,standard,0.79,31.6,34.1,17.6,1,0,1.2,40.91
77.97,1.67,0.58,0.44,0.35,7.88,4.84,medicine,high,0.88,30.5,35.8,29.7,0,0,1.2,18.36
163.89,1.59,0.79,0.3,0.47,0.73,2.09,perishable,low,0.7,25.6,39.8,39.3,0,0,1.2,25.63
126.67,1.63,0.37,0.54,0.33,3.64,1.98,general,critical,0.75,29.5,22.1,13.3,0,0,1.0,10.71
198.72,1.63,0.11,0.78,0.23,8.59,9.79,general,standard,0.88,32.5,8.3,5.1,0,0,1.0,20.25
165.47,1.29,0.35,0.56,0.33,8.28,7.37,furniture,high,0.82,31.5,19.7,14.8,0,0,1.0,13.11
159.56,1.82,0.73,0.4,0.68,2.41,19.26,hazmat,low,0.79,32.9,46.3,33.9,0,1,1.4,50.92
207.86,1.18,0.28,0.22,0.36,1.64,5.4,general,critical,0.68,35.1,16.1,12.3,0,3,1.0,19.49
155.83,1.84,0.19,0.71,0.16,6.47,1.6,general,standard,0.76,33.1,11.3,9.2,1,0,1.0,15.09
133.3,1.32,0.27,0.88,0.65,1.43,7.67,luxury,standard,0.87,26.6,16.1,12.1,0,0,1.0,11.3
223.46,1.53,0.63,0.55,0.2,2.21,1.65,furniture,standard,0.86,27.7,48.3,25.9,1,1,1.0,32.32
195.18,2.98,0.04,0.22,0.37,4.33,0.43,perishable,standard,0.79,29.7,2.6,1.4,1,0,1.2,59.8
138.91,1.58,0.1,0.31,0.52,0.18,6.8,perishable,high,0.77,33.2,7.4,5.6,1,0,1.2,14.96
173.13,1.67,0.3,0.74,0.54,2.44,3.79,general,standard,0.9,29.8,23.7,16.2,0,0,1.0,22.73
98.35,1.2,0.29,0.22,0.64,8.24,4.17,furniture,high,0.86,31.4,20.3,15.0,1,0,1.0,5.35
247.39,2.47,0.43,0.56,0.24,1.14,1.53,general,critical,0.83,25.3,27.9,16.5,0,1,1.0,47.49
102.12,1.19,0.08,0.13,0.5,6.46,0.07,general,low,0.85,34.6,4.5,4.2,0,0,1.0,9.37
86.53,2.15,0.73,0.37,0.54,7.45,3.34,general,standard,0.68,32.0,45.5,37.9,0,0,1.0,21.74
86.53,2.1,0.2,0.26,0.28,0.32,5.76,general,high,0.85,24.8,14.5,9.7,1,1,1.0,15.53
213.25,2.67,0.05,0.49,0.12,0.46,8.79,general,standard,0.94,29.4,3.9,2.1,1,1,1.0,51.74
190.08,2.13,0.2,0.69,0.52,6.33,10.94,general,low,0.89,34.2,11.8,10.4,1,0,1.0,38.08
53.94,1.98,0.42,0.44,0.32,5.52,6.44,hazmat,high,0.82,28.4,23.6,24.3,0,1,1.4,22.27
174.36,1.49,0.32,0.7,0.2,11.61,2.29,general,standard,0.79,27.1,19.7,16.3,1,0,1.0,15.6
107.59,1.18,0.55,0.53,0.13,3.05,1.51,general,high,0.67,33.1,29.7,20.3,0,2,1.0,12.01
281.23,1.13,0.3,0.79,0.17,7.45,1.52,perishable,standard,0.93,30.4,16.0,11.6,0,2,1.2,19.55
38.04,1.69,0.22,0.22,0.13,7.4,3.02,general,standard,0.89,34.1,12.5,10.1,1,0,1.0,7.15
79.99,1.55,0.25,0.68,0.61,3.97,1.47,general,standard,0.68,34.4,15.1,14.3,1,2,1.0,10.79
255.24,1.2,0.09,0.89,0.32,0.84,3.1,medicine,standard,0.89,27.2,6.3,3.6,1,1,1.2,11.35
191.3,1.8,0.43,0.92,0.25,11.53,5.46,medicine,standard,0.84,26.2,23.9,22.0,1,0,1.2,37.9
149.62,1.53,0.49,0.91,0.13,3.56,0.28,hazmat,standard,0.91,28.3,26.6,21.2,0,0,1.4,28.24
143.79,2.21,0.47,0.92,0.39,0.32,2.7,perishable,critical,0.85,34.6,27.5,17.7,0,0,1.2,32.86
155.18,1.51,0.04,0.9,0.25,2.16,4.29,medicine,standard,0.93,32.0,2.4,1.8,0,0,1.2,13.63
49.73,2.71,0.67,0.8,0.66,1.01,9.5,medicine,critical,0.83,26.0,49.5,24.6,0,0,1.2,25.3
263.31,1.56,0.29,0.28,0.43,9.91,6.21,luxury,high,0.82,27.6,15.7,14.1,1,0,1.0,26.88
126.47,1.32,0.37,0.55,0.13,1.61,3.9,luxury,high,0.9,29.0,23.2,22.0,0,0,1.0,7.89
11.17,1.49,0.06,0.34,0.24,7.88,5.54,general,standard,0.84,24.4,4.5,2.7,0,1,1.0,8.97
143.96,2.24,0.7,0.41,0.3,13.6,1.91,perishable,standard,0.67,27.6,52.0,32.7,0,3,1.2,61.44
86.62,1.25,0.19,0.9,0.12,15.64,0.38,hazmat,low,0.67,32.5,12.4,7.5,0,0,1.4,12.91
202.34,2.53,0.29,0.96,0.09,1.73,4.27,perishable,standard,0.9,25.5,22.2,15.1,0,0,1.2,48.9
211.22,1.28,0.34,0.2,0.45,5.47,3.38,furniture,high,0.69,30.6,23.4,19.8,0,0,1.0,11.87
177.03,1.56,0.15,0.53,0.43,3.75,7.25,luxury,high,0.62,30.8,10.8,7.1,0,1,1.0,19.87
129.0,1.18,0.54,0.39,0.26,17.53,0.8,medicine,high,0.96,28.8,42.6,27.4,0,1,1.2,17.18
140.7,2.56,0.28,0.39,0.51,7.17,13.56,general,low,0.7,29.1,16.4,16.3,1,0,1.0,41.2
275.85,1.83,0.3,0.62,0.11,0.25,8.09,general,standard,0.77,25.4,16.6,11.5,1,1,1.0,32.1
155.98,1.22,0.69,0.52,0.38,10.59,6.81,general,standard,0.85,30.3,44.5,39.3,0,0,1.0,9.48
113.84,1.78,0.21,1.0,0.31,11.43,2.36,hazmat,high,0.74,35.9,11.1,8.7,1,1,1.4,23.77
56.39,2.39,0.44,0.74,0.43,1.46,1.6,medicine,high,0.69,28.9,25.0,17.5,0,1,1.2,26.84
109.46,1.42,0.59,0.98,0.27,8.32,7.55,general,high,0.85,25.7,44.4,32.5,0,1,1.0,19.87
160.77,2.52,0.11,0.2,0.45,24.25,2.0,medicine,high,0.95,30.1,5.9,5.6,1,0,1.2,42.49
202.08,2.2,0.27,0.62,0.09,3.02,3.01,furniture,high,0.7,28.9,19.7,13.2,0,1,1.0,37.66
92.91,2.21,0.13,0.98,0.12,6.16,1.54,perishable,critical,0.82,24.6,6.9,6.1,1,0,1.2,13.4
264.94,1.41,0.54,0.4,0.2,5.78,3.85,general,standard,0.82,25.2,37.1,24.9,0,0,1.0,18.81
279.53,1.2,0.32,0.57,0.66,1.43,4.11,furniture,standard,0.77,28.7,17.2,11.9,0,1,1.0,13.92
52.8,1.62,0.27,0.77,0.64,2.44,0.08,perishable,standard,0.95,25.3,14.5,15.0,0,1,1.2,14.95
155.49,2.5,0.23,0.8,0.53,1.08,0.61,medicine,high,0.6,27.4,11.4,8.7,0,1,1.2,44.65
130.96,1.73,0.07,0.88,0.47,1.53,4.2,perishable,high,0.54,28.7,3.8,2.7,0,0,1.2,20.16
98.14,2.38,0.4,0.77,0.37,2.6,7.39,hazmat,low,0.92,35.3,21.9,18.2,0,0,1.4,42.73
193.63,1.97,0.09,0.98,0.15,1.42,7.73,general,standard,0.93,31.2,5.8,5.3,0,1,1.0,27.04
211.72,2.15,0.34,0.77,0.28,8.43,1.3,general,critical,0.9,35.1,27.2,12.9,0,0,1.0,30.45
105.95,1.33,0.2,0.15,0.11,0.81,6.69,general,standard,0.77,29.0,9.9,10.8,1,0,1.0,11.9
75.47,1.3,0.23,0.75,0.45,3.36,1.37,perishable,standard,0.89,29.8,18.0,11.3,0,0,1.2,12.14
131.68,1.4,0.57,0.43,0.42,4.39,3.65,perishable,standard,0.83,30.0,43.1,32.8,1,1,1.2,42.26
141.25,1.42,0.07,0.55,0.32,2.52,1.28,general,standard,0.6,31.4,4.1,3.0,0,1,1.0,16.52
185.33,1.93,0.02,0.49,0.32,5.19,5.72,luxury,standard,0.93,30.7,1.2,1.0,1,1,1.0,20.88
165.07,1.64,0.84,0.62,0.37,5.46,12.16,perishable,low,0.82,26.4,46.9,44.1,1,0,1.2,48.05
185.31,1.02,0.17,0.9,0.15,8.97,12.92,perishable,high,0.74,28.4,10.9,7.3,0,1,1.2,10.37
194.1,2.47,0.1,0.26,0.51,3.37,0.44,perishable,standard,0.71,30.5,5.2,4.1,1,1,1.2,44.45
117.26,1.12,0.31,0.81,0.28,0.22,10.25,hazmat,low,0.85,27.6,22.3,16.3,1,0,1.4,11.7
205.55,1.26,0.05,0.96,0.45,13.4,4.51,perishable,high,0.86,34.2,2.6,1.8,0,0,1.2,19.85
229.71,1.98,0.13,0.71,0.6,0.61,1.37,hazmat,standard,0.71,31.1,6.6,5.2,0,1,1.4,39.04
68.43,1.87,0.1,0.77,0.14,0.82,3.41,perishable,low,0.7,29.1,6.0,4.7,0,1,1.2,10.53
194.51,2.2,0.02,0.45,0.38,8.34,0.86,general,standard,0.86,30.3,1.4,0.7,1,2,1.0,35.0
96.72,2.76,0.27,0.56,0.39,2.03,12.31,furniture,high,0.93,28.4,17.1,12.3,1,1,1.0,33.19
79.64,1.54,0.06,0.76,0.16,0.3,5.07,general,high,0.86,26.9,3.1,2.5,0,1,1.0,12.45
204.97,1.65,0.35,0.58,0.64,0.46,10.22,perishable,standard,0.81,30.0,22.5,12.7,0,0,1.2,28.21
60.94,1.71,0.21,0.13,0.63,4.73,0.26,perishable,standard,0.63,32.9,15.5,8.6,1,0,1.2,14.58
260.37,1.99,0.49,0.66,0.76,5.72,7.59,general,critical,0.94,31.0,37.7,23.4,0,2,1.0,42.25
136.24,1.69,0.1,0.96,0.23,0.21,2.81,perishable,high,0.77,31.3,7.5,3.8,1,0,1.2,18.44
222.38,1.9,0.31,0.74,0.45,1.04,0.7,perishable,high,0.84,27.2,15.2,14.9,0,1,1.2,43.19
208.67,1.57,0.03,0.9,0.76,12.28,0.19,perishable,standard,0.86,32.2,1.6,1.2,0,2,1.2,32.67
105.27,1.66,0.5,0.29,0.51,16.69,2.77,perishable,high,0.86,25.4,31.9,19.5,0,0,1.2,22.86
134.0,1.4,0.1,0.56,0.13,4.67,25.0,furniture,standard,0.93,28.9,7.1,5.1,0,1,1.0,12.74
151.52,1.08,0.3,0.49,0.36,5.46,4.26,perishable,critical,0.87,29.9,19.0,11.5,0,0,1.2,5.9
65.33,1.83,0.25,0.68,0.56,27.35,0.71,luxury,standard,0.81,33.5,19.5,9.1,0,0,1.0,16.0
124.33,1.66,0.17,0.23,0.37,0.46,0.11,general,critical,0.83,30.1,9.8,7.5,0,2,1.0,16.41
102.51,1.63,0.34,0.49,0.17,3.91,2.46,perishable,high,0.66,28.8,21.7,19.2,0,0,1.2,17.27
192.46,1.22,0.12,0.73,0.66,6.99,5.23,medicine,low,0.95,29.3,6.4,4.3,0,0,1.2,11.82
103.66,1.76,0.15,0.57,0.77,1.27,1.6,perishable,low,0.76,35.3,10.7,8.3,1,1,1.2,27.06
132.86,1.8,0.21,0.21,0.52,14.9,0.29,medicine,high,0.94,33.0,11.0,9.2,0,0,1.2,25.3
111.47,1.53,0.3,0.58,0.26,5.26,1.89,medicine,standard,0.71,29.4,17.9,11.2,1,0,1.2,26.03
134.71,2.46,0.3,0.76,0.39,1.19,2.51,general,critical,0.64,27.2,18.0,11.6,1,0,1.0,27.84
158.6,2.68,0.7,0.7,0.34,10.72,3.31,general,low,0.8,32.4,52.7,29.9,0,0,1.0,42.27
172.45,1.29,0.41,0.81,0.25,0.5,2.24,luxury,standard,0.75,30.8,32.6,18.3,0,0,1.0,11.61
189.82,2.46,0.34,0.41,0.49,21.18,0.46,hazmat,high,0.7,27.4,27.0,17.1,0,1,1.4,63.93
250.03,1.76,0.16,0.8,0.14,0.92,0.47,furniture,high,0.63,30.0,11.7,8.5,0,1,1.0,30.56
226.53,2.2,0.32,0.64,0.41,6.45,2.32,general,standard,0.81,25.5,22.8,15.0,0,0,1.0,46.06
302.94,1.49,0.19,0.77,0.19,1.66,0.28,furniture,low,0.75,27.4,12.2,8.9,0,0,1.0,25.91
96.66,1.06,0.45,0.51,0.28,0.33,1.68,perishable,standard,0.92,28.4,22.5,23.5,0,1,1.2,11.32
183.24,1.58,0.16,0.27,0.47,3.03,1.01,medicine,standard,0.7,27.0,11.9,6.1,0,0,1.2,27.06
153.35,2.21,0.3,0.99,0.46,16.04,0.43,hazmat,high,0.65,34.9,15.2,16.4,0,0,1.4,40.65
171.12,1.35,0.37,0.83,0.34,1.47,1.49,general,standard,0.89,29.9,22.3,13.0,0,0,1.0,16.18
184.73,1.73,0.78,0.79,0.19,2.11,7.19,furniture,low,0.64,31.7,44.9,30.8,0,1,1.0,29.7
87.97,1.24,0.01,0.93,0.1,21.23,5.61,general,high,0.84,28.4,0.7,0.5,0,0,1.0,6.8
128.6,1.52,0.58,0.98,0.05,4.24,1.57,furniture,low,0.83,28.4,31.2,27.1,0,0,1.0,19.0
35.79,1.66,0.1,0.44,0.64,6.16,0.67,perishable,high,0.72,30.8,5.8,3.6,1,0,1.2,11.2
198.39,1.47,0.33,0.18,0.33,0.87,1.41,medicine,standard,0.91,29.9,16.7,15.7,0,0,1.2,21.16
69.91,1.62,0.72,0.73,0.4,3.72,5.05,furniture,high,0.96,31.8,42.3,38.4,1,0,1.0,22.97
96.5,1.89,0.16,0.88,0.08,6.28,1.73,perishable,low,0.83,32.8,8.9,6.1,1,0,1.2,22.42
84.93,3.0,0.23,0.72,0.44,0.37,2.92,furniture,standard,0.69,28.9,13.6,9.3,1,0,1.0,32.49
183.35,1.8,0.42,0.6,0.39,6.18,13.26,medicine,standard,0.79,29.9,24.8,22.9,1,2,1.2,47.46
202.02,1.16,0.42,0.59,0.49,0.31,3.07,furniture,high,0.95,30.6,33.4,24.5,0,0,1.0,8.5
63.08,1.46,0.44,0.23,0.68,0.94,1.61,general,high,0.88,25.2,29.1,17.6,0,1,1.0,9.75
11.8,1.98,0.07,0.29,0.18,3.13,0.0,perishable,high,0.8,29.1,5.0,3.0,1,0,1.2,3.88
199.24,1.77,0.26,0.25,0.17,5.81,2.42,hazmat,standard,0.83,31.5,19.3,11.4,1,1,1.4,38.87
249.78,1.4,0.29,0.47,0.65,1.69,4.93,furniture,critical,0.79,28.5,17.8,12.7,1,0,1.0,11.13
213.18,1.81,0.33,0.58,0.24,0.08,1.72,medicine,low,0.65,31.1,24.8,15.1,0,0,1.2,42.9
224.13,1.51,0.42,0.55,0.55,12.93,2.35,perishable,low,0.66,27.4,22.0,15.0,1,2,1.2,32.77
115.89,1.87,0.61,0.36,0.61,1.65,5.97,medicine,high,0.71,23.5,41.4,33.1,0,0,1.2,30.33
204.92,1.69,0.33,0.27,0.17,3.28,8.42,medicine,high,0.79,28.8,18.6,13.6,0,1,1.2,25.61
255.86,2.25,0.53,0.64,0.16,0.34,7.21,medicine,high,0.74,31.4,36.9,29.4,1,0,1.2,89.19
56.59,2.33,0.3,0.39,0.34,5.78,2.24,medicine,high,0.85,35.0,16.7,10.7,0,0,1.2,16.07
302.31,1.21,0.82,0.18,0.4,7.89,1.42,perishable,standard,0.77,26.2,57.2,49.1,0,0,1.2,22.24
165.67,1.42,0.37,0.64,0.21,3.08,3.32,furniture,low,0.73,31.9,26.5,17.1,1,0,1.0,28.35
112.46,2.14,0.01,0.81,0.52,0.87,2.07,hazmat,high,0.92,26.5,0.8,0.5,0,1,1.4,14.52
255.15,1.04,0.25,0.15,0.06,0.65,0.54,perishable,standard,0.93,26.5,19.6,9.0,0,1,1.2,8.03
85.29,1.53,0.11,0.4,0.56,14.6,2.82,furniture,standard,0.76,31.2,6.5,4.9,0,2,1.0,15.18
148.51,1.21,0.42,0.27,0.28,6.47,1.77,general,standard,0.9,28.4,20.7,16.0,0,0,1.0,12.05
115.16,1.54,0.24,0.73,0.28,2.47,1.06,furniture,standard,0.74,30.7,12.2,13.0,0,0,1.0,11.14
60.22,1.79,0.13,0.89,0.29,1.12,0.91,general,low,0.79,35.2,9.6,7.8,1,2,1.0,13.44
232.42,1.31,0.06,0.26,0.11,5.17,5.57,medicine,standard,0.93,35.2,3.4,2.5,0,1,1.2,17.4
111.02,1.92,0.56,0.93,0.15,5.69,3.15,medicine,low,0.63,32.0,29.8,20.3,0,0,1.2,33.47
207.09,1.83,0.34,0.35,0.57,7.46,6.93,luxury,high,0.76,33.2,20.6,12.1,0,0,1.0,34.05
169.56,1.93,0.48,0.27,0.57,3.79,22.36,perishable,low,0.9,33.9,34.8,21.0,0,0,1.2,47.27
272.32,1.25,0.53,0.98,0.33,1.35,11.18,perishable,low,0.84,28.9,33.4,26.8,0,0,1.2,26.15
199.38,1.83,0.3,0.8,0.04,13.25,1.08,perishable,high,0.86,30.1,16.2,15.5,0,0,1.2,29.85
69.3,1.78,0.51,0.42,0.65,4.41,7.32,perishable,standard,0.9,34.1,27.2,26.5,0,0,1.2,18.33
118.83,1.44,0.41,0.61,0.51,0.02,3.35,medicine,low,0.86,34.1,29.5,23.7,0,0,1.2,17.81
63.6,2.15,0.06,0.59,0.11,2.48,4.38,medicine,low,0.76,28.3,3.5,2.8,0,0,1.2,16.46
286.05,1.63,0.33,0.22,0.29,1.22,5.95,medicine,standard,0.96,35.2,23.2,14.9,0,0,1.2,28.25
189.33,1.3,0.46,0.95,0.38,2.84,0.5,general,critical,0.86,25.5,31.7,22.0,0,0,1.0,13.3
174.17,1.85,0.7,0.61,0.37,6.76,2.38,general,high,0.69,30.2,52.2,41.8,1,0,1.0,33.19
48.26,1.18,0.56,0.76,0.39,1.83,1.47,general,critical,0.85,29.2,43.4,28.9,0,0,1.0,10.24
108.96,1.15,0.58,0.82,0.25,0.42,8.17,luxury,high,0.69,33.9,37.5,30.5,0,3,1.0,14.93
52.21,1.3,0.35,0.61,0.56,6.94,1.78,general,critical,0.86,32.4,26.8,15.6,0,0,1.0,8.05
216.5,2.79,0.33,0.41,0.72,10.9,14.77,perishable,standard,0.61,27.4,25.6,19.6,0,1,1.2,73.27
107.78,1.02,0.15,0.59,0.24,0.41,0.91,perishable,critical,0.88,27.8,10.0,8.5,0,0,1.2,3.18
149.72,1.99,0.21,0.98,0.2,9.73,3.22,medicine,standard,0.87,33.2,11.6,9.8,0,1,1.2,27.69
200.61,1.81,0.52,0.82,0.32,13.2,4.15,perishable,critical,0.89,33.7,33.3,30.0,0,1,1.2,28.19
166.65,1.2,0.17,1.0,0.11,8.7,4.43,perishable,high,0.67,30.4,9.4,7.6,0,1,1.2,13.31
164.37,1.63,0.42,0.23,0.1,0.18,1.22,perishable,high,0.83,36.0,25.3,19.8,0,0,1.2,21.01
79.76,1.49,0.59,0.19,0.13,1.71,2.51,perishable,low,0.91,32.9,31.5,30.2,0,2,1.2,25.99
180.28,1.83,0.07,0.74,0.33,1.61,0.03,furniture,standard,0.67,29.6,5.3,3.5,0,0,1.0,24.13
41.13,1.83,0.19,0.7,0.42,2.72,2.87,furniture,low,0.84,34.6,15.2,8.6,0,1,1.0,10.57
121.57,1.53,0.3,0.39,0.08,1.13,1.13,general,high,0.8,29.0,17.9,14.3,0,0,1.0,8.22
38.08,1.58,0.55,0.49,0.25,13.06,13.97,hazmat,standard,0.85,31.2,34.6,30.2,0,2,1.4,36.6
200.09,1.21,0.38,0.26,0.29,1.12,0.23,luxury,low,0.84,29.1,30.4,18.6,1,0,1.0,24.95
141.87,1.81,0.44,0.44,0.42,2.44,1.25,general,standard,0.84,28.5,35.1,23.7,1,0,1.0,27.17
191.16,1.19,0.13,0.94,0.15,3.89,12.1,luxury,critical,0.76,36.1,7.1,5.8,1,0,1.0,9.28
179.56,2.01,0.36,0.43,0.15,1.36,1.06,furniture,standard,0.65,29.9,25.8,17.0,1,1,1.0,46.85
91.87,3.03,0.74,0.29,0.47,2.49,1.1,hazmat,high,0.79,27.3,51.0,35.6,0,1,1.4,57.81
66.9,1.45,0.43,0.34,0.11,7.39,2.62,general,standard,0.83,29.4,31.8,16.4,0,1,1.0,15.83
259.99,1.52,0.16,0.55,0.15,1.53,3.03,general,high,0.83,30.3,9.8,7.0,0,1,1.0,16.27
267.81,1.37,0.28,0.53,0.28,5.87,2.72,general,critical,0.9,31.7,16.7,15.9,1,3,1.0,17.32
287.56,2.28,0.42,0.19,0.19,6.77,3.38,perishable,low,0.9,32.0,26.7,22.9,0,0,1.2,76.54
44.85,1.86,0.23,0.2,0.22,0.25,8.42,hazmat,high,0.74,32.7,17.6,12.8,1,0,1.4,18.71
161.21,2.39,0.25,0.31,0.71,3.13,5.17,perishable,standard,0.71,26.8,18.9,14.7,0,2,1.2,48.35
203.51,1.83,0.26,0.76,0.39,0.27,1.76,furniture,standard,0.86,25.2,16.0,14.4,1,0,1.0,24.41
68.26,1.77,0.3,0.51,0.35,20.06,3.05,furniture,high,0.76,32.8,21.5,13.6,0,0,1.0,12.63
153.35,1.72,0.29,0.21,0.06,0.96,2.92,hazmat,standard,0.84,26.6,21.4,12.9,0,0,1.4,25.65
132.24,2.06,0.1,0.71,0.08,6.77,1.07,perishable,high,0.71,28.3,7.1,3.9,0,1,1.2,30.39
95.13,1.21,0.59,0.11,0.29,6.54,0.28,medicine,high,0.92,29.2,39.9,33.7,0,0,1.2,11.07
31.9,1.65,0.58,0.64,0.34,2.31,6.8,perishable,standard,0.71,27.7,35.3,32.6,0,0,1.2,18.32
203.82,1.02,0.23,0.41,0.42,6.28,10.67,hazmat,critical,0.86,31.0,17.0,9.2,0,1,1.4,13.47
132.38,1.2,0.28,0.14,0.22,1.95,0.03,perishable,standard,0.82,34.0,20.3,14.9,0,0,1.2,12.0
266.43,2.28,0.21,0.21,0.15,0.56,0.26,perishable,standard,0.9,25.9,12.0,12.2,0,0,1.2,53.74
198.28,2.61,0.56,0.77,0.53,14.19,0.21,general,standard,0.73,29.0,39.9,30.4,1,0,1.0,46.85
200.31,1.26,0.52,0.32,0.35,4.99,8.16,general,standard,0.91,28.7,26.1,19.4,0,0,1.0,18.72
115.03,1.62,0.14,0.35,0.14,0.61,2.68,luxury,high,0.93,24.7,8.1,7.8,0,0,1.0,9.03
181.56,1.26,0.52,0.54,0.24,1.14,2.76,general,high,0.67,33.8,40.2,24.4,0,1,1.0,14.47
221.57,2.14,0.38,0.24,0.21,0.69,2.29,perishable,high,0.7,30.4,23.2,21.9,0,1,1.2,41.93
50.3,1.26,0.61,0.97,0.36,0.24,2.86,general,high,0.74,36.1,36.7,23.0,0,0,1.0,7.58
75.2,1.26,0.43,0.44,0.28,8.07,0.38,hazmat,low,0.77,29.5,23.9,17.3,0,0,1.4,16.05
195.11,2.84,0.23,0.5,0.14,0.22,9.78,medicine,low,0.79,36.8,15.1,13.5,1,0,1.2,62.33
224.42,2.14,0.4,0.17,0.34,6.13,4.95,general,high,0.78,34.6,28.9,18.0,0,2,1.0,38.91
261.41,1.11,0.33,0.6,0.55,7.11,10.85,perishable,standard,0.68,29.5,23.6,13.1,1,1,1.2,18.91
89.48,1.14,0.16,0.82,0.32,1.18,0.09,furniture,standard,0.94,25.7,10.6,8.6,1,1,1.0,6.44
61.86,1.9,0.26,0.48,0.76,6.45,4.49,general,critical,0.98,28.5,17.9,13.5,0,0,1.0,12.35
172.69,1.56,0.78,0.25,0.19,5.62,6.59,perishable,high,0.93,28.2,48.6,42.7,0,0,1.2,24.89
234.78,1.47,0.19,0.12,0.15,10.97,7.47,furniture,standard,0.63,32.0,13.3,9.3,0,1,1.0,28.16
70.4,1.62,0.31,0.41,0.45,0.8,1.68,general,low,0.83,28.5,17.7,11.6,1,1,1.0,18.34
184.59,1.07,0.38,0.87,0.28,6.74,1.51,hazmat,standard,0.96,28.6,29.5,22.0,0,0,1.4,5.4
9.28,1.65,0.26,0.19,0.29,1.95,8.46,hazmat,critical,0.83,25.3,13.4,11.5,0,0,1.4,8.37
216.8,2.81,0.3,0.96,0.51,0.09,3.24,medicine,high,0.8,30.2,20.7,16.5,0,0,1.2,71.68
261.77,1.06,0.25,0.89,0.26,2.04,3.05,medicine,critical,0.64,28.2,12.3,10.3,0,0,1.2,3.67
41.36,1.71,0.35,0.14,0.11,2.25,0.86,hazmat,high,0.8,29.1,25.8,15.3,0,1,1.4,20.57
192.87,2.83,0.08,0.17,0.43,4.06,0.19,general,standard,0.81,32.1,5.5,4.4,1,0,1.0,40.95
185.93,1.8,0.18,0.5,0.37,10.93,4.79,general,high,0.82,32.3,12.3,8.5,0,0,1.0,20.21
150.47,1.79,0.3,0.17,0.52,4.27,0.25,perishable,high,0.97,32.0,16.4,16.4,1,0,1.2,16.48
137.7,2.59,0.17,0.96,0.72,0.44,1.74,furniture,low,0.67,34.5,10.1,9.7,0,0,1.0,46.76
92.94,2.01,0.68,0.12,0.43,5.41,8.56,perishable,standard,0.68,25.1,42.2,28.2,0,0,1.2,27.89
37.32,1.33,0.18,0.95,0.02,2.48,9.67,furniture,standard,0.83,28.3,12.3,6.7,1,0,1.0,5.55
188.21,1.86,0.19,0.68,0.1,1.96,1.75,perishable,standard,0.87,26.5,14.1,11.0,1,0,1.2,30.32
160.78,1.97,0.21,0.59,0.41,1.2,2.05,general,high,0.83,28.9,10.9,12.2,0,0,1.0,17.48
149.91,1.53,0.15,0.69,0.38,4.57,3.5,luxury,high,0.67,34.7,11.3,6.4,0,0,1.0,13.1
199.82,1.47,0.33,0.21,0.58,2.32,16.15,medicine,low,0.95,33.4,24.9,12.8,0,0,1.2,36.88
44.05,1.15,0.05,0.77,0.03,24.4,2.4,general,standard,0.92,27.3,3.0,2.2,1,1,1.0,7.71
287.76,1.46,0.07,0.34,0.42,6.68,6.22,perishable,critical,0.73,29.5,4.6,2.8,0,0,1.2,24.19
276.03,1.47,0.13,0.8,0.1,0.6,2.42,furniture,low,0.96,23.7,7.2,5.4,0,0,1.0,24.51
51.67,2.14,0.07,0.84,0.33,1.2,0.43,medicine,low,0.8,36.8,4.7,2.8,0,0,1.2,20.05
122.24,2.13,0.35,0.49,0.43,1.95,3.92,perishable,critical,0.86,27.9,20.2,14.2,0,0,1.2,29.22
301.36,1.56,0.61,0.51,0.17,10.14,1.5,medicine,standard,0.86,28.3,33.9,25.2,0,0,1.2,34.86
197.03,1.33,0.02,0.29,0.46,0.12,3.59,general,high,0.8,24.8,1.6,1.1,1,0,1.0,10.26
225.07,1.17,0.32,0.63,0.66,15.09,1.2,general,high,0.82,33.1,24.9,17.5,0,0,1.0,9.18
148.13,1.32,0.09,0.18,0.58,1.67,1.94,perishable,critical,0.84,30.6,5.3,5.3,1,0,1.2,10.67
136.03,1.78,0.53,0.36,0.29,6.03,2.9,perishable,standard,0.63,33.7,35.1,31.2,0,0,1.2,23.69
149.36,1.67,0.18,0.25,0.66,1.59,1.68,perishable,high,0.83,31.0,12.4,9.6,0,1,1.2,18.66
96.05,2.04,0.69,0.9,0.18,0.75,12.23,medicine,standard,0.92,26.8,39.8,36.5,1,1,1.2,31.73
139.91,1.59,0.68,0.73,0.12,1.73,3.33,perishable,standard,0.68,27.6,51.1,24.8,1,0,1.2,37.73
216.64,1.75,0.35,0.78,0.49,0.06,11.83,luxury,standard,0.67,31.4,19.0,13.2,1,0,1.0,23.53
71.85,1.08,0.46,0.81,0.36,5.01,0.56,luxury,high,0.79,33.3,30.4,22.7,0,1,1.0,5.53
157.89,1.52,0.5,0.22,0.24,7.81,1.69,general,standard,0.85,31.3,38.2,24.2,0,2,1.0,19.74
133.15,1.38,0.59,0.89,0.59,0.0,2.89,perishable,high,0.95,25.0,45.1,27.1,0,3,1.2,28.68
233.61,1.32,0.04,0.69,0.55,4.3,8.58,perishable,high,0.53,25.2,2.9,1.7,0,1,1.2,20.41
57.1,1.7,0.32,0.28,0.52,2.62,2.31,medicine,low,0.89,32.4,17.2,11.4,0,1,1.2,16.34
248.97,2.67,0.76,0.94,0.13,6.65,4.83,general,high,0.81,30.1,54.5,29.6,1,1,1.0,59.81
202.84,2.13,0.59,0.49,0.35,0.87,3.85,furniture,high,0.6,30.3,44.7,35.2,0,0,1.0,40.01
146.84,1.5,0.05,0.42,0.39,2.39,0.03,furniture,high,0.72,26.9,2.6,2.8,1,2,1.0,13.96
241.22,1.72,0.42,0.36,0.43,9.67,4.17,furniture,standard,0.73,30.3,20.9,19.9,0,0,1.0,33.79
60.37,2.06,0.01,0.68,0.14,1.75,3.44,general,critical,0.92,26.4,0.8,0.4,1,0,1.0,7.27
113.78,1.42,0.29,0.51,0.38,2.17,1.54,medicine,standard,0.78,29.8,17.8,12.2,0,0,1.2,12.94
309.02,2.71,0.15,0.26,0.51,9.59,3.03,general,high,0.78,33.5,7.4,5.8,0,0,1.0,81.41
138.67,1.27,0.52,0.79,0.51,5.09,0.24,medicine,high,0.73,25.6,41.0,30.0,1,0,1.2,33.42
148.99,1.19,0.37,0.24,0.14,4.19,0.32,general,high,0.69,33.9,22.2,22.0,0,1,1.0,9.8
176.33,1.79,0.51,0.45,0.34,0.08,5.43,furniture,critical,0.89,32.4,35.5,21.9,1,0,1.0,37.99
144.69,1.67,0.19,0.61,0.64,0.82,7.55,perishable,critical,0.94,33.8,12.9,7.0,0,0,1.2,16.5
157.0,2.04,0.57,0.14,0.15,1.16,2.93,perishable,critical,0.79,24.0,41.9,21.0,0,0,1.2,30.48
149.71,1.49,0.3,0.73,0.17,4.24,3.4,general,standard,0.79,36.1,19.9,17.9,1,0,1.0,10.26
151.33,1.22,0.51,0.17,0.38,7.94,0.15,furniture,high,0.88,32.0,34.4,24.7,0,0,1.0,9.17
76.94,1.57,0.55,0.13,0.15,1.16,1.62,medicine,high,0.8,31.2,31.4,27.8,0,0,1.2,15.61
196.86,2.36,0.24,0.49,0.31,0.74,19.0,furniture,standard,0.63,27.5,14.6,9.0,0,2,1.0,57.0
87.43,1.14,0.77,0.52,0.4,0.84,5.04,luxury,standard,0.78,28.8,38.2,41.1,0,0,1.0,7.0
135.72,1.87,0.32,0.39,0.37,1.61,0.83,furniture,standard,0.77,36.0,21.2,13.6,0,1,1.0,26.17
105.89,1.65,0.17,0.46,0.49,1.34,10.7,general,low,0.87,33.2,10.4,6.6,1,1,1.0,20.73
154.78,1.36,0.35,0.17,0.12,3.65,4.95,luxury,critical,0.78,31.9,22.2,19.0,0,0,1.0,9.66
178.25,1.75,0.51,0.66,0.29,2.12,5.23,furniture,high,0.85,34.7,40.4,28.7,0,0,1.0,15.18
167.51,1.27,0.39,0.77,0.29,1.37,5.43,general,critical,0.61,31.1,24.2,19.2,1,1,1.0,15.59
111.86,1.6,0.36,0.29,0.4,0.65,0.35,general,high,0.94,25.5,28.7,17.2,1,0,1.0,16.43
84.74,1.91,0.17,0.26,0.29,4.95,4.51,furniture,high,0.87,31.2,9.7,6.4,0,0,1.0,14.27
13.8,1.14,0.4,0.13,0.39,2.41,1.29,perishable,high,0.89,32.1,20.6,15.9,0,0,1.2,7.03
174.15,1.96,0.17,0.52,0.45,6.99,6.88,medicine,standard,0.69,30.3,13.0,9.2,0,0,1.2,33.88
99.58,1.15,0.16,0.72,0.53,12.39,2.97,medicine,standard,0.86,27.9,8.0,7.1,1,0,1.2,10.5
218.99,2.21,0.34,0.75,0.19,2.28,1.05,perishable,standard,0.72,36.5,22.2,16.9,0,2,1.2,62.2
183.7,1.34,0.33,0.13,0.56,7.34,5.39,perishable,low,0.94,32.8,21.3,17.1,1,1,1.2,23.02
107.91,1.27,0.22,0.97,0.17,2.33,1.39,perishable,high,0.74,27.9,16.4,10.0,1,1,1.2,9.89
79.26,1.69,0.12,0.99,0.09,13.82,4.33,hazmat,standard,0.93,29.6,7.4,6.8,0,1,1.4,19.66
103.14,1.12,0.3,0.84,0.55,1.7,2.96,hazmat,standard,0.78,32.8,21.4,10.8,1,0,1.4,9.87
267.44,2.24,0.43,0.72,0.11,3.43,2.78,perishable,critical,0.84,32.7,31.4,25.0,0,0,1.2,43.02
214.23,1.55,0.14,0.43,0.38,0.03,5.4,medicine,standard,0.81,30.2,8.7,5.8,0,0,1.2,26.01
116.31,1.25,0.75,0.45,0.11,1.38,5.41,perishable,low,0.81,29.6,53.8,34.5,0,0,1.2,16.94
68.03,1.64,0.3,0.92,0.35,0.82,3.39,hazmat,low,0.96,30.0,19.1,10.7,1,0,1.4,19.62
147.27,1.25,0.21,0.35,0.8,6.27,0.57,luxury,high,0.8,33.0,12.7,11.1,1,0,1.0,7.3
116.44,2.3,0.32,0.89,0.38,0.36,2.11,hazmat,critical,0.85,36.7,25.6,14.0,1,0,1.4,52.1
202.07,1.51,0.33,0.24,0.21,4.59,14.69,perishable,high,0.85,28.0,26.4,18.4,0,1,1.2,26.25
46.21,1.85,0.43,0.39,0.41,1.05,1.01,medicine,high,0.74,33.5,31.5,23.4,0,0,1.2,18.01
155.5,2.65,0.33,0.48,0.04,7.59,1.11,perishable,standard,0.79,32.9,26.0,19.6,0,1,1.2,53.52
275.74,2.4,0.06,0.66,0.17,5.4,1.13,medicine,low,0.62,28.0,3.9,3.0,0,1,1.2,83.74
167.73,3.06,0.02,0.77,0.18,7.86,1.18,perishable,standard,0.84,32.2,1.4,1.0,0,0,1.2,63.01
59.1,1.28,0.05,0.22,0.47,0.55,2.01,perishable,critical,0.87,26.0,3.6,2.6,1,0,1.2,3.63
133.76,1.66,0.54,0.46,0.23,6.77,10.2,general,standard,0.69,29.3,30.1,30.1,0,0,1.0,25.34
115.63,1.48,0.34,0.43,0.5,2.49,0.46,furniture,standard,0.62,35.5,17.5,18.2,0,1,1.0,17.66
96.59,2.38,0.5,0.37,0.52,4.36,10.4,hazmat,standard,0.84,25.3,32.9,27.2,1,0,1.4,55.35
122.89,2.59,0.37,0.51,0.39,0.31,1.01,perishable,standard,0.91,30.0,27.5,22.0,0,1,1.2,42.75
138.22,2.96,0.12,0.76,0.13,4.26,2.69,perishable,standard,0.82,29.7,7.0,5.9,0,0,1.2,49.96
237.22,2.21,0.09,0.6,0.08,5.57,7.32,general,critical,0.72,30.2,7.2,4.5,0,0,1.0,33.96
187.18,1.53,0.18,0.55,0.45,27.45,5.47,perishable,critical,0.93,28.3,8.9,7.1,1,0,1.2,19.7
209.67,1.6,0.51,0.57,0.36,11.39,16.78,luxury,high,0.82,29.3,36.5,19.6,1,0,1.0,39.01
189.2,1.69,0.37,0.74,0.33,3.28,1.17,medicine,low,0.89,28.4,28.4,20.3,0,0,1.2,30.05
54.45,1.21,0.48,0.6,0.28,1.58,1.18,general,low,0.83,27.5,25.6,27.8,1,2,1.0,25.55
147.19,1.48,0.32,0.74,0.36,0.79,5.16,general,high,0.91,35.2,16.3,18.2,0,0,1.0,13.42
170.96,3.33,0.17,0.55,0.61,4.22,15.5,perishable,high,0.71,28.4,9.4,8.1,0,1,1.2,82.03
195.82,2.21,0.42,0.72,0.22,3.08,18.4,general,high,0.65,34.7,31.4,21.5,0,1,1.0,42.91
274.32,1.29,0.24,0.86,0.14,3.97,0.62,furniture,standard,0.89,30.7,14.5,9.9,1,1,1.0,17.06
114.5,1.65,0.16,0.17,0.06,3.27,15.23,luxury,critical,0.66,27.0,11.8,6.3,0,0,1.0,8.93
115.61,1.73,0.23,0.78,0.09,11.65,0.16,furniture,high,0.72,33.9,14.1,13.5,0,0,1.0,16.52
146.24,1.42,0.73,0.83,0.46,6.76,0.8,perishable,standard,0.97,31.7,48.1,28.6,1,1,1.2,26.67
97.26,1.56,0.45,0.77,0.55,1.17,4.1,furniture,critical,0.92,30.9,34.9,17.6,0,0,1.0,11.47
80.28,1.26,0.12,0.31,0.53,4.96,2.51,furniture,low,0.83,29.7,8.3,6.5,1,0,1.0,7.27
76.34,1.9,0.09,0.21,0.03,3.23,4.03,perishable,high,0.71,29.8,6.3,5.1,0,3,1.2,19.76
101.1,1.92,0.71,0.92,0.32,8.27,1.13,perishable,low,0.62,32.1,56.4,34.7,0,0,1.2,36.5
39.44,2.49,0.13,0.41,0.42,8.35,2.83,hazmat,standard,0.83,30.3,7.8,7.7,0,0,1.4,20.63
292.95,1.46,0.55,0.26,0.28,1.23,5.21,perishable,critical,0.83,28.9,39.1,28.6,0,0,1.2,29.36
141.17,1.85,0.17,0.71,0.21,3.45,0.81,hazmat,high,0.72,29.7,11.4,10.0,0,2,1.4,34.87
113.27,1.37,0.4,0.88,0.29,3.88,11.06,general,high,0.82,23.2,20.1,14.8,0,0,1.0,11.75
177.75,2.32,0.08,0.99,0.14,2.11,6.69,general,low,0.75,30.5,5.2,3.5,0,0,1.0,52.44
30.07,2.01,0.46,0.59,0.79,0.03,5.53,perishable,critical,0.81,30.7,28.2,22.7,0,0,1.2,9.15
296.41,1.16,0.06,0.89,0.32,26.05,4.63,perishable,high,0.63,29.8,3.9,2.3,1,2,1.2,19.61
195.92,1.73,0.9,0.54,0.31,1.57,0.73,general,critical,0.52,31.1,66.0,36.6,1,0,1.0,35.21
143.52,1.65,0.2,0.59,0.2,6.2,9.55,furniture,standard,0.77,35.0,14.7,10.1,1,1,1.0,20.45
201.87,2.26,0.33,0.61,0.81,10.92,3.15,perishable,standard,0.91,32.1,17.1,17.9,1,0,1.2,39.76
145.2,2.19,0.5,0.89,0.36,1.49,0.44,general,low,0.89,27.8,29.8,20.1,1,0,1.0,45.71
155.33,1.76,0.56,0.32,0.78,9.01,10.57,medicine,high,0.87,30.5,35.0,27.8,0,0,1.2,32.91
133.74,2.19,0.42,0.77,0.17,0.36,4.16,perishable,high,0.89,30.2,28.2,16.2,1,2,1.2,48.63
44.64,1.25,0.36,0.4,0.55,5.29,6.78,furniture,standard,0.81,31.7,18.8,14.5,0,0,1.0,7.0
106.77,1.75,0.56,0.19,0.36,1.92,3.16,furniture,low,0.94,31.1,33.6,28.1,0,0,1.0,20.56
172.0,1.16,0.4,0.98,0.13,3.46,7.19,medicine,high,0.8,34.3,22.1,18.3,1,0,1.2,13.42
209.9,1.49,0.34,0.93,0.16,18.14,7.81,perishable,high,0.93,31.5,19.9,20.1,0,0,1.2,26.22
208.77,1.82,0.27,0.56,0.1,3.89,3.3,perishable,standard,0.88,31.0,16.7,14.0,1,0,1.2,26.59
85.75,1.39,0.2,0.24,0.25,5.92,2.62,hazmat,critical,0.83,30.1,12.6,9.2,0,1,1.4,17.9
138.56,2.15,0.64,0.88,0.5,9.9,3.36,general,critical,0.85,33.2,43.0,38.3,0,0,1.0,27.63
19.71,2.66,0.41,0.46,0.76,0.21,0.37,general,standard,0.85,28.5,26.3,22.3,1,0,1.0,21.4
174.76,1.53,0.35,0.56,0.46,1.07,9.88,hazmat,high,0.96,33.6,25.2,12.4,0,0,1.4,27.85
223.69,1.12,0.38,0.99,0.49,8.87,7.42,perishable,standard,0.87,25.7,22.6,14.9,1,2,1.2,19.2
15.35,2.19,0.3,0.52,0.56,0.65,4.58,luxury,low,0.94,30.2,20.8,11.1,0,0,1.0,7.26
120.38,1.17,0.22,0.23,0.32,1.66,3.92,furniture,standard,0.94,29.6,15.1,8.6,0,0,1.0,4.14
9.77,1.9,0.2,0.7,0.53,6.81,0.22,medicine,standard,0.87,27.8,15.0,7.8,0,1,1.2,15.9
134.09,1.49,0.27,0.6,0.31,1.76,0.03,perishable,low,0.82,28.8,18.1,10.4,0,0,1.2,17.51
167.03,1.07,0.48,0.26,0.52,4.65,1.42,perishable,high,0.69,27.6,28.0,17.4,0,1,1.2,11.5
43.35,1.94,0.09,0.27,0.36,0.73,11.6,perishable,high,0.8,27.8,6.7,4.4,0,4,1.2,32.43
70.02,1.73,0.49,0.93,0.71,4.34,6.39,medicine,high,0.8,26.8,35.7,25.3,0,0,1.2,21.03
262.58,2.41,0.52,0.14,0.45,0.52,2.7,furniture,low,0.74,29.6,29.5,24.7,0,0,1.0,54.45
159.61,1.55,0.04,0.66,0.32,0.45,3.39,medicine,standard,0.97,31.5,2.7,2.0,0,1,1.2,21.42
153.04,1.43,0.79,0.81,0.04,3.71,6.09,general,low,0.8,27.8,39.3,37.7,1,0,1.0,25.46
91.11,1.44,0.13,0.44,0.32,0.88,0.81,medicine,standard,0.76,29.0,9.5,6.4,1,0,1.2,12.64
129.86,1.5,0.32,0.22,0.24,5.68,3.56,hazmat,standard,0.96,32.0,16.8,17.2,0,1,1.4,21.11
163.53,1.21,0.08,0.93,0.64,8.47,2.43,furniture,critical,0.68,30.6,5.7,4.5,1,0,1.0,4.96
235.09,1.15,0.29,0.33,0.33,0.28,9.1,general,critical,0.72,31.6,15.8,12.7,0,0,1.0,11.44
139.06,2.06,0.84,0.26,0.08,1.33,2.27,perishable,high,0.76,30.9,47.7,36.8,0,1,1.2,34.83
144.58,1.42,0.3,0.16,0.3,21.55,2.61,general,high,0.92,27.1,22.9,13.6,0,1,1.0,18.8
241.2,1.87,0.17,0.9,0.56,2.36,5.93,general,standard,0.8,28.8,10.4,9.1,0,1,1.0,36.92
117.91,1.02,0.36,0.59,0.17,3.49,0.61,perishable,standard,0.76,34.5,25.3,15.3,0,0,1.2,3.46
139.29,1.42,0.58,0.45,0.53,7.51,2.31,medicine,high,0.83,30.0,41.8,27.0,0,0,1.2,20.55
16.19,1.77,0.11,0.79,0.39,7.75,17.65,general,high,0.9,32.4,6.5,6.2,1,1,1.0,13.39
258.96,1.22,0.84,0.57,0.06,1.37,0.18,perishable,high,0.73,33.4,51.6,43.4,0,0,1.2,21.03
229.27,2.93,0.92,0.37,0.09,14.7,14.12,furniture,high,0.75,34.9,52.0,36.5,1,0,1.0,86.04
96.67,1.05,0.33,0.45,0.28,4.48,1.75,luxury,critical,0.8,34.7,22.7,18.0,0,0,1.0,5.24
213.67,1.23,0.34,0.78,0.45,6.38,0.34,hazmat,critical,0.6,32.3,25.7,18.5,1,0,1.4,28.28
164.73,2.43,0.01,0.34,0.49,2.32,9.27,furniture,standard,0.95,27.6,0.8,0.4,0,1,1.0,29.88
165.35,1.19,0.24,0.58,0.38,2.36,3.82,hazmat,critical,0.62,34.3,15.7,12.8,1,0,1.4,8.38
214.95,1.07,0.02,0.88,0.3,0.41,2.68,luxury,standard,0.71,32.2,1.5,0.7,0,1,1.0,8.39
70.84,2.11,0.21,0.89,0.72,15.03,8.71,perishable,low,0.78,36.7,16.7,8.3,0,0,1.2,33.71
119.13,2.02,0.4,0.9,0.32,5.64,4.02,furniture,standard,0.86,32.7,20.7,23.3,1,1,1.0,16.8
35.65,1.32,0.44,0.79,0.1,4.69,10.85,luxury,standard,0.84,34.6,34.5,18.3,1,1,1.0,24.8
164.42,1.26,0.2,0.56,0.15,3.21,1.02,general,standard,0.95,34.6,12.8,11.6,0,2,1.0,11.44
112.72,2.75,0.29,0.55,0.15,1.86,1.88,perishable,standard,0.85,24.3,14.6,11.2,1,0,1.2,44.87
53.44,1.45,0.61,0.96,0.28,0.13,1.07,medicine,low,0.7,26.1,47.9,25.0,0,1,1.2,24.92
264.08,1.38,0.17,0.79,0.38,3.76,10.48,hazmat,standard,0.71,26.0,11.3,9.0,1,0,1.4,22.22
123.64,1.61,0.54,0.29,0.08,13.92,3.56,perishable,low,0.69,29.1,40.0,22.7,0,0,1.2,30.91
290.33,2.16,0.51,0.4,0.15,4.12,6.56,general,high,0.74,27.7,30.7,22.9,0,0,1.0,50.09
266.08,1.5,0.64,0.4,0.26,4.01,4.45,perishable,high,0.91,30.7,33.9,28.6,0,1,1.2,42.34
233.82,1.59,0.47,0.8,0.3,5.69,1.84,general,high,0.81,28.3,34.4,26.6,0,1,1.0,25.51
125.82,2.08,0.11,0.52,0.37,12.27,3.28,perishable,critical,0.88,36.2,6.3,5.8,0,0,1.2,18.53
64.96,1.38,0.17,0.76,0.16,0.1,2.89,luxury,standard,0.79,26.8,9.1,10.1,1,1,1.0,9.19
42.07,1.59,0.18,0.14,0.68,9.38,2.78,perishable,low,0.69,27.5,9.4,9.2,0,0,1.2,13.1
21.44,1.66,0.83,0.7,0.27,0.89,7.71,furniture,standard,0.6,30.7,51.6,36.1,1,0,1.0,26.08
54.45,2.27,0.28,0.38,0.16,3.28,9.45,hazmat,critical,0.82,34.4,17.4,15.1,1,0,1.4,16.44
152.12,1.29,0.19,0.3,0.45,0.74,0.73,general,low,0.84,30.2,13.0,6.9,1,0,1.0,8.91
210.88,1.57,0.38,0.7,0.27,0.94,1.21,luxury,low,0.65,27.4,27.2,21.5,0,1,1.0,32.16
199.8,1.06,0.3,0.19,0.37,9.65,1.57,luxury,standard,0.91,35.2,15.2,16.4,0,0,1.0,8.23
207.05,1.36,0.21,0.7,0.38,21.57,0.18,perishable,standard,0.86,36.2,11.6,11.3,0,0,1.2,22.94
182.64,2.06,0.43,0.99,0.32,0.68,0.91,medicine,standard,0.91,25.2,31.3,21.3,0,0,1.2,28.36
86.39,1.6,0.26,0.93,0.16,2.37,24.11,perishable,high,0.9,31.5,16.9,14.1,1,0,1.2,18.98
125.6,1.27,0.13,0.79,0.3,0.89,0.66,perishable,standard,0.7,27.4,9.5,5.3,1,1,1.2,10.43
143.0,1.42,0.18,0.41,0.2,0.79,8.65,general,critical,0.83,24.6,10.0,8.2,0,0,1.0,10.55
53.66,2.22,0.58,0.37,0.52,2.17,12.39,medicine,standard,0.95,22.5,38.5,30.4,1,0,1.2,27.51
247.92,1.65,0.09,0.97,0.32,2.13,6.51,furniture,high,0.86,30.9,5.4,3.9,0,0,1.0,17.9
108.64,1.09,0.19,0.19,0.23,2.11,6.92,perishable,high,0.79,25.9,11.7,7.4,1,1,1.2,5.81
251.0,1.15,0.25,0.29,0.49,6.03,1.27,perishable,standard,0.75,28.8,16.1,11.0,0,0,1.2,9.28
75.73,1.36,0.21,0.85,0.33,0.11,0.19,hazmat,high,0.8,32.2,16.3,9.3,1,0,1.4,11.74
58.36,2.08,0.01,0.55,0.08,1.11,7.73,perishable,standard,0.58,33.8,0.7,0.4,0,0,1.2,23.66
100.44,1.56,0.34,0.91,0.24,6.88,0.55,perishable,high,0.73,30.1,20.5,14.1,0,0,1.2,18.01
106.13,1.48,0.32,0.43,0.34,6.04,13.74,general,standard,0.79,32.8,22.0,12.0,0,0,1.0,17.11
42.99,1.53,0.11,0.38,0.37,2.56,2.27,furniture,standard,0.67,29.3,7.0,4.3,0,0,1.0,5.2
210.6,1.57,0.31,0.63,0.45,6.73,5.36,hazmat,high,0.83,26.6,23.5,11.6,1,0,1.4,24.04
217.78,1.58,0.21,0.72,0.23,2.29,0.0,general,standard,0.82,31.7,11.5,10.4,0,2,1.0,21.32
213.82,1.54,0.64,0.7,0.04,2.93,0.81,hazmat,high,0.78,28.4,35.9,37.5,0,0,1.4,32.14
76.21,1.55,0.58,0.33,0.42,7.97,0.79,luxury,standard,0.85,33.3,39.7,30.5,0,2,1.0,15.89
70.36,1.94,0.34,0.86,0.25,1.03,0.31,perishable,standard,0.91,30.3,21.3,14.3,1,0,1.2,15.63
166.41,2.54,0.21,0.51,0.23,4.77,0.01,perishable,high,0.7,25.7,13.0,9.3,0,3,1.2,48.99
163.25,1.2,0.14,0.17,0.3,5.71,0.8,medicine,high,0.68,34.7,11.0,8.3,1,0,1.2,9.05
210.38,1.43,0.17,0.6,0.73,1.3,5.81,hazmat,standard,0.94,28.6,9.9,6.0,0,0,1.4,17.52
66.9,1.44,0.21,0.36,0.13,0.47,0.79,general,standard,0.7,34.1,16.1,8.3,0,0,1.0,7.11
218.78,1.73,0.08,0.63,0.37,1.2,7.2,furniture,low,0.66,30.1,4.9,4.1,0,0,1.0,24.01
197.59,1.34,0.06,0.27,0.46,4.6,2.6,furniture,critical,0.72,32.6,4.1,2.8,0,0,1.0,10.16
102.68,1.2,0.51,0.84,0.54,6.99,0.49,general,standard,0.9,29.8,26.5,23.0,1,0,1.0,18.15
81.13,1.73,0.44,0.26,0.06,0.92,11.57,perishable,standard,0.86,31.5,22.3,22.2,0,1,1.2,21.13
255.43,1.66,0.36,0.48,0.09,0.97,2.94,perishable,high,0.84,31.6,20.8,19.2,1,1,1.2,26.63
82.37,1.32,0.57,0.13,0.13,0.46,7.4,hazmat,high,0.83,31.3,32.4,23.7,0,1,1.4,23.39
184.67,1.62,0.24,0.68,0.1,8.21,3.81,perishable,high,0.93,29.3,16.6,10.6,0,0,1.2,23.58
63.58,3.03,0.26,0.18,0.28,0.58,1.39,luxury,standard,0.86,29.8,13.4,12.6,1,1,1.0,26.18
140.59,2.18,0.38,0.75,0.43,8.72,5.21,luxury,high,0.82,26.7,27.7,14.3,0,1,1.0,20.73
156.86,1.47,0.28,0.7,0.3,10.95,2.63,perishable,high,0.81,24.8,20.4,14.4,0,0,1.2,13.95
95.44,2.13,0.46,0.48,0.36,3.4,11.25,furniture,high,0.91,29.2,25.4,21.9,0,0,1.0,24.65
156.21,1.25,0.75,0.54,0.32,0.89,1.56,general,standard,0.7,34.7,52.8,29.6,0,1,1.0,14.74
121.27,1.09,0.07,0.85,0.62,16.73,6.58,general,standard,0.82,27.7,3.6,4.0,1,1,1.0,7.79
148.3,1.55,0.41,0.33,0.56,14.8,1.15,medicine,standard,0.75,30.9,22.3,23.4,0,0,1.2,21.45
252.44,2.31,0.38,0.67,0.6,1.25,1.65,perishable,standard,0.72,30.0,26.0,20.1,1,0,1.2,75.02
58.12,1.56,0.09,0.62,0.37,1.67,1.34,general,standard,0.74,32.4,5.9,4.7,0,0,1.0,5.48
128.9,1.91,0.11,0.75,0.61,0.51,7.74,medicine,low,0.8,34.5,5.8,5.2,1,0,1.2,34.67
94.21,1.47,0.21,0.46,0.31,7.95,6.59,hazmat,low,0.84,27.9,15.4,8.5,1,0,1.4,23.7
180.33,1.4,0.46,0.89,0.2,5.57,1.95,luxury,standard,0.69,30.0,27.8,21.4,0,1,1.0,17.11
104.59,1.8,0.56,0.31,0.15,0.0,9.72,furniture,high,0.8,28.1,39.1,19.7,1,1,1.0,38.71
31.19,1.66,0.4,0.82,0.62,0.15,5.05,perishable,standard,0.96,26.9,27.9,21.8,1,1,1.2,27.66
228.3,1.51,0.24,0.64,0.35,0.61,0.45,medicine,high,0.79,28.7,17.1,10.4,1,1,1.2,22.93
239.17,1.43,0.07,0.82,0.72,12.96,0.77,medicine,low,0.79,30.7,4.7,3.6,1,3,1.2,26.85
229.49,1.82,0.15,0.97,0.05,0.43,3.2,general,critical,0.92,34.0,10.1,7.9,0,1,1.0,17.98
153.41,1.52,0.53,0.1,0.37,1.7,1.75,general,standard,0.78,27.6,36.0,21.8,0,0,1.0,23.43
249.73,1.69,0.48,0.13,0.39,8.96,6.1,furniture,high,0.68,30.7,31.6,20.2,0,0,1.0,30.47
24.75,1.67,0.27,0.1,0.23,1.73,4.51,hazmat,high,0.71,25.4,17.1,13.1,1,0,1.4,10.46
53.9,1.11,0.06,0.38,0.29,0.45,3.8,general,low,0.74,27.7,3.8,2.7,0,1,1.0,2.73
46.25,1.8,0.32,0.45,0.64,4.84,6.28,luxury,high,0.76,32.6,21.1,17.1,0,1,1.0,14.01
115.2,1.07,0.54,0.44,0.19,4.13,2.48,medicine,standard,0.88,32.2,31.4,25.4,0,2,1.2,18.7
70.65,2.34,0.76,0.14,0.6,5.85,1.19,general,standard,0.92,32.0,54.5,28.6,0,0,1.0,16.56
30.05,1.07,0.46,0.91,0.5,3.41,0.1,hazmat,high,0.73,35.7,24.9,24.9,0,0,1.4,14.56
74.82,1.52,0.05,0.22,0.14,26.54,1.53,general,critical,0.87,36.1,2.6,1.9,0,0,1.0,11.04
80.11,1.19,0.0,0.59,0.4,1.44,3.14,general,standard,0.85,27.7,0.0,0.0,0,0,1.0,5.18
116.32,3.2,0.24,0.91,0.35,2.67,13.97,perishable,critical,0.98,26.1,11.9,11.6,0,0,1.2,42.44
238.18,1.83,0.24,0.59,0.64,1.85,8.84,general,high,0.91,24.6,12.2,11.1,1,0,1.0,23.07
279.55,2.1,0.43,0.43,0.22,8.58,2.38,general,high,0.94,25.9,25.2,15.2,0,0,1.0,42.58
145.37,1.82,0.14,0.73,0.28,2.1,1.72,general,high,0.74,29.6,9.9,7.0,0,0,1.0,20.49
173.18,1.71,0.27,1.0,0.41,0.32,0.39,general,critical,0.62,30.7,16.7,10.2,1,0,1.0,16.03
257.06,2.69,0.08,0.64,0.69,0.18,4.08,luxury,standard,0.81,29.2,4.3,3.6,0,1,1.0,66.55
56.4,2.34,0.17,0.68,0.37,7.04,2.73,furniture,low,0.77,32.9,11.8,7.9,0,0,1.0,13.98
209.81,2.02,0.14,0.26,0.58,8.11,0.13,perishable,high,0.7,29.7,10.9,6.8,0,0,1.2,36.46
122.82,1.4,0.23,0.34,0.34,2.35,0.79,general,high,0.78,29.7,18.1,8.4,0,1,1.0,13.46
151.37,1.82,0.38,0.82,0.23,2.49,1.69,perishable,low,0.83,33.0,28.6,14.7,0,2,1.2,32.34
62.95,1.32,0.13,0.78,0.08,0.95,23.41,furniture,standard,0.72,29.1,6.4,4.6,0,1,1.0,10.11
59.57,1.35,0.08,0.31,0.04,2.32,3.34,perishable,critical,0.74,28.0,5.5,3.7,0,0,1.2,7.77
107.36,1.64,0.62,0.56,0.37,1.6,2.08,general,standard,0.79,27.0,31.6,29.9,0,0,1.0,14.81
105.11,1.74,0.17,0.89,0.29,8.52,2.76,luxury,high,0.8,32.4,11.7,9.6,1,0,1.0,13.25
81.6,1.45,0.19,0.26,0.35,2.39,0.56,general,standard,0.77,34.8,10.6,9.2,0,1,1.0,10.04
80.17,2.16,0.5,0.75,0.27,9.27,5.49,perishable,low,0.9,28.0,34.6,21.2,0,2,1.2,41.23
112.92,1.91,0.29,0.41,0.28,0.92,8.08,general,high,0.75,30.2,20.9,13.1,0,0,1.0,21.77
134.87,1.64,0.04,0.16,0.16,2.86,6.47,general,high,0.74,26.6,2.7,2.0,1,0,1.0,14.4
119.2,1.23,0.08,0.35,0.57,0.59,14.36,furniture,standard,0.87,25.1,5.1,4.5,0,0,1.0,12.96
24.58,2.4,0.42,0.48,0.19,26.72,8.49,general,standard,0.93,29.3,30.0,20.1,0,1,1.0,14.63
107.51,2.45,0.07,0.77,0.15,4.6,2.51,luxury,standard,0.57,24.9,4.8,3.4,1,0,1.0,23.67
176.04,2.36,0.48,0.21,0.09,2.24,0.16,perishable,low,0.85,30.9,30.4,27.1,0,1,1.2,59.97
194.67,1.67,0.64,0.87,0.15,3.4,1.76,medicine,critical,0.82,33.5,44.7,27.3,0,0,1.2,30.07
308.88,2.02,0.01,0.39,0.1,0.12,0.53,medicine,high,0.63,26.4,0.7,0.4,0,0,1.2,43.27
172.59,2.84,0.08,0.24,0.27,0.51,6.5,perishable,standard,0.8,26.5,5.3,3.7,0,0,1.2,37.27
180.6,1.26,0.3,0.43,0.09,7.62,7.86,hazmat,standard,0.62,33.9,22.7,10.9,1,0,1.4,22.85
162.97,2.09,0.13,0.93,0.36,2.59,2.1,medicine,high,0.87,28.6,8.1,7.7,0,1,1.2,30.87
32.53,1.19,0.3,0.61,0.09,1.38,0.58,furniture,high,0.76,32.9,15.4,10.8,1,1,1.0,8.43
215.55,1.95,0.11,0.42,0.13,0.26,5.77,luxury,standard,0.83,32.3,8.6,5.9,1,1,1.0,25.16
152.01,1.49,0.64,0.49,0.16,7.52,1.77,perishable,standard,0.89,28.4,31.6,26.1,0,1,1.2,22.48
53.22,1.17,0.17,0.76,0.52,2.27,2.91,medicine,high,0.61,34.8,9.3,7.1,1,1,1.2,5.94
264.58,1.42,0.52,0.14,0.22,8.33,0.06,medicine,critical,0.86,26.6,27.2,20.1,0,0,1.2,21.52
32.21,1.88,0.38,0.96,0.32,0.46,6.61,general,high,0.9,31.0,25.2,19.9,0,1,1.0,16.52
105.73,2.37,0.08,0.85,0.17,1.92,13.31,perishable,high,0.73,33.7,6.3,4.0,1,0,1.2,34.31
190.97,1.72,0.35,0.9,0.26,5.25,3.33,general,standard,0.96,28.4,23.1,13.1,0,1,1.0,25.08
85.43,1.84,0.25,0.7,0.75,1.59,0.89,perishable,high,0.78,27.5,14.0,13.6,0,2,1.2,29.38
100.62,2.35,0.18,0.63,0.54,2.8,3.58,general,high,0.93,29.9,14.3,10.6,0,0,1.0,17.17
192.56,1.56,0.47,0.41,0.76,5.95,10.58,general,high,0.67,33.9,26.4,25.8,0,0,1.0,17.49
121.78,2.92,0.45,0.37,0.23,3.42,1.76,general,high,0.87,29.8,34.8,20.0,0,0,1.0,33.22
219.47,2.15,0.21,0.18,0.31,6.77,5.21,luxury,high,0.91,27.1,10.3,10.3,1,1,1.0,28.71
185.9,1.79,0.21,0.13,0.49,0.29,7.48,medicine,low,0.95,24.9,16.7,8.1,0,0,1.2,28.38
119.65,1.43,0.5,0.15,0.5,12.59,0.72,luxury,low,0.85,29.9,35.4,19.0,0,0,1.0,14.11
37.99,1.42,0.26,0.26,0.24,29.06,2.44,medicine,high,0.8,33.2,12.8,13.9,1,1,1.2,11.36
73.16,1.39,0.32,0.25,0.32,14.09,0.06,general,standard,0.78,28.9,25.0,17.0,1,1,1.0,11.17
190.09,1.15,0.4,0.81,0.31,1.34,8.12,perishable,standard,0.68,33.6,29.5,21.3,0,0,1.2,12.3
276.5,2.13,0.17,0.19,0.07,14.58,4.35,luxury,low,0.95,29.2,12.9,7.9,1,2,1.0,54.14
18.52,1.41,0.7,0.79,0.15,1.18,1.13,furniture,high,0.75,29.4,52.3,31.9,1,0,1.0,18.38
209.72,2.14,0.24,0.5,0.65,3.5,8.6,furniture,standard,0.83,32.2,13.9,12.9,0,0,1.0,35.26
55.47,1.4,0.08,0.96,0.13,8.08,0.24,perishable,high,0.71,31.4,4.7,4.1,0,0,1.2,8.65
177.37,2.51,0.04,0.64,0.18,5.58,0.27,perishable,high,0.8,27.3,2.6,2.0,0,0,1.2,41.31
264.57,2.01,0.81,0.6,0.09,3.36,0.85,medicine,standard,0.77,27.7,41.9,41.0,0,1,1.2,66.89
212.09,1.09,0.19,0.68,0.17,1.65,1.31,furniture,standard,0.63,29.3,13.2,9.0,0,0,1.0,3.93
40.7,1.92,0.73,0.54,0.65,19.51,4.75,medicine,low,0.65,30.3,42.6,37.2,0,0,1.2,32.65
212.38,1.44,0.44,0.61,0.24,6.0,5.52,general,standard,0.65,28.8,23.8,20.8,1,1,1.0,26.25
107.05,1.41,0.21,0.74,0.39,1.11,0.45,general,high,0.89,29.7,10.6,10.6,1,1,1.0,16.42
144.18,1.29,0.37,0.86,0.53,2.64,8.58,general,standard,0.9,30.1,21.9,13.4,0,0,1.0,12.75
96.08,2.41,0.41,0.93,0.05,2.63,5.87,luxury,critical,0.9,28.7,20.3,19.1,1,0,1.0,18.35
234.85,1.88,0.22,0.72,0.13,11.58,4.17,general,low,0.86,27.9,17.0,10.0,0,1,1.0,43.68
279.32,2.76,0.12,0.93,0.2,0.41,0.05,medicine,standard,0.84,26.0,6.4,6.9,0,0,1.2,75.87
208.05,1.36,0.35,0.59,0.47,1.96,0.4,perishable,standard,0.85,33.8,17.9,17.1,1,1,1.2,16.74
280.11,1.71,0.27,0.31,0.36,0.99,3.23,general,critical,0.9,28.2,14.7,12.4,0,1,1.0,19.05
251.46,2.51,0.39,0.4,0.58,14.88,6.2,medicine,standard,0.7,31.9,20.5,22.1,0,0,1.2,65.29
70.53,1.19,0.33,0.88,0.14,4.26,6.09,perishable,low,0.74,29.5,26.2,14.4,0,0,1.2,14.29
171.62,2.26,0.12,0.68,0.07,5.68,5.55,perishable,low,0.69,29.1,9.1,6.1,0,0,1.2,44.07
192.91,2.12,0.4,0.35,0.29,0.98,1.4,hazmat,standard,0.89,33.8,22.3,21.7,0,0,1.4,44.84
304.94,2.27,0.45,0.62,0.29,3.17,0.56,perishable,low,0.62,35.0,31.1,23.1,0,1,1.2,86.25
244.08,1.06,0.19,0.7,0.08,4.75,0.25,hazmat,low,0.76,31.4,11.9,10.7,1,0,1.4,7.0
92.87,2.6,0.15,1.0,0.16,1.04,2.71,perishable,low,0.93,23.9,7.5,7.9,1,0,1.2,33.6
118.17,2.02,0.18,0.56,0.29,11.14,2.36,furniture,critical,0.85,33.0,13.7,7.6,0,0,1.0,16.21
166.17,1.74,0.05,0.91,0.23,0.02,3.81,luxury,high,0.79,32.4,2.5,2.6,0,0,1.0,15.68
215.39,2.89,0.14,0.41,0.18,0.93,3.73,furniture,high,0.76,27.8,8.6,6.3,1,0,1.0,58.93
159.32,1.15,0.13,0.67,0.06,14.92,7.4,perishable,standard,0.8,30.0,10.1,7.1,1,0,1.2,9.9
207.63,1.95,0.03,0.81,0.03,4.18,5.9,general,low,0.94,34.1,1.6,1.3,0,0,1.0,31.64
145.0,1.77,0.71,0.94,0.52,2.52,3.64,perishable,low,0.87,24.5,42.6,31.0,0,0,1.2,32.4
74.69,1.82,0.28,0.53,0.08,4.14,12.3,general,standard,0.63,34.1,15.5,16.3,0,2,1.0,23.38
96.14,1.02,0.39,0.87,0.57,5.47,2.56,hazmat,high,0.92,24.9,20.9,23.0,1,1,1.4,17.98
130.11,2.87,0.24,0.57,0.38,3.42,12.45,luxury,high,0.77,28.9,14.0,13.0,1,0,1.0,39.28
142.4,1.25,0.65,0.68,0.3,3.32,1.08,general,low,0.74,28.3,40.6,37.5,1,0,1.0,30.02
40.92,1.34,0.31,0.32,0.12,2.49,19.27,perishable,standard,0.95,28.9,23.1,14.0,1,0,1.2,11.08
164.96,2.22,0.33,0.84,0.34,0.6,4.23,furniture,low,0.69,29.4,16.7,15.3,0,0,1.0,41.29
221.33,1.8,0.19,0.97,0.24,0.84,0.04,general,high,0.92,29.1,11.7,6.9,0,0,1.0,26.29
69.17,1.46,0.06,0.8,0.24,1.39,1.21,general,high,0.76,32.7,3.9,2.7,0,0,1.0,5.87
59.06,1.17,0.1,0.34,0.3,7.9,6.63,perishable,standard,0.67,34.7,6.0,4.7,0,0,1.2,6.31
257.51,1.57,0.39,0.17,0.42,2.51,0.76,perishable,standard,0.66,29.4,21.6,17.0,1,0,1.2,29.77
148.29,2.13,0.39,0.15,0.33,7.34,3.57,perishable,high,0.86,32.1,22.8,19.0,0,0,1.2,28.14
175.71,1.83,0.39,0.74,0.47,6.3,3.92,perishable,critical,0.65,26.4,29.7,15.9,0,0,1.2,29.36
108.73,2.22,0.05,0.81,0.49,6.63,0.61,luxury,standard,0.79,32.2,3.7,2.1,0,0,1.0,21.75
68.9,1.59,0.59,0.7,0.55,6.18,4.51,furniture,standard,0.66,26.5,37.2,32.9,0,0,1.0,16.59
205.6,1.53,0.19,0.7,0.39,0.15,0.5,hazmat,standard,0.84,34.1,10.5,7.7,1,0,1.4,28.25
56.59,2.38,0.37,0.93,0.38,10.88,2.18,luxury,standard,0.85,29.3,28.9,20.6,1,1,1.0,36.05
244.84,1.58,0.71,0.5,0.3,2.05,2.0,general,high,0.7,26.9,39.4,37.9,0,0,1.0,23.31
85.99,1.1,0.42,0.54,0.1,6.53,1.09,general,standard,0.98,33.7,33.1,19.5,0,0,1.0,4.9
87.19,1.91,0.21,0.32,0.1,2.41,0.27,hazmat,standard,0.81,26.3,15.8,8.9,1,1,1.4,22.45
182.94,1.58,0.51,1.0,0.2,4.4,0.96,general,critical,0.86,26.8,27.7,27.3,1,0,1.0,20.83
282.25,2.01,0.2,0.95,0.33,4.04,2.95,medicine,high,0.9,32.3,13.1,7.9,1,0,1.2,45.8
77.94,1.38,0.02,0.31,0.58,15.1,3.35,hazmat,standard,0.69,30.3,1.0,0.7,1,0,1.4,10.67
55.15,2.58,0.14,0.3,0.1,10.54,0.09,perishable,standard,0.74,26.4,11.2,5.4,1,0,1.2,21.2
143.75,1.71,0.41,0.8,0.4,10.89,7.17,luxury,standard,0.65,26.2,26.9,15.3,0,1,1.0,26.45
162.89,1.41,0.41,0.27,0.7,25.16,8.32,perishable,standard,0.86,28.2,20.2,24.4,0,0,1.2,20.59
130.58,1.44,0.34,0.28,0.5,4.38,3.37,medicine,high,0.83,34.8,19.6,12.0,1,0,1.2,21.76
241.88,1.6,0.74,0.87,0.47,5.63,15.85,medicine,standard,0.61,29.1,41.3,38.3,0,0,1.2,38.84
128.65,1.53,0.04,0.63,0.32,6.45,24.04,hazmat,high,0.68,28.4,2.8,1.9,0,0,1.4,17.36
219.87,2.07,0.01,0.35,0.28,2.56,0.36,furniture,standard,0.67,26.8,0.6,0.4,1,0,1.0,26.99
33.58,1.58,0.61,0.46,0.46,1.69,13.14,perishable,standard,0.91,31.0,47.3,24.7,0,1,1.2,16.22
135.42,1.29,0.41,0.25,0.47,7.81,2.35,general,critical,0.7,32.2,23.6,15.5,0,0,1.0,14.57
66.72,2.31,0.59,0.63,0.36,3.1,3.75,perishable,standard,0.79,26.7,47.4,25.4,0,2,1.2,32.79
181.02,1.31,0.11,0.24,0.13,0.03,1.47,perishable,standard,0.74,28.2,8.6,4.1,0,2,1.2,24.17
125.88,1.29,0.78,0.39,0.29,2.06,1.16,hazmat,critical,0.7,25.6,49.7,29.9,0,1,1.4,17.85
177.98,1.05,0.45,0.97,0.56,1.3,8.04,luxury,high,0.9,24.5,32.3,16.7,0,1,1.0,12.86
44.4,2.92,0.03,0.61,0.62,5.51,4.75,perishable,critical,0.91,26.9,1.7,1.6,0,2,1.2,17.83
131.17,1.63,0.13,0.41,0.21,7.77,7.43,perishable,high,0.85,32.3,10.0,7.4,0,0,1.2,19.6
159.63,1.6,0.2,0.93,0.46,3.15,0.15,hazmat,standard,0.79,28.3,15.7,11.3,1,2,1.4,24.92
108.11,1.96,0.36,0.43,0.56,4.36,14.15,general,low,0.77,36.0,21.8,13.1,0,0,1.0,28.8
113.65,1.13,0.79,0.75,0.33,0.03,3.7,perishable,standard,0.85,25.3,61.3,44.1,0,0,1.2,22.17
161.97,1.77,0.29,0.4,0.31,3.31,4.41,general,high,0.68,28.5,22.6,16.8,1,1,1.0,25.28
241.65,1.41,0.15,0.37,0.09,2.07,0.4,perishable,standard,0.69,32.2,11.2,5.5,0,0,1.2,17.28
125.31,1.44,0.2,0.53,0.36,12.3,2.31,luxury,critical,0.85,28.5,13.9,9.3,0,0,1.0,10.02
176.73,2.38,0.54,0.6,0.36,20.86,2.89,general,low,0.9,26.6,36.1,23.4,1,0,1.0,56.56
133.44,1.93,0.29,0.49,0.31,0.28,8.19,general,high,0.74,28.2,14.3,11.1,1,1,1.0,18.27
98.76,2.75,0.1,0.85,0.36,2.06,0.31,perishable,high,0.92,24.9,6.0,4.5,0,2,1.2,38.08
195.0,2.24,0.2,0.72,0.26,1.15,2.05,furniture,low,0.91,31.1,11.0,11.5,0,0,1.0,32.39
131.84,1.09,0.5,0.97,0.03,2.37,2.21,general,standard,0.91,30.6,32.6,25.3,0,2,1.0,13.33
219.92,1.02,0.14,0.44,0.23,7.58,4.28,luxury,high,0.67,28.9,8.2,6.7,1,2,1.0,5.1
130.36,1.2,0.23,0.59,0.6,2.42,5.09,general,high,0.76,30.3,11.9,9.3,0,0,1.0,3.85
128.61,1.83,0.33,0.88,0.15,18.79,3.66,perishable,high,0.86,33.2,23.3,14.7,0,0,1.2,23.79
144.5,1.48,0.17,0.35,0.34,6.97,3.87,general,low,0.62,24.5,9.3,6.3,0,2,1.0,23.28
56.26,2.44,0.24,0.77,0.21,0.96,0.12,luxury,standard,0.69,33.7,18.9,10.2,0,0,1.0,18.46
193.53,2.86,0.18,0.63,0.04,20.39,2.16,general,critical,0.8,29.6,14.1,7.8,1,0,1.0,35.44
136.03,1.78,0.3,0.63,0.11,0.39,1.85,medicine,standard,0.59,26.6,17.4,13.2,1,1,1.2,25.11
181.88,1.99,0.58,0.34,0.47,8.48,2.13,luxury,high,0.68,34.2,41.5,32.8,0,1,1.0,29.41
190.39,2.02,0.61,0.34,0.54,0.38,3.76,medicine,critical,0.77,25.7,33.3,33.6,1,1,1.2,44.7
232.17,1.39,0.61,0.94,0.12,0.6,13.03,perishable,standard,0.69,35.6,46.8,22.8,0,0,1.2,19.0
48.7,1.27,0.01,0.14,0.5,0.36,2.9,medicine,low,0.78,24.5,0.7,0.4,0,0,1.2,6.48
62.09,1.1,0.21,0.59,0.29,6.55,1.22,medicine,low,0.66,32.2,16.6,9.6,1,0,1.2,5.66
75.24,1.77,0.22,0.72,0.21,6.55,0.72,luxury,high,0.71,30.5,15.2,7.7,0,0,1.0,6.48
174.03,1.89,0.39,0.26,0.34,10.84,1.42,perishable,standard,0.72,29.4,28.1,19.2,0,0,1.2,36.18
139.43,1.42,0.27,0.58,0.19,3.8,5.31,perishable,standard,0.93,25.3,14.5,12.9,0,0,1.2,14.36
36.02,1.89,0.44,0.91,0.45,2.56,0.39,perishable,high,0.67,32.5,30.2,16.9,0,0,1.2,16.32
229.21,2.21,0.44,0.83,0.51,1.08,1.98,general,critical,0.77,31.6,29.2,21.3,0,1,1.0,37.28
104.64,1.42,0.13,0.89,0.1,0.09,4.16,perishable,high,0.84,31.8,9.5,5.4,0,0,1.2,12.49
99.96,2.07,0.41,0.47,0.31,5.14,2.47,perishable,standard,0.82,26.7,28.2,17.5,0,0,1.2,24.25
90.8,1.34,0.3,0.66,0.43,4.7,1.34,perishable,standard,0.9,30.1,16.8,16.4,0,0,1.2,12.86
52.92,1.72,0.31,0.27,0.26,0.08,0.05,luxury,high,0.93,26.3,20.0,12.0,0,1,1.0,11.97
72.63,1.83,0.49,0.88,0.12,2.7,3.53,hazmat,high,0.85,28.1,36.8,22.1,0,0,1.4,28.77
76.22,1.23,0.35,0.24,0.23,5.59,2.41,general,standard,0.67,26.9,22.0,17.4,0,0,1.0,7.66
192.89,1.73,0.26,0.21,0.54,1.38,1.54,furniture,standard,0.87,31.0,14.6,11.2,0,2,1.0,25.0
138.39,1.03,0.46,0.83,0.2,0.84,1.76,hazmat,low,0.67,32.7,32.5,25.8,0,1,1.4,22.84
128.13,2.87,0.4,0.42,0.25,5.35,0.68,general,standard,0.73,33.9,30.9,17.3,0,0,1.0,39.7
181.6,1.61,0.81,0.76,0.3,9.78,2.11,luxury,low,0.53,31.6,51.4,32.6,0,3,1.0,46.55
203.93,2.12,0.46,0.98,0.07,3.27,5.99,furniture,standard,0.68,31.0,32.0,19.4,0,1,1.0,33.3
208.52,1.86,0.29,0.41,0.24,6.3,5.82,general,critical,0.83,26.8,17.5,12.9,1,0,1.0,22.44
166.53,2.15,0.16,0.95,0.5,9.16,1.33,luxury,standard,0.74,31.0,11.9,6.7,0,2,1.0,31.12
212.45,1.53,0.13,0.33,0.18,6.82,1.35,furniture,high,0.72,30.2,9.9,7.1,0,0,1.0,16.61
222.96,1.56,0.25,0.8,0.58,13.82,1.72,luxury,critical,0.66,34.7,15.4,12.5,0,2,1.0,26.84
205.29,2.13,0.34,0.6,0.33,0.22,10.64,perishable,standard,0.93,27.7,23.6,13.7,1,0,1.2,44.15
49.51,1.82,0.07,0.8,0.17,14.98,1.43,luxury,high,0.88,29.7,4.5,2.9,1,0,1.0,11.85
158.85,2.42,0.47,0.32,0.34,12.7,0.47,furniture,high,0.95,25.8,27.9,27.9,0,0,1.0,29.57
115.69,1.77,0.07,0.8,0.41,15.19,8.28,general,standard,0.74,26.2,4.1,4.1,0,0,1.0,18.05
49.18,1.38,0.11,0.75,0.36,10.41,5.19,general,standard,0.89,29.1,6.5,4.5,1,0,1.0,4.1
79.51,1.56,0.43,0.19,0.25,3.22,0.33,furniture,standard,0.92,28.0,32.9,23.4,0,0,1.0,8.34
220.43,1.4,0.4,0.66,0.05,0.72,8.63,hazmat,standard,0.85,33.6,21.8,20.8,0,0,1.4,33.08
113.65,2.44,0.24,0.45,0.17,12.44,8.23,luxury,low,0.83,30.9,13.9,12.4,0,0,1.0,37.84
124.92,1.27,0.36,0.89,0.44,2.23,1.21,hazmat,standard,0.85,26.0,21.7,15.6,0,3,1.4,28.47
92.17,1.29,0.46,0.4,0.23,18.61,0.24,luxury,high,0.54,31.0,29.8,17.0,0,0,1.0,9.79
213.33,1.8,0.3,0.74,0.27,1.64,3.85,hazmat,critical,0.76,30.1,19.6,17.6,1,0,1.4,28.16
141.36,1.15,0.66,0.63,0.6,3.1,2.29,luxury,standard,0.86,33.8,38.7,30.4,0,0,1.0,9.73
214.57,2.9,0.42,0.66,0.17,5.1,14.39,hazmat,high,0.96,24.4,32.2,23.0,1,0,1.4,100.84
237.01,1.41,0.42,0.22,0.31,1.89,3.09,general,high,0.91,33.7,26.0,18.5,0,1,1.0,18.06
38.78,1.84,0.1,0.31,0.23,12.28,2.67,luxury,critical,0.64,33.3,7.3,3.7,0,2,1.0,15.4
69.96,1.64,0.72,0.68,0.31,0.01,4.21,general,standard,0.88,28.9,46.8,26.1,0,0,1.0,13.64
185.59,1.97,0.56,0.13,0.11,5.33,6.5,perishable,low,0.87,36.8,36.4,25.0,1,0,1.2,53.06
45.75,1.23,0.26,0.91,0.83,1.86,13.04,perishable,standard,0.91,27.0,20.2,13.3,1,0,1.2,6.99
165.57,1.67,0.01,0.75,0.15,0.86,9.66,general,critical,0.92,36.6,0.5,0.6,0,2,1.0,17.12
181.09,2.48,0.08,0.17,0.23,10.82,2.41,hazmat,standard,0.86,26.8,5.4,3.8,1,0,1.4,34.24
62.29,2.08,0.56,0.63,0.6,6.7,5.05,perishable,standard,0.88,29.1,31.5,28.1,1,0,1.2,29.3
151.67,1.24,0.24,1.0,0.29,2.75,15.69,perishable,high,0.85,26.8,17.3,10.0,1,0,1.2,18.47
221.7,2.1,0.61,0.18,0.53,13.71,0.04,perishable,critical,0.76,32.3,34.3,28.2,0,0,1.2,47.59
97.08,1.52,0.14,0.12,0.44,1.54,0.25,perishable,high,0.67,31.2,7.9,7.6,1,1,1.2,9.95
103.84,1.51,0.72,0.42,0.2,1.81,1.97,medicine,standard,0.81,30.6,51.1,27.0,1,1,1.2,38.01
15.45,2.28,0.3,0.52,0.42,1.94,3.3,perishable,standard,0.72,28.8,20.1,17.9,1,0,1.2,14.16
152.91,1.21,0.55,0.6,0.2,2.79,8.02,luxury,critical,0.8,30.6,27.0,23.8,0,0,1.0,17.36
33.29,1.58,0.05,0.51,0.38,2.45,0.33,furniture,standard,0.73,32.2,3.6,2.2,0,0,1.0,5.22
195.04,1.66,0.22,0.68,0.15,0.31,2.96,furniture,high,0.75,33.7,13.1,8.1,1,1,1.0,15.94
81.07,1.36,0.37,0.8,0.08,2.87,0.17,perishable,low,0.85,29.3,20.7,13.3,0,1,1.2,18.53
188.34,1.61,0.47,0.15,0.37,1.99,25.0,hazmat,low,0.85,25.7,37.4,19.2,0,0,1.4,47.67
124.14,1.67,0.19,0.48,0.18,10.4,9.85,general,standard,0.93,27.5,14.0,11.2,0,0,1.0,11.93
143.54,1.47,0.35,0.23,0.21,13.23,6.69,general,standard,0.81,31.9,26.2,20.3,1,0,1.0,30.33
90.18,1.98,0.37,0.69,0.38,9.39,0.22,luxury,standard,0.95,26.2,20.7,19.5,1,1,1.0,19.76
94.3,2.88,0.21,0.7,0.45,0.42,6.05,general,standard,0.89,32.7,14.7,8.4,1,0,1.0,29.27
51.51,1.99,0.59,0.83,0.33,10.06,1.36,medicine,low,0.66,34.8,30.7,25.9,0,0,1.2,29.52
23.95,2.01,0.17,0.87,0.44,2.96,0.71,luxury,standard,0.55,30.4,11.9,6.5,0,0,1.0,15.34
116.29,2.66,0.3,1.0,0.32,5.73,6.32,luxury,low,0.82,30.3,23.9,14.4,0,0,1.0,39.0
176.62,1.67,0.5,0.16,0.19,3.37,0.18,furniture,high,0.89,28.4,25.0,19.3,0,0,1.0,19.29
138.43,1.79,0.31,0.87,0.12,2.82,6.14,furniture,low,0.83,31.5,15.3,13.7,0,0,1.0,17.45
155.1,1.18,0.15,0.94,0.09,9.46,8.32,medicine,low,0.81,34.5,8.4,5.6,1,0,1.2,9.67
133.47,2.42,0.12,0.95,0.16,0.98,1.34,hazmat,low,0.74,31.1,6.6,5.1,0,1,1.4,58.45
56.43,1.4,0.33,0.13,0.31,0.36,0.12,furniture,standard,0.87,27.7,17.7,16.7,0,0,1.0,5.7
176.65,1.23,0.13,0.69,0.33,9.39,3.17,general,high,0.85,36.6,9.8,5.3,0,0,1.0,8.46
241.39,2.32,0.45,0.88,0.3,12.59,11.51,general,standard,0.83,27.4,22.9,21.6,0,1,1.0,57.96
91.93,1.9,0.33,0.27,0.04,6.7,3.92,general,standard,0.73,26.9,25.0,15.6,0,0,1.0,16.39
67.54,2.91,0.77,0.62,0.27,0.29,0.69,perishable,high,0.63,28.7,58.7,45.6,0,1,1.2,38.96
197.0,1.7,0.63,0.52,0.25,1.93,7.26,luxury,high,0.95,28.7,36.6,25.7,0,2,1.0,25.24
47.91,1.73,0.14,0.27,0.08,2.1,7.61,general,high,0.85,27.0,7.4,7.6,0,1,1.0,8.73
195.67,2.24,0.11,0.45,0.41,0.51,4.48,luxury,high,0.89,27.7,8.2,5.6,1,0,1.0,35.47
123.45,2.64,0.34,0.37,0.14,0.4,0.83,medicine,low,0.92,34.6,23.6,13.2,1,1,1.2,48.55
123.5,1.83,0.34,0.86,0.11,1.11,0.76,hazmat,high,0.94,32.3,27.3,13.1,1,0,1.4,41.59
104.76,1.88,0.26,0.76,0.18,11.66,0.57,general,critical,0.85,36.1,14.9,13.1,0,1,1.0,14.57
212.01,1.92,0.46,0.11,0.23,11.76,6.04,medicine,high,0.8,28.3,33.7,22.8,1,0,1.2,42.93
137.61,1.11,0.44,0.6,0.47,8.9,3.09,furniture,critical,0.86,26.7,32.6,22.5,0,0,1.0,5.88
129.69,1.46,0.08,0.13,0.27,2.04,0.08,perishable,standard,0.63,26.1,4.2,4.0,0,0,1.2,11.09
255.13,1.93,0.3,0.93,0.77,0.04,1.5,luxury,standard,0.94,34.7,18.9,10.6,0,0,1.0,34.66
189.56,1.78,0.13,0.13,0.5,0.6,2.0,general,critical,0.76,32.6,9.2,7.3,0,0,1.0,14.14
98.82,1.16,0.07,0.27,0.21,2.17,3.12,medicine,standard,0.84,29.1,4.1,2.5,0,0,1.2,5.74
134.1,1.15,0.41,0.28,0.2,6.38,5.4,perishable,standard,0.91,25.3,21.8,15.8,1,0,1.2,9.71
179.08,2.05,0.32,0.82,0.07,4.88,3.82,perishable,standard,0.9,32.2,25.7,16.9,0,1,1.2,42.88
78.37,2.03,0.06,0.52,0.45,4.45,2.87,medicine,standard,0.57,31.5,4.2,3.4,0,0,1.2,19.48
92.24,1.84,0.15,0.25,0.43,2.57,4.59,perishable,high,0.81,27.8,10.4,5.7,1,1,1.2,13.16
84.44,1.38,0.44,0.22,0.24,0.04,4.56,hazmat,high,0.81,34.0,35.0,22.3,1,0,1.4,26.87
124.4,1.53,0.64,0.44,0.32,7.11,0.64,medicine,standard,0.62,29.8,49.0,24.7,0,0,1.2,25.77
96.1,1.17,0.15,0.61,0.35,3.53,25.0,perishable,critical,0.73,30.4,11.7,7.8,1,0,1.2,10.82
68.99,1.48,0.29,0.82,0.2,4.26,4.6,furniture,standard,0.95,35.6,18.2,15.4,0,1,1.0,13.45
43.87,1.21,0.15,0.8,0.37,4.96,3.3,furniture,high,0.86,29.2,7.6,6.1,1,0,1.0,6.23
238.44,2.23,0.39,0.14,0.21,0.65,0.38,general,high,0.89,30.3,24.8,18.6,1,0,1.0,44.47
145.21,1.37,0.16,0.68,0.23,21.05,1.98,medicine,low,0.95,30.7,8.8,9.1,1,2,1.2,28.57
239.94,1.13,0.54,0.11,0.44,0.35,3.28,medicine,high,0.95,26.4,40.0,31.5,0,0,1.2,12.87
191.53,1.86,0.39,0.61,0.21,12.13,1.0,perishable,high,0.94,28.2,22.4,22.3,0,0,1.2,31.08
49.38,3.07,0.59,0.26,0.24,3.95,0.17,furniture,critical,0.89,31.5,35.5,26.4,0,0,1.0,18.6
124.47,1.69,0.12,0.87,0.39,11.5,5.99,luxury,critical,0.53,30.5,9.0,4.5,0,0,1.0,14.78
178.49,1.95,0.1,0.45,0.39,11.51,0.77,perishable,standard,0.97,34.4,7.8,5.4,1,1,1.2,31.69
144.7,1.6,0.05,0.86,0.32,10.6,15.86,luxury,standard,0.74,32.0,3.0,2.4,0,0,1.0,17.58
145.45,1.45,0.35,0.92,0.06,1.45,8.27,hazmat,high,0.63,31.4,28.0,15.3,1,0,1.4,36.03
234.0,1.22,0.5,0.46,0.44,11.18,0.06,general,standard,0.8,30.0,36.5,22.4,1,0,1.0,21.79
235.26,2.26,0.51,0.63,0.33,16.16,6.64,furniture,high,0.87,29.6,33.1,22.8,0,0,1.0,56.01
106.11,1.54,0.35,0.94,0.64,0.7,2.33,perishable,standard,0.82,32.7,22.0,19.5,0,0,1.2,19.35
89.18,1.65,0.1,0.32,0.24,0.61,1.85,medicine,standard,0.73,33.2,6.4,4.1,1,0,1.2,12.34
180.8,1.17,0.48,0.18,0.33,0.91,2.85,perishable,standard,0.82,33.7,37.6,21.0,0,1,1.2,19.0
147.93,1.16,0.0,0.57,0.59,3.37,3.24,general,high,0.62,32.2,0.0,0.0,0,0,1.0,8.84
47.91,1.32,0.04,0.6,0.1,0.24,5.63,furniture,standard,0.89,27.2,2.9,2.4,1,0,1.0,8.48
180.42,2.21,0.13,0.49,0.2,5.4,12.23,hazmat,standard,0.74,29.8,9.2,6.6,0,0,1.4,51.46
130.06,1.1,0.43,0.97,0.19,4.81,9.54,general,standard,0.63,34.0,24.1,15.3,0,1,1.0,12.76
92.93,1.33,0.43,0.48,0.11,22.42,4.91,general,high,0.86,29.5,30.5,21.2,0,0,1.0,13.09
282.54,1.44,0.18,0.6,0.27,19.08,3.66,general,standard,0.72,27.6,14.3,7.9,0,0,1.0,21.18
235.19,1.52,0.61,0.15,0.28,7.77,2.79,general,standard,0.85,30.4,37.6,30.5,1,0,1.0,34.36
232.39,1.83,0.43,0.14,0.6,0.83,2.04,hazmat,low,0.66,28.6,34.4,20.3,0,0,1.4,46.57
176.38,1.58,0.51,0.62,0.34,2.47,6.94,general,standard,0.84,30.8,35.2,22.5,0,1,1.0,22.31
104.22,1.52,0.3,0.93,0.44,12.35,5.06,perishable,high,0.6,26.9,19.3,11.1,0,1,1.2,20.35
121.23,2.42,0.31,0.84,0.46,0.51,0.65,perishable,low,0.86,27.2,15.5,18.3,1,0,1.2,40.59
80.06,2.05,0.15,0.61,0.17,3.87,4.37,hazmat,high,0.6,33.1,11.5,5.7,0,1,1.4,27.57
53.98,1.19,0.24,0.55,0.37,6.35,0.86,furniture,low,0.79,31.4,15.5,12.3,0,0,1.0,7.17
260.33,2.49,0.45,0.79,0.33,0.73,0.11,luxury,standard,0.78,27.7,23.6,21.3,1,0,1.0,58.2
267.81,1.58,0.12,0.1,0.25,7.72,4.33,hazmat,critical,0.7,33.1,7.1,5.3,0,1,1.4,33.52
129.36,2.18,0.58,0.46,0.33,2.13,3.5,perishable,high,0.91,33.3,41.7,20.5,1,0,1.2,36.59
252.11,1.98,0.51,0.19,0.41,2.22,5.1,furniture,standard,0.83,26.3,29.3,27.7,0,0,1.0,31.55
94.83,1.54,0.11,0.54,0.25,10.43,7.63,perishable,standard,0.71,34.7,6.8,5.2,0,1,1.2,15.53
41.61,1.97,0.36,0.8,0.17,1.53,2.54,general,low,0.85,28.3,27.2,13.6,0,0,1.0,14.33
241.35,2.38,0.76,0.53,0.58,1.51,1.48,general,standard,0.89,26.3,52.5,41.7,0,0,1.0,50.53
125.83,2.61,0.1,0.37,0.28,6.39,4.12,hazmat,high,0.72,29.7,8.0,4.8,1,0,1.4,39.0
144.24,1.91,0.36,0.52,0.39,0.58,0.13,furniture,critical,0.92,32.3,19.5,20.9,1,0,1.0,22.41
83.08,1.76,0.5,0.42,0.12,8.6,3.62,furniture,low,0.62,34.0,24.8,26.3,0,0,1.0,21.37
212.61,2.87,0.21,0.25,0.47,3.8,0.5,general,high,0.97,31.1,14.3,10.9,1,0,1.0,42.7
243.46,1.63,0.07,0.78,0.25,2.43,5.52,general,critical,0.9,30.5,5.0,3.0,0,1,1.0,22.67
169.24,1.48,0.68,0.28,0.32,6.99,1.68,general,high,0.95,29.6,47.4,37.4,1,1,1.0,30.19
121.58,1.8,0.48,0.85,0.44,0.92,6.23,hazmat,standard,0.79,28.1,37.0,27.1,0,0,1.4,29.01
131.16,2.34,0.2,0.68,0.28,7.57,2.61,general,low,0.74,25.7,11.6,7.8,0,1,1.0,36.8
109.43,2.36,0.18,0.83,0.08,8.87,0.49,perishable,standard,0.79,32.6,13.9,9.1,1,0,1.2,33.0
233.5,1.46,0.42,0.22,0.52,5.18,2.56,general,high,0.91,28.8,21.3,25.1,0,1,1.0,18.88
181.01,2.39,0.04,0.45,0.23,3.38,1.94,general,low,0.63,29.6,2.4,2.3,0,0,1.0,43.43
105.36,2.3,0.35,0.22,0.37,2.47,0.45,general,low,0.72,31.3,25.1,17.6,0,0,1.0,32.83
86.91,1.65,0.03,0.1,0.84,2.44,6.68,luxury,high,0.85,31.5,2.4,1.1,1,0,1.0,10.75
59.17,2.6,0.08,0.78,0.29,3.24,3.19,perishable,standard,0.69,33.8,6.1,3.1,0,2,1.2,24.38
68.33,2.33,0.4,0.98,0.25,2.05,2.73,perishable,high,0.88,29.5,22.0,17.4,0,1,1.2,30.79
41.51,1.94,0.56,0.68,0.12,1.42,4.29,perishable,standard,0.81,25.4,41.8,29.4,0,1,1.2,25.65
120.18,1.7,0.61,0.2,0.11,3.53,2.69,general,high,0.69,28.4,45.8,28.4,0,0,1.0,13.58
165.51,1.93,0.58,0.92,0.87,0.22,4.92,perishable,standard,0.76,29.9,31.8,29.9,1,0,1.2,51.47
231.87,1.27,0.22,0.69,0.28,1.36,11.31,medicine,standard,0.83,29.1,16.8,10.2,1,0,1.2,24.59
275.17,1.48,0.15,0.87,0.27,5.89,1.62,medicine,critical,0.75,27.8,9.3,8.5,0,0,1.2,22.8
54.13,1.12,0.14,0.7,0.32,4.79,5.76,furniture,low,0.77,28.6,9.3,7.4,0,0,1.0,4.41
208.01,1.77,0.22,0.54,0.5,7.02,1.13,general,high,0.65,35.4,16.2,8.1,1,1,1.0,25.2
106.95,1.53,0.48,0.17,0.31,10.73,10.8,general,high,0.67,30.5,31.6,20.9,0,1,1.0,18.07
135.1,1.2,0.18,0.17,0.25,3.42,13.16,furniture,standard,0.8,31.0,13.3,7.4,0,0,1.0,8.35
100.84,1.69,0.02,0.98,0.62,3.0,1.24,general,standard,0.59,26.8,1.4,0.7,0,0,1.0,9.97
185.62,2.45,0.07,0.2,0.14,9.8,2.19,furniture,high,0.96,28.1,3.8,2.6,0,2,1.0,34.27
61.39,1.32,0.01,0.75,0.36,3.07,0.31,hazmat,low,0.89,33.2,0.5,0.6,1,0,1.4,3.2
196.55,1.8,0.39,0.34,0.23,7.47,1.4,hazmat,standard,0.78,34.9,27.9,21.5,0,1,1.4,49.0
88.21,1.53,0.14,0.97,0.14,1.97,0.56,luxury,standard,0.7,35.2,11.0,5.4,0,0,1.0,9.29
106.78,1.07,0.24,0.56,0.04,14.42,0.04,perishable,standard,0.79,31.1,14.0,14.4,1,1,1.2,10.76
67.77,2.38,0.46,0.38,0.2,16.53,2.54,general,standard,0.85,30.7,33.1,16.6,0,1,1.0,23.78
80.95,1.33,0.14,0.38,0.25,6.57,0.97,general,high,0.81,30.1,9.5,7.8,0,1,1.0,9.13
284.58,2.38,0.36,0.49,0.3,7.4,10.14,perishable,high,0.91,27.9,18.9,21.1,0,0,1.2,56.66
116.35,1.24,0.73,0.11,0.26,2.4,3.96,perishable,standard,0.85,26.3,54.4,31.4,0,1,1.2,22.96
314.88,1.65,0.71,0.41,0.22,3.58,1.47,luxury,high,0.91,34.5,50.5,41.0,1,0,1.0,34.35
96.62,2.02,0.04,0.27,0.39,6.97,7.16,general,critical,0.92,31.2,2.2,1.9,0,0,1.0,8.9
42.05,1.4,0.3,0.99,0.33,4.0,1.82,medicine,low,0.6,34.0,19.9,15.7,0,0,1.2,10.41
111.0,1.65,0.31,0.39,0.24,6.88,5.04,luxury,standard,0.86,31.6,15.4,15.4,0,0,1.0,11.26
126.63,1.86,0.17,0.25,0.15,5.51,9.79,general,high,0.85,24.6,12.7,9.9,0,1,1.0,20.39
246.85,2.34,0.31,0.98,0.25,2.12,0.53,perishable,low,0.73,26.2,23.0,12.3,1,0,1.2,67.08
241.34,1.94,0.83,0.2,0.69,1.7,3.41,medicine,critical,0.84,27.6,52.1,48.7,1,1,1.2,58.49
75.75,2.23,0.56,0.73,0.28,9.16,3.84,general,low,0.94,33.9,35.0,21.2,1,1,1.0,29.76
74.1,1.85,0.52,0.19,0.36,2.17,8.49,general,high,0.91,30.4,31.4,24.4,0,0,1.0,16.27
158.64,1.56,0.09,0.11,0.06,15.7,8.26,general,high,0.92,25.2,6.0,5.1,0,0,1.0,14.28
130.89,2.3,0.25,0.8,0.32,0.81,1.7,furniture,low,0.78,26.4,15.5,9.4,1,1,1.0,31.2
53.3,1.98,0.11,0.14,0.07,9.93,0.23,perishable,high,0.63,28.3,8.7,6.1,1,1,1.2,12.27
166.15,2.29,0.5,0.48,0.21,6.18,4.36,furniture,standard,0.69,33.2,36.3,22.7,1,0,1.0,36.93
113.06,1.09,0.44,0.75,0.48,8.83,0.56,perishable,standard,0.72,30.0,22.3,21.9,0,0,1.2,14.94
96.08,1.03,0.49,0.71,0.26,10.36,1.56,general,high,0.68,29.1,36.1,21.8,0,1,1.0,5.0
282.15,2.17,0.17,0.12,0.45,2.52,0.76,general,critical,0.87,30.9,11.6,6.7,1,0,1.0,39.68
138.86,2.9,0.52,0.13,0.44,2.24,3.33,hazmat,standard,0.71,35.9,41.5,19.5,0,0,1.4,63.21
294.45,2.88,0.58,0.43,0.13,2.01,7.24,medicine,critical,0.72,26.2,32.3,26.6,0,0,1.2,102.01
129.85,1.32,0.14,0.89,0.33,3.9,0.68,general,standard,0.75,32.6,10.7,7.1,0,0,1.0,10.4
114.58,1.87,0.01,0.91,0.49,0.2,7.27,perishable,standard,0.83,27.5,0.8,0.4,1,0,1.2,28.07
54.22,1.32,0.08,0.54,0.28,2.06,0.71,luxury,standard,0.78,29.2,6.4,4.0,1,1,1.0,10.09
94.36,2.34,0.17,0.25,0.13,4.43,1.43,medicine,low,0.73,34.8,8.6,10.2,0,1,1.2,31.31
92.96,1.56,0.86,0.77,0.68,7.56,3.44,general,low,0.84,34.3,60.2,34.4,1,1,1.0,30.56
218.71,2.53,0.31,0.39,0.07,0.35,1.16,hazmat,standard,0.67,26.2,23.3,17.4,1,0,1.4,75.61
61.6,1.49,0.53,0.98,0.44,1.26,2.6,hazmat,high,0.83,32.5,30.0,27.2,0,1,1.4,23.7
274.79,2.05,0.3,0.8,0.21,4.72,3.79,hazmat,high,0.79,34.6,21.1,15.0,1,0,1.4,55.9
46.61,1.49,0.34,0.19,0.3,9.82,5.72,perishable,critical,0.77,30.7,22.2,18.1,1,0,1.2,12.35
180.22,1.46,0.71,0.81,0.28,5.79,0.78,hazmat,standard,0.92,22.9,53.8,29.6,1,0,1.4,43.74
79.43,1.98,0.06,0.86,0.06,7.54,10.07,perishable,standard,0.71,30.2,3.4,2.7,0,1,1.2,20.58
200.66,2.58,0.56,0.45,0.25,0.44,1.0,furniture,standard,0.79,28.1,33.0,21.9,0,0,1.0,44.65
127.7,1.46,0.58,0.22,0.24,0.33,0.83,medicine,high,0.67,32.7,34.6,23.9,0,0,1.2,19.74
150.9,1.54,0.47,0.57,0.17,3.27,0.07,luxury,standard,0.77,32.5,36.1,16.8,0,0,1.0,18.68
64.13,1.64,0.26,0.78,0.09,0.55,0.05,general,standard,0.79,25.7,20.2,15.3,0,1,1.0,10.8
207.61,2.21,0.44,1.0,0.23,7.57,1.34,general,high,0.86,30.1,29.0,24.3,0,0,1.0,40.66
85.42,1.44,0.06,0.92,0.22,1.19,8.45,medicine,standard,0.64,29.6,4.1,2.4,0,0,1.2,12.75
61.31,1.6,0.24,0.92,0.28,14.96,1.64,furniture,standard,0.78,31.6,16.3,11.4,1,1,1.0,20.41
285.43,1.68,0.48,0.77,0.49,0.79,7.77,medicine,high,0.93,34.6,38.3,18.9,0,1,1.2,41.08
268.9,1.44,0.33,0.8,0.18,0.85,0.23,medicine,high,0.95,24.8,17.9,14.3,0,0,1.2,22.89
225.45,1.88,0.32,0.43,0.27,7.21,3.71,medicine,critical,0.86,35.6,17.9,17.0,1,0,1.2,27.41
45.2,2.11,0.17,0.21,0.3,0.95,7.76,general,high,0.81,33.2,9.3,7.4,0,1,1.0,14.66
102.48,1.65,0.71,1.0,0.17,5.42,1.18,hazmat,low,0.71,29.5,48.3,33.8,0,0,1.4,33.76
35.81,1.85,0.36,0.12,0.23,10.87,2.52,general,critical,0.85,32.4,22.1,14.5,0,0,1.0,6.98
116.21,1.97,0.39,0.57,0.47,0.46,4.08,general,standard,0.63,31.8,21.8,18.5,0,0,1.0,27.31
177.03,1.78,0.8,0.69,0.13,11.19,1.75,furniture,standard,0.87,30.9,53.4,32.9,1,1,1.0,31.1
198.47,2.83,0.22,0.55,0.51,8.21,1.99,perishable,standard,0.62,28.0,17.6,11.4,1,0,1.2,82.26
122.03,1.83,0.37,0.56,0.09,13.71,15.78,furniture,critical,0.89,35.5,29.2,16.2,0,0,1.0,16.71
72.59,1.73,0.4,0.53,0.46,10.53,10.95,perishable,critical,0.66,26.7,22.8,19.1,1,2,1.2,23.9
135.95,2.3,0.27,0.63,0.3,1.39,4.16,general,standard,0.81,29.5,14.8,11.9,0,1,1.0,26.83
79.07,1.15,0.36,0.52,0.52,3.4,5.73,general,standard,0.65,35.1,20.0,15.2,1,0,1.0,9.94
246.11,1.74,0.15,0.61,0.23,2.28,0.94,perishable,high,0.61,27.7,8.7,7.0,0,0,1.2,38.39
156.02,1.36,0.26,0.17,0.19,4.52,2.47,furniture,high,0.96,32.9,15.6,14.8,0,0,1.0,3.6
139.47,1.34,0.2,0.45,0.12,6.04,4.66,furniture,high,0.8,30.6,10.7,8.9,1,0,1.0,9.43
236.48,2.0,0.62,0.96,0.39,15.69,4.54,hazmat,high,0.76,28.6,38.6,27.0,1,1,1.4,67.62
181.03,1.81,0.2,0.59,0.13,4.54,15.48,luxury,low,0.59,28.5,13.9,8.9,0,0,1.0,28.91
59.21,3.05,0.19,0.97,0.28,2.14,10.42,furniture,high,0.66,29.2,14.7,9.4,0,1,1.0,26.51
102.12,1.57,0.19,0.42,0.13,7.59,3.0,furniture,critical,0.69,25.5,14.5,7.8,0,0,1.0,5.91
158.5,1.86,0.13,0.16,0.62,1.0,0.16,perishable,low,0.88,31.7,7.1,7.3,0,1,1.2,23.92
92.88,1.25,0.4,0.12,0.4,0.7,1.39,perishable,critical,0.93,29.2,26.0,21.7,0,1,1.2,11.05
164.47,1.17,0.1,0.91,0.27,7.14,3.9,general,standard,0.9,33.9,5.5,3.6,1,1,1.0,15.74
208.5,1.17,0.39,0.36,0.11,1.98,0.27,general,standard,0.82,31.7,22.0,15.2,1,1,1.0,10.32
102.52,1.75,0.36,0.34,0.49,2.28,15.08,general,critical,0.98,31.3,22.5,18.1,0,0,1.0,12.18
70.91,1.58,0.35,0.91,0.55,6.72,3.55,perishable,critical,0.74,27.5,21.6,15.6,0,0,1.2,15.56
41.44,1.23,0.79,0.25,0.29,2.93,0.86,perishable,high,0.86,25.8,45.1,36.8,1,0,1.2,30.01
177.25,1.76,0.07,0.49,0.11,8.68,6.23,general,high,0.59,32.7,5.2,3.2,0,1,1.0,27.48
95.33,1.63,0.25,0.95,0.26,4.75,1.13,luxury,standard,0.79,32.1,13.1,13.2,1,0,1.0,16.07
207.84,2.03,0.45,0.67,0.04,0.22,4.29,furniture,high,0.95,29.8,31.8,18.5,1,0,1.0,44.8
58.95,1.6,0.22,0.97,0.2,4.14,23.39,general,critical,0.84,35.9,12.8,11.3,0,1,1.0,13.98
153.57,1.6,0.31,0.32,0.29,0.6,1.26,hazmat,critical,0.95,31.5,21.2,17.9,0,1,1.4,20.7
151.76,1.73,0.41,0.36,0.27,8.44,0.19,hazmat,high,0.76,29.0,22.2,20.6,0,0,1.4,26.55
39.91,2.17,0.01,0.71,0.2,3.8,9.03,medicine,standard,0.78,31.4,0.7,0.5,1,0,1.2,10.2
109.49,2.13,0.55,0.99,0.45,1.63,0.52,medicine,standard,0.81,25.9,32.4,20.1,0,0,1.2,28.83
138.9,1.52,0.37,0.71,0.57,1.89,8.59,furniture,standard,0.88,35.0,22.5,13.5,0,0,1.0,16.2
143.04,1.69,0.1,0.75,0.26,2.14,1.19,general,standard,0.94,28.5,5.5,5.3,1,0,1.0,16.24
186.39,1.73,0.04,0.26,0.28,18.33,4.75,hazmat,high,0.93,24.4,2.3,1.5,0,2,1.4,31.42
207.97,1.59,0.56,0.84,0.52,4.13,0.02,general,standard,0.76,24.2,34.5,23.8,1,0,1.0,35.1
76.35,1.28,0.3,0.75,0.36,15.56,3.2,general,standard,0.57,25.3,18.4,14.0,0,0,1.0,10.67
179.18,1.17,0.61,0.52,0.25,6.09,0.27,general,critical,0.68,29.7,45.1,21.4,1,0,1.0,17.74
102.12,1.24,0.26,0.61,0.06,9.72,10.67,general,standard,0.96,30.9,15.8,9.9,0,2,1.0,14.53
110.9,1.62,0.19,0.66,0.16,0.37,6.22,luxury,standard,0.61,28.1,9.6,8.9,1,2,1.0,23.73
75.04,2.08,0.66,0.17,0.35,0.09,0.87,general,high,0.88,25.5,39.6,25.5,1,0,1.0,30.01
157.19,1.87,0.18,0.97,0.51,4.11,0.52,perishable,critical,0.84,28.4,8.8,9.1,0,2,1.2,24.4
220.95,2.1,0.08,0.65,0.58,5.7,7.4,perishable,low,0.88,34.5,4.1,4.7,0,2,1.2,55.83
198.35,1.67,0.07,0.6,0.41,0.29,0.56,luxury,standard,0.76,28.3,3.8,2.6,0,0,1.0,20.03
135.15,2.23,0.3,0.59,0.34,1.63,0.2,general,low,0.81,31.9,23.0,12.8,1,0,1.0,26.49
60.57,1.72,0.63,0.98,0.29,11.19,1.43,furniture,standard,0.83,32.2,37.8,24.9,1,3,1.0,33.49
95.25,1.81,0.06,0.92,0.79,3.52,0.73,perishable,critical,0.95,30.8,3.8,3.4,1,1,1.2,17.64
116.56,1.81,0.36,0.32,0.5,1.73,3.1,luxury,standard,0.85,27.1,23.0,19.7,0,0,1.0,20.91
198.59,1.18,0.34,0.13,0.56,0.26,0.32,general,critical,0.73,33.8,26.5,12.4,1,0,1.0,16.49
132.86,2.61,0.38,0.79,0.32,9.25,0.54,general,low,0.87,33.8,24.0,18.2,0,2,1.0,56.51
143.02,1.63,0.12,0.3,0.44,4.15,5.49,general,high,0.84,33.8,7.7,5.5,0,0,1.0,9.72
139.52,1.76,0.12,0.23,0.63,0.06,10.39,luxury,high,0.54,25.5,7.7,4.3,0,0,1.0,20.35
241.07,2.62,0.1,1.0,0.25,0.06,2.47,perishable,standard,0.8,34.9,8.0,3.9,0,0,1.2,75.7
44.03,2.34,0.32,0.46,0.21,1.18,5.47,general,low,0.73,29.8,24.1,14.5,0,0,1.0,20.68
68.5,2.63,0.04,0.77,0.56,0.56,3.41,general,low,0.77,36.2,2.3,1.7,1,0,1.0,27.08
118.51,2.23,0.24,0.39,0.1,1.66,1.88,luxury,low,0.86,32.0,15.5,10.1,1,0,1.0,18.97
130.19,1.87,0.6,0.12,0.23,13.33,6.5,general,high,0.8,24.2,29.6,22.2,1,1,1.0,24.49
173.43,1.03,0.34,0.31,0.09,12.82,0.01,furniture,standard,0.54,28.4,22.7,19.4,0,1,1.0,6.78
47.32,2.14,0.18,0.17,0.46,2.18,3.54,perishable,standard,0.86,30.9,12.0,7.8,1,1,1.2,19.37
45.47,2.61,0.39,0.21,0.53,6.43,4.47,luxury,high,0.8,25.1,26.4,18.1,1,1,1.0,28.49
194.55,1.39,0.31,0.82,0.22,5.63,1.72,furniture,high,0.84,22.6,24.0,14.3,0,1,1.0,14.78
97.01,1.73,0.62,0.93,0.32,0.04,3.2,perishable,high,0.95,30.2,39.5,22.4,1,0,1.2,24.62
194.28,1.31,0.31,0.97,0.26,1.15,4.43,luxury,standard,0.8,27.5,17.5,14.3,1,0,1.0,17.36
126.58,1.51,0.42,0.46,0.32,0.16,0.45,furniture,standard,0.71,26.6,24.0,19.8,1,1,1.0,18.6
194.19,1.19,0.36,0.36,0.54,2.87,3.26,perishable,high,0.9,31.4,20.9,15.6,0,0,1.2,14.6
129.32,1.41,0.0,0.82,0.07,5.42,4.89,hazmat,standard,0.85,31.1,0.0,0.0,1,1,1.4,16.33
60.52,1.32,0.36,0.52,0.36,10.96,2.24,perishable,standard,0.98,25.1,21.0,20.7,0,1,1.2,14.19
123.98,2.01,0.38,0.84,0.8,1.85,0.8,general,high,0.88,25.6,24.4,14.7,0,1,1.0,25.08
205.03,1.04,0.59,0.86,0.09,4.82,4.44,perishable,standard,0.75,27.3,46.1,33.9,0,0,1.2,16.51
96.12,2.29,0.2,0.97,0.61,6.38,2.51,hazmat,high,0.64,36.0,12.1,9.0,1,2,1.4,41.93
111.84,1.59,0.3,0.4,0.6,4.74,1.16,hazmat,standard,0.84,32.7,20.7,10.8,1,1,1.4,24.02
97.04,2.49,0.1,0.35,0.5,6.48,4.38,perishable,low,0.89,26.6,7.7,4.8,0,0,1.2,32.47
167.97,1.75,0.53,0.59,0.27,7.82,4.71,luxury,high,0.75,33.1,39.6,25.0,1,0,1.0,39.15
202.34,2.11,0.71,0.54,0.16,2.04,1.42,perishable,standard,0.95,32.5,35.5,41.3,1,0,1.2,69.62
96.7,1.61,0.61,0.96,0.25,4.03,3.33,furniture,standard,0.76,29.2,43.3,26.9,0,0,1.0,14.4
130.16,2.8,0.36,0.4,0.38,2.16,8.0,medicine,standard,0.88,35.6,24.2,15.4,1,1,1.2,47.89
72.74,2.11,0.08,0.75,0.36,7.83,11.51,perishable,critical,0.78,31.2,5.2,4.2,0,1,1.2,17.55
174.71,1.51,0.67,0.42,0.22,6.02,3.43,perishable,low,0.74,32.4,36.2,30.3,0,0,1.2,23.44
101.54,1.57,0.46,0.11,0.3,1.18,1.1,medicine,low,0.78,28.9,27.6,26.7,1,2,1.2,43.03
208.62,1.78,0.14,0.16,0.27,1.26,6.84,perishable,standard,0.91,24.9,6.9,8.3,0,0,1.2,24.18
279.17,1.72,0.13,0.23,0.29,3.25,0.21,luxury,standard,0.72,27.5,6.5,4.9,0,1,1.0,31.96
100.35,2.21,0.24,0.47,0.05,0.91,1.5,perishable,low,0.79,28.6,13.0,10.3,0,1,1.2,33.58
104.79,1.79,0.56,0.72,0.16,0.92,1.76,furniture,standard,0.84,27.5,41.3,20.0,0,1,1.0,19.55
149.17,1.56,0.17,0.44,0.32,1.86,0.24,luxury,high,0.73,32.6,12.9,8.5,0,1,1.0,16.58
208.27,1.93,0.41,0.83,0.07,3.24,6.07,perishable,standard,0.61,32.9,25.8,19.8,0,0,1.2,43.42
59.66,2.0,0.46,0.95,0.21,1.55,3.39,general,critical,0.86,28.1,34.6,18.4,1,0,1.0,22.99
165.21,1.42,0.09,0.93,0.24,9.57,2.32,perishable,high,0.84,32.6,5.2,3.9,1,0,1.2,10.32
158.45,1.82,0.04,0.12,0.41,1.02,0.36,luxury,low,0.83,26.8,2.4,1.5,1,1,1.0,23.9
52.93,1.26,0.13,0.12,0.32,1.9,7.9,medicine,high,0.9,28.2,9.7,5.0,0,0,1.2,8.46
141.73,2.53,0.22,0.79,0.23,2.26,21.13,perishable,high,0.77,30.5,12.1,10.4,0,1,1.2,45.61
77.77,1.7,0.11,0.66,0.61,9.26,1.98,medicine,standard,0.84,27.8,8.5,6.3,1,0,1.2,8.97
148.58,1.71,0.04,0.38,0.36,3.08,6.01,perishable,high,0.75,33.9,2.7,1.9,0,0,1.2,19.85
206.07,1.05,0.47,0.92,0.06,3.13,3.11,furniture,critical,0.83,33.4,30.0,19.2,0,0,1.0,6.01
203.79,1.36,0.36,0.14,0.15,5.5,1.99,luxury,standard,0.82,27.6,21.5,19.7,1,1,1.0,19.95
144.35,1.51,0.57,0.33,0.27,1.89,2.38,perishable,low,0.85,27.2,37.5,31.5,0,0,1.2,20.0
320.21,1.41,0.63,0.34,0.42,2.99,5.24,general,high,0.91,35.6,41.9,33.3,0,0,1.0,21.99
181.36,2.71,0.26,0.19,0.15,10.19,4.05,general,high,0.73,27.8,13.1,10.9,1,1,1.0,44.84
107.18,1.82,0.18,0.61,0.3,12.89,8.23,hazmat,standard,0.9,33.3,13.4,8.7,1,0,1.4,21.06
59.52,1.54,0.15,0.24,0.34,0.71,4.66,general,high,0.73,32.1,8.7,6.1,1,0,1.0,6.43
146.71,1.53,0.36,0.69,0.09,6.34,1.31,general,high,0.86,32.1,26.0,20.9,0,1,1.0,18.99
67.76,1.62,0.48,0.72,0.25,2.02,2.28,perishable,high,0.71,31.1,32.2,19.4,0,0,1.2,14.62
134.85,1.33,0.52,0.68,0.23,0.45,7.71,furniture,standard,0.81,27.4,31.2,21.4,1,0,1.0,18.06
253.19,1.26,0.12,0.77,0.21,4.38,1.12,general,high,0.83,32.2,6.5,5.2,1,1,1.0,12.5
196.17,1.23,0.23,1.0,0.45,10.36,6.15,hazmat,low,0.73,30.7,16.4,12.2,0,1,1.4,21.16
123.13,2.59,0.19,0.83,0.21,6.17,7.64,perishable,high,0.75,33.1,9.5,9.6,0,0,1.2,33.92
85.11,1.31,0.03,0.51,0.57,4.32,6.09,luxury,high,0.86,33.2,2.2,1.2,1,1,1.0,6.26
126.76,2.18,0.63,0.36,0.34,7.3,0.61,medicine,high,0.57,34.1,47.1,25.4,0,0,1.2,43.2
70.35,1.66,0.75,0.3,0.17,1.28,2.78,perishable,standard,0.78,32.7,42.9,33.5,0,1,1.2,25.6
39.94,1.83,0.05,0.86,0.24,0.86,11.33,furniture,critical,0.66,24.8,3.2,1.9,0,0,1.0,8.4
89.57,1.59,0.14,0.81,0.19,2.27,0.62,furniture,high,0.7,24.8,11.2,7.2,1,1,1.0,9.5
96.04,1.75,0.17,0.2,0.45,9.22,12.12,hazmat,low,0.94,27.7,11.0,8.7,0,1,1.4,33.99
201.48,2.27,0.39,0.95,0.76,3.74,4.14,furniture,critical,0.88,24.9,19.8,14.4,0,1,1.0,34.95
240.99,1.12,0.29,0.58,0.14,1.14,5.09,perishable,high,0.78,33.6,15.1,12.5,0,0,1.2,12.63
45.41,1.83,0.29,0.21,0.25,6.64,1.33,luxury,high,0.72,26.7,17.7,16.7,0,0,1.0,6.42
313.42,3.08,0.4,0.97,0.59,4.12,1.55,medicine,critical,0.75,31.8,30.8,14.1,1,1,1.2,108.09
40.61,1.43,0.24,0.48,0.42,0.77,0.33,general,critical,0.85,29.6,14.4,14.1,0,1,1.0,4.1
79.66,2.6,0.27,0.53,0.53,0.92,3.99,general,standard,0.89,33.6,20.0,10.2,0,0,1.0,17.77
164.06,1.26,0.31,0.72,0.42,3.14,0.9,perishable,standard,0.92,23.4,15.7,14.0,1,0,1.2,9.09
137.74,1.19,0.02,0.41,0.28,1.45,2.68,hazmat,high,0.8,34.5,1.4,0.8,0,0,1.4,3.94
130.38,2.27,0.64,0.14,0.53,8.13,3.5,luxury,standard,0.83,31.4,45.7,33.6,1,0,1.0,53.45
270.13,1.66,0.59,0.7,0.41,8.09,1.53,hazmat,low,0.8,26.7,35.0,30.1,1,0,1.4,57.54
46.78,1.51,0.62,0.42,0.48,2.31,0.5,perishable,low,0.78,29.8,40.5,34.6,0,0,1.2,14.79
178.7,1.36,0.21,0.67,0.08,10.94,12.59,perishable,high,0.98,30.4,15.2,10.8,0,3,1.2,24.17
213.36,1.64,0.15,0.79,0.05,8.94,3.75,furniture,standard,0.8,29.2,10.4,8.6,0,0,1.0,21.58
197.34,2.29,0.32,0.13,0.45,11.62,0.21,general,standard,0.8,31.3,24.7,13.5,1,0,1.0,43.45
117.81,2.51,0.29,0.68,0.33,3.68,0.11,general,low,0.99,27.6,23.3,12.2,0,0,1.0,30.07
276.07,1.48,0.15,0.84,0.58,7.76,4.76,general,high,0.91,32.8,11.7,8.1,0,0,1.0,17.41
202.04,1.4,0.32,0.11,0.13,4.33,5.55,general,low,0.91,28.3,21.9,17.7,0,1,1.0,19.04
54.42,1.45,0.09,0.39,0.17,4.73,6.9,general,standard,0.7,28.4,5.6,3.8,1,1,1.0,10.19
256.32,1.43,0.05,0.72,0.19,1.99,0.82,medicine,high,0.73,30.7,2.8,2.5,0,0,1.2,14.46
213.0,1.42,0.29,0.86,0.34,3.72,2.17,furniture,standard,0.84,29.3,15.8,11.5,1,0,1.0,10.13
87.92,1.26,0.08,0.73,0.24,12.29,1.46,medicine,critical,0.87,31.1,4.2,4.8,1,2,1.2,19.3
202.18,2.08,0.21,0.85,0.18,3.46,2.27,hazmat,standard,0.88,32.2,16.2,9.1,0,0,1.4,31.61
164.64,2.0,0.28,0.87,0.07,0.02,0.29,perishable,standard,0.96,26.3,15.3,15.6,0,1,1.2,33.3
206.03,1.59,0.28,0.81,0.4,4.17,3.38,general,standard,0.68,25.0,17.8,14.7,0,0,1.0,22.1
105.02,1.83,0.15,0.39,0.16,2.72,1.63,general,standard,0.9,27.8,11.5,5.4,1,0,1.0,12.43
192.94,1.53,0.1,0.32,0.1,12.23,4.56,medicine,critical,0.85,30.6,6.8,6.0,0,2,1.2,20.1
121.78,2.26,0.43,0.53,0.24,1.65,0.91,medicine,critical,0.71,33.4,23.1,19.9,0,1,1.2,41.0
49.29,1.97,0.56,0.62,0.24,2.77,3.36,luxury,high,0.88,28.2,37.6,21.4,0,0,1.0,15.66
115.46,2.15,0.33,0.13,0.17,6.91,3.09,hazmat,high,0.76,28.7,22.2,17.0,0,1,1.4,38.65
137.34,1.16,0.09,0.92,0.19,14.83,3.61,furniture,high,0.9,31.8,6.0,3.9,0,1,1.0,8.92
142.65,1.27,0.1,0.44,0.16,1.74,1.53,perishable,low,0.78,30.7,6.0,4.7,0,0,1.2,10.53
64.0,1.66,0.21,0.25,0.12,2.46,8.42,perishable,standard,0.79,35.1,15.2,9.4,1,0,1.2,12.98
59.84,2.49,0.13,0.29,0.33,11.05,1.09,medicine,high,0.77,23.6,6.7,5.0,0,0,1.2,22.51
27.17,1.2,0.36,0.38,0.19,8.84,0.56,general,critical,0.94,30.5,28.5,18.0,0,1,1.0,5.11
292.65,1.89,0.19,0.42,0.53,0.13,1.66,furniture,critical,0.93,30.1,10.5,8.9,1,0,1.0,26.08
97.7,2.31,0.28,0.92,0.11,2.65,15.04,hazmat,high,0.7,32.8,15.1,11.9,1,0,1.4,43.53
209.51,2.49,0.24,0.42,0.74,2.52,3.36,general,high,0.9,33.6,13.2,10.8,1,0,1.0,35.94
129.9,1.01,0.17,0.31,0.07,1.1,2.06,furniture,standard,0.62,25.3,12.5,6.1,0,0,1.0,3.99
145.25,1.95,0.03,0.45,0.33,3.22,3.77,general,standard,0.64,29.9,2.1,1.7,1,0,1.0,11.63
108.19,1.52,0.22,0.26,0.39,4.02,0.64,furniture,critical,0.77,29.3,17.3,11.9,0,0,1.0,11.32
135.15,2.39,0.46,0.54,0.07,1.96,2.53,perishable,standard,0.85,32.9,23.8,16.3,1,1,1.2,35.77
95.22,1.48,0.04,0.94,0.39,0.57,6.41,perishable,standard,0.58,27.4,2.8,1.6,0,2,1.2,21.85
118.19,1.11,0.23,0.77,0.35,14.8,0.81,perishable,standard,0.69,23.9,14.0,13.1,0,1,1.2,5.6
139.36,2.25,0.27,0.9,0.29,3.76,6.85,furniture,standard,0.68,31.5,21.2,12.5,0,0,1.0,25.37
244.17,1.08,0.2,0.98,0.38,11.38,0.65,general,standard,0.8,25.1,11.5,8.6,1,0,1.0,9.16
294.3,1.99,0.25,0.45,0.4,1.75,5.46,hazmat,high,0.9,27.1,12.6,13.6,0,0,1.4,57.08
56.21,1.26,0.52,0.26,0.3,0.16,0.22,general,low,0.8,32.1,25.8,18.7,1,0,1.0,20.45
137.55,2.26,0.07,0.69,0.44,1.0,2.05,furniture,critical,0.77,24.2,3.4,4.0,1,1,1.0,22.92
198.99,2.35,0.45,0.7,0.47,8.32,5.28,perishable,high,0.89,34.6,25.7,15.8,1,1,1.2,63.89
183.19,1.84,0.32,0.68,0.49,1.48,1.86,medicine,critical,0.82,24.4,19.7,19.2,1,0,1.2,25.67
69.76,2.24,0.43,0.79,0.44,4.85,1.5,general,high,0.68,30.1,30.4,25.3,0,1,1.0,20.24
123.33,1.8,0.54,0.28,0.4,2.54,2.6,furniture,standard,0.82,24.8,30.6,23.2,1,1,1.0,29.18
154.36,2.41,0.39,0.11,0.31,6.18,2.76,perishable,standard,0.89,30.6,24.1,18.1,1,3,1.2,52.6
100.82,1.79,0.31,0.55,0.37,1.34,0.17,furniture,high,0.75,28.7,23.4,12.4,0,0,1.0,16.74
131.79,2.82,0.5,0.23,0.31,1.92,0.59,luxury,critical,0.76,29.4,31.1,29.2,0,0,1.0,34.44
269.77,1.22,0.25,0.13,0.44,1.38,3.15,furniture,high,0.71,35.0,16.1,9.6,0,0,1.0,9.58
205.14,1.61,0.24,0.51,0.66,1.5,2.82,perishable,standard,0.67,26.1,17.3,10.9,0,0,1.2,26.47
218.77,1.69,0.44,0.71,0.35,2.83,2.26,general,standard,0.72,31.5,35.1,20.6,0,0,1.0,27.72
177.92,1.05,0.1,0.58,0.71,0.86,2.09,medicine,critical,0.9,27.0,4.9,5.6,1,0,1.2,7.63
107.71,1.53,0.25,0.13,0.3,0.13,0.21,perishable,standard,0.82,23.2,13.2,12.0,1,1,1.2,14.55
102.58,1.79,0.17,0.27,0.92,14.92,0.3,furniture,critical,0.99,27.4,8.9,8.4,1,1,1.0,18.14
201.4,1.6,0.27,0.49,0.25,0.54,8.19,medicine,critical,0.71,25.9,21.0,15.8,1,1,1.2,28.92
156.74,2.69,0.53,0.83,0.14,1.56,2.12,perishable,high,0.67,27.5,36.6,20.2,1,0,1.2,53.35
216.19,1.23,0.33,0.37,0.19,7.1,1.95,general,high,0.85,32.5,22.1,13.7,0,1,1.0,10.96
88.73,1.92,0.35,0.87,0.29,5.13,0.23,perishable,critical,0.58,32.5,24.7,18.9,0,1,1.2,32.51
82.56,1.18,0.01,0.85,0.26,8.01,0.52,general,standard,0.72,29.8,0.7,0.6,0,1,1.0,5.47
145.02,2.38,0.38,0.66,0.47,2.49,1.08,perishable,standard,0.83,28.9,20.0,18.8,0,0,1.2,47.84
250.94,1.38,0.25,0.86,0.49,3.57,4.87,hazmat,high,0.84,30.0,13.7,13.5,0,0,1.4,26.28
68.15,2.13,0.34,0.69,0.66,1.57,10.37,furniture,low,0.73,33.7,21.1,16.4,0,1,1.0,27.8
233.94,1.81,0.46,0.27,0.2,0.19,3.41,general,low,0.92,28.7,24.4,26.3,0,0,1.0,33.08
84.91,1.35,0.15,0.11,0.48,1.15,3.65,furniture,standard,0.75,28.5,7.8,7.6,0,1,1.0,11.81
156.89,1.36,0.79,0.64,0.09,11.53,2.58,perishable,standard,0.67,28.3,48.4,31.5,1,1,1.2,25.67
214.03,1.21,0.48,0.28,0.23,14.97,0.68,perishable,critical,0.65,25.8,28.7,18.8,0,1,1.2,19.77
221.62,1.18,0.22,0.65,0.33,5.12,1.69,general,standard,0.64,33.3,15.7,8.5,0,1,1.0,15.41
217.07,1.74,0.47,0.3,0.36,12.21,10.36,hazmat,standard,0.76,26.5,24.7,21.7,0,0,1.4,48.81
219.2,1.69,0.14,0.21,0.45,0.64,2.03,luxury,high,0.72,29.2,10.1,7.1,1,1,1.0,22.89
171.37,1.39,0.12,0.48,0.49,7.12,1.27,general,critical,0.81,32.2,6.7,5.0,1,0,1.0,8.94
275.77,1.88,0.5,0.77,0.21,7.85,0.65,hazmat,high,0.68,32.8,31.4,25.2,1,2,1.4,81.02
70.22,1.42,0.08,0.31,0.49,8.32,2.6,medicine,low,0.79,29.9,4.6,4.4,0,1,1.2,15.72
99.96,1.97,0.38,0.85,0.3,9.8,8.86,perishable,critical,0.84,28.2,21.3,20.6,0,1,1.2,23.79
148.95,1.59,0.42,0.9,0.29,1.68,7.18,furniture,high,0.98,28.5,25.7,23.1,1,0,1.0,33.03
56.45,1.5,0.49,0.33,0.11,1.45,1.37,perishable,standard,0.96,28.9,37.2,20.4,0,0,1.2,12.59
163.24,2.15,0.23,0.33,0.24,6.28,3.21,hazmat,low,0.93,35.9,14.7,11.2,1,1,1.4,42.79
84.21,1.42,0.8,0.42,0.32,2.63,2.21,perishable,critical,0.9,31.7,55.7,34.1,0,0,1.2,15.79
108.6,2.3,0.15,0.74,0.33,20.57,0.86,furniture,high,0.85,29.4,9.4,8.2,0,1,1.0,17.36
27.98,1.55,0.48,0.21,0.49,20.18,11.99,general,critical,0.91,34.7,31.3,23.1,0,1,1.0,15.45
262.63,1.14,0.08,0.81,0.2,3.72,3.31,medicine,high,0.68,31.4,5.6,4.6,0,0,1.2,5.87
122.8,1.84,0.2,0.57,0.17,15.87,1.97,perishable,standard,0.96,28.3,15.4,7.9,0,1,1.2,24.36
230.64,2.5,0.03,0.64,0.13,14.56,0.7,general,high,0.74,30.9,1.7,1.5,0,0,1.0,43.95
80.7,1.52,0.04,0.83,0.28,0.23,21.36,medicine,standard,0.71,35.2,3.1,2.2,0,1,1.2,12.64
34.66,1.84,0.35,0.19,0.29,4.92,1.35,furniture,standard,0.85,30.4,26.4,13.0,0,0,1.0,7.55
61.45,2.59,0.47,0.88,0.32,1.57,5.06,perishable,standard,0.82,27.4,27.7,27.8,0,0,1.2,29.11
142.12,2.0,0.22,0.95,0.3,1.68,12.78,general,standard,0.74,30.2,14.2,12.4,0,0,1.0,32.32
235.36,1.24,0.14,0.72,0.37,1.34,1.05,perishable,critical,0.78,29.8,8.1,7.9,0,1,1.2,10.84
85.9,1.67,0.14,0.79,0.25,0.13,1.01,general,standard,0.79,27.8,7.6,6.4,1,0,1.0,12.04
148.05,1.68,0.05,0.22,0.24,3.91,7.72,general,critical,0.7,32.4,2.8,1.9,1,0,1.0,14.87
158.41,1.7,0.42,0.57,0.24,4.86,5.63,perishable,standard,0.87,33.0,32.0,16.3,0,1,1.2,22.65
192.17,2.03,0.44,0.32,0.28,1.12,2.83,perishable,standard,0.85,31.4,28.5,23.6,1,0,1.2,47.31
92.12,1.38,0.68,0.81,0.34,7.59,7.89,perishable,standard,0.87,24.6,38.2,34.1,1,0,1.2,33.81
138.94,1.42,0.66,0.81,0.43,8.52,3.82,hazmat,high,0.87,26.6,45.0,26.4,1,1,1.4,41.61
240.64,2.06,0.55,0.44,0.19,3.91,1.45,hazmat,critical,0.76,32.6,42.6,28.2,1,1,1.4,61.9
101.44,1.78,0.5,0.74,0.14,1.04,2.74,perishable,critical,0.94,31.9,27.2,24.1,1,0,1.2,30.47
140.37,1.19,0.26,0.57,0.45,5.74,2.41,general,standard,0.76,35.5,17.6,15.1,1,0,1.0,6.15
33.05,1.56,0.56,0.56,0.08,1.2,1.56,general,critical,0.88,27.9,43.3,26.5,1,0,1.0,21.51
140.41,1.26,0.05,0.7,0.33,0.9,5.93,general,standard,0.93,26.6,3.3,2.1,0,1,1.0,9.5
102.74,2.57,0.22,0.63,0.54,5.56,3.1,perishable,critical,0.81,28.8,14.7,8.5,1,1,1.2,27.05
90.76,1.63,0.64,0.25,0.47,0.49,1.84,medicine,standard,0.9,24.5,33.9,34.6,0,0,1.2,17.02
209.59,1.2,0.54,0.66,0.27,7.41,7.39,luxury,low,0.81,35.1,32.5,26.5,0,0,1.0,11.38
218.92,1.91,0.26,0.49,0.14,1.93,3.17,perishable,high,0.81,32.3,20.1,9.5,0,0,1.2,25.33
281.12,1.85,0.11,0.51,0.28,3.43,0.57,furniture,standard,0.86,29.5,5.9,5.2,0,0,1.0,33.37
156.46,1.4,0.33,0.82,0.27,9.8,6.3,general,high,0.71,31.9,17.7,17.0,1,0,1.0,16.22
208.37,1.78,0.07,0.78,0.26,4.6,4.68,hazmat,standard,0.6,35.7,5.0,3.7,0,1,1.4,31.17
87.34,1.47,0.09,0.75,0.44,0.39,16.43,luxury,high,0.83,25.8,6.7,3.5,0,0,1.0,13.31
195.08,1.23,0.33,0.85,0.06,0.02,5.0,general,high,0.67,36.0,24.8,16.8,0,0,1.0,11.43
244.14,1.56,0.4,0.28,0.52,5.69,2.91,perishable,standard,0.91,33.9,31.8,16.4,1,0,1.2,31.95
96.49,1.51,0.34,0.55,0.38,2.29,9.15,general,low,0.68,28.1,21.2,12.4,1,0,1.0,16.48
79.16,1.42,0.23,0.96,0.57,1.13,1.67,medicine,critical,0.81,36.5,14.2,13.5,0,0,1.2,8.94
17.88,1.71,0.36,0.19,0.47,3.62,6.09,perishable,high,0.64,28.9,22.5,21.3,0,1,1.2,17.31
196.83,1.5,0.49,0.94,0.54,0.05,0.23,luxury,critical,0.65,26.1,28.5,19.7,1,1,1.0,33.37
45.75,2.16,0.4,0.23,0.21,4.39,0.75,furniture,high,0.8,34.2,24.8,15.7,0,1,1.0,15.25
254.55,1.51,0.15,0.14,0.29,0.28,3.4,general,high,0.88,31.5,10.6,6.3,1,0,1.0,15.95
260.66,1.35,0.07,0.27,0.2,2.79,4.38,luxury,standard,0.87,31.3,3.5,2.6,0,1,1.0,15.27
85.94,2.14,0.41,0.51,0.04,16.55,2.7,perishable,critical,0.89,35.5,30.1,16.8,1,2,1.2,37.78
209.89,1.09,0.12,0.34,0.3,1.5,4.74,furniture,standard,0.8,32.0,7.1,4.7,0,0,1.0,7.12
64.43,2.32,0.49,0.51,0.04,13.51,16.43,furniture,low,0.89,30.4,29.9,26.8,0,2,1.0,30.42
138.14,1.52,0.25,0.52,0.3,5.69,4.08,medicine,standard,0.81,33.0,16.5,10.2,0,0,1.2,19.07
152.13,2.0,0.32,0.99,0.17,4.37,6.03,hazmat,standard,0.83,28.6,25.1,15.7,0,1,1.4,27.51
163.23,1.48,0.27,0.6,0.26,3.98,0.93,general,high,0.67,28.9,14.1,11.6,0,0,1.0,16.42
99.82,1.3,0.61,0.79,0.23,0.66,2.81,general,standard,0.89,34.6,31.8,29.3,0,1,1.0,10.68
92.79,1.16,0.51,0.18,0.39,2.18,9.14,general,critical,0.78,33.3,30.0,25.9,1,3,1.0,27.68
126.48,1.11,0.42,0.64,0.22,0.26,7.51,luxury,standard,0.94,24.5,27.3,23.8,0,0,1.0,6.53
32.21,1.51,0.25,0.35,0.28,0.59,0.66,medicine,high,0.6,35.0,12.9,10.7,0,0,1.2,5.47
168.95,1.37,0.46,0.34,0.2,2.02,9.01,furniture,standard,0.7,33.1,24.1,23.6,0,0,1.0,18.44
89.76,1.05,0.53,1.0,0.31,9.54,3.41,general,standard,0.85,32.5,31.5,25.0,0,0,1.0,10.09
190.27,1.52,0.07,0.38,0.24,3.85,3.12,perishable,critical,0.9,28.6,4.7,3.8,0,1,1.2,13.39
52.27,1.8,0.28,0.88,0.38,1.26,3.85,general,low,0.76,28.0,21.0,14.8,1,1,1.0,16.04
106.86,1.97,0.73,0.51,0.12,1.38,4.91,medicine,standard,0.89,30.2,44.9,33.8,0,0,1.2,32.02
47.97,1.11,0.44,0.44,0.23,2.32,0.73,general,standard,0.88,32.0,26.8,22.8,1,0,1.0,18.22
154.22,2.83,0.24,0.23,0.51,1.73,1.3,hazmat,high,0.9,27.1,15.0,8.6,0,0,1.4,52.69
270.65,1.62,0.02,0.7,0.03,4.89,0.98,general,high,0.74,34.2,1.3,0.9,0,0,1.0,26.13
45.05,1.09,0.43,0.58,0.47,4.34,1.42,luxury,low,0.92,30.8,28.0,16.4,0,0,1.0,4.4
104.44,2.09,0.51,0.66,0.48,4.38,5.92,medicine,critical,0.88,31.8,29.7,24.4,0,0,1.2,15.63
93.65,1.98,0.13,0.85,0.57,8.02,4.53,general,low,0.76,25.7,9.0,7.0,0,0,1.0,19.22
111.34,1.1,0.18,0.82,0.27,11.99,11.46,perishable,critical,0.86,30.6,12.0,9.9,1,1,1.2,11.34
93.03,1.26,0.2,0.19,0.33,4.1,10.92,perishable,critical,0.79,27.6,14.3,10.8,1,0,1.2,5.4
98.23,2.78,0.37,0.14,0.16,0.52,11.55,hazmat,high,0.82,26.0,29.6,18.0,0,0,1.4,47.79
83.62,2.07,0.64,0.57,0.21,9.14,8.13,general,standard,0.95,35.3,34.1,25.3,0,0,1.0,16.9
205.7,1.83,0.34,0.21,0.3,8.04,1.15,perishable,low,0.94,32.1,20.1,18.8,0,2,1.2,43.82
38.97,2.21,0.19,0.98,0.19,0.56,0.7,general,standard,0.92,32.9,14.0,10.0,0,2,1.0,12.61
188.49,1.82,0.42,0.7,0.18,3.98,1.02,hazmat,high,0.78,34.0,21.0,17.7,1,2,1.4,49.06
46.55,2.2,0.16,0.89,0.17,3.06,2.89,furniture,low,0.77,27.8,12.4,7.2,1,0,1.0,13.33
35.72,1.39,0.26,0.12,0.08,8.39,12.74,general,standard,0.84,33.3,20.5,15.4,0,1,1.0,11.97
231.51,1.18,0.37,0.51,0.36,4.4,5.43,luxury,low,0.85,26.4,18.2,16.5,0,0,1.0,10.11
140.16,1.13,0.14,0.51,0.49,19.39,13.91,general,standard,0.64,28.1,10.0,5.1,0,1,1.0,10.45
168.55,1.12,0.65,0.32,0.24,6.61,2.96,furniture,standard,0.71,32.2,51.0,37.5,0,0,1.0,9.98
204.28,1.62,0.56,0.18,0.54,3.92,5.51,luxury,high,0.72,32.0,39.5,27.7,0,0,1.0,19.54
23.73,1.64,0.07,0.35,0.24,0.4,7.36,luxury,standard,0.75,25.6,5.2,4.1,1,0,1.0,3.19
34.99,1.43,0.54,0.71,0.1,1.29,1.29,perishable,high,0.6,27.1,35.4,21.3,0,0,1.2,12.61
61.68,1.5,0.28,0.13,0.25,3.2,0.98,hazmat,standard,0.72,34.6,18.4,13.6,0,0,1.4,10.26
183.48,1.68,0.59,0.55,0.29,0.08,0.53,hazmat,standard,0.86,28.6,29.3,32.0,0,0,1.4,31.62
97.91,1.56,0.25,0.5,0.38,2.34,0.17,perishable,standard,0.9,31.2,12.6,10.8,0,0,1.2,13.24
142.17,1.4,0.61,0.34,0.24,12.6,2.66,general,critical,0.71,30.2,41.6,35.6,1,0,1.0,20.93
160.18,1.11,0.56,0.37,0.33,5.65,2.06,general,standard,0.84,29.6,36.8,21.9,1,1,1.0,22.4
134.59,1.1,0.49,0.3,0.41,5.24,8.32,furniture,standard,0.81,31.2,28.6,22.6,0,0,1.0,12.8
262.93,1.12,0.35,0.68,0.25,8.09,0.06,furniture,standard,0.75,29.0,23.1,12.3,1,3,1.0,18.47
206.33,1.41,0.87,0.52,0.7,0.57,0.49,general,standard,0.62,29.3,46.6,36.8,0,0,1.0,17.22
208.9,1.76,0.23,0.8,0.23,6.32,1.14,perishable,standard,0.72,27.4,16.4,13.6,0,0,1.2,27.89
146.77,1.56,0.31,0.73,0.73,7.93,3.74,general,low,0.79,29.2,21.0,12.5,0,2,1.0,21.05
235.0,2.26,0.38,0.6,0.2,1.68,5.27,perishable,critical,0.65,29.8,27.7,14.5,0,0,1.2,43.14
198.82,1.46,0.1,0.97,0.5,5.48,3.45,perishable,standard,0.87,29.4,7.1,4.0,0,0,1.2,23.21
246.11,1.35,0.31,0.45,0.15,6.97,0.11,luxury,standard,0.78,31.9,20.1,16.8,0,0,1.0,11.55
219.74,1.13,0.73,0.89,0.4,0.04,5.09,perishable,low,0.71,33.6,49.0,30.1,0,1,1.2,14.22
141.88,1.82,0.5,0.53,0.53,16.69,4.27,perishable,critical,0.69,29.5,35.8,23.6,0,1,1.2,31.41
88.87,1.91,0.64,0.3,0.21,5.44,1.05,furniture,standard,0.66,32.6,50.9,32.3,1,0,1.0,26.84
70.81,1.78,0.03,0.67,0.31,0.7,0.72,furniture,high,0.9,33.0,2.4,1.7,1,0,1.0,8.96
147.61,1.56,0.04,0.54,0.33,5.2,1.7,hazmat,high,0.86,27.8,2.3,2.4,0,1,1.4,16.13
112.64,2.05,0.55,0.41,0.34,2.18,0.08,hazmat,high,0.85,28.2,43.7,24.2,1,2,1.4,44.1
117.65,2.33,0.21,0.86,0.37,2.16,0.84,perishable,standard,0.79,32.9,14.2,11.7,0,1,1.2,37.92
134.38,1.87,0.29,0.16,0.38,1.46,1.07,medicine,critical,0.77,30.7,21.1,12.6,0,1,1.2,21.16
305.1,1.72,0.01,0.39,0.62,4.47,2.42,furniture,standard,0.85,24.3,0.8,0.5,1,0,1.0,26.08
141.41,1.01,0.3,0.76,0.42,6.92,1.03,perishable,low,0.69,28.1,21.8,13.1,0,0,1.2,9.86
78.88,2.06,0.15,0.26,0.12,3.81,15.08,furniture,standard,0.87,33.0,8.0,8.6,0,0,1.0,17.9
163.18,1.99,0.43,0.55,0.45,0.36,5.3,perishable,high,0.72,34.8,22.8,19.6,1,5,1.2,49.38
84.28,1.01,0.28,0.43,0.17,3.33,0.04,medicine,low,0.67,27.3,19.0,16.8,0,0,1.2,6.58
266.8,1.09,0.22,0.4,0.33,5.43,1.28,medicine,standard,0.85,34.9,14.1,7.9,1,1,1.2,14.49
121.04,1.63,0.37,0.47,0.2,0.77,10.49,hazmat,critical,0.78,30.1,23.5,19.0,0,1,1.4,32.5
52.14,1.32,0.51,0.59,0.18,2.85,0.13,medicine,standard,0.86,31.8,25.7,29.0,0,0,1.2,12.42
101.63,1.75,0.54,0.38,0.52,2.96,4.17,general,low,0.63,29.0,40.3,29.2,0,1,1.0,25.01
71.88,2.33,0.09,0.46,0.26,0.02,4.16,perishable,low,0.94,29.3,6.5,4.9,1,0,1.2,22.44
70.56,2.01,0.37,0.66,0.21,9.09,5.53,luxury,standard,0.93,34.0,18.5,13.9,0,0,1.0,14.57
150.98,1.09,0.15,0.4,0.03,0.7,3.38,general,high,0.62,32.5,8.8,5.5,0,0,1.0,7.3
188.86,2.16,0.47,0.88,0.25,4.27,6.4,general,standard,0.9,33.4,27.2,27.7,1,1,1.0,38.93
181.28,1.29,0.42,0.82,0.23,11.0,6.37,medicine,standard,0.56,31.5,21.0,21.6,1,0,1.2,22.87
248.37,1.83,0.67,0.23,0.15,10.68,0.06,furniture,standard,0.91,31.4,36.0,29.8,0,0,1.0,29.14
314.4,1.34,0.69,0.86,0.15,6.14,5.6,furniture,low,0.92,36.0,36.0,27.0,0,1,1.0,31.2
31.74,1.13,0.04,0.26,0.47,8.1,4.27,perishable,high,0.97,29.2,2.7,1.9,1,0,1.2,3.11
135.79,2.43,0.26,0.2,0.14,13.63,6.46,medicine,standard,0.72,33.5,17.0,10.6,0,0,1.2,35.82
40.12,2.21,0.26,0.98,0.86,2.77,3.13,general,low,0.83,25.9,19.9,14.4,0,0,1.0,15.85
85.14,1.16,0.29,0.6,0.21,13.16,2.11,perishable,critical,0.75,31.7,21.8,15.6,0,1,1.2,14.66
62.19,1.5,0.31,0.88,0.21,12.97,0.69,perishable,standard,0.77,26.0,15.9,18.1,1,1,1.2,17.52
174.75,1.23,0.17,0.32,0.22,1.87,5.03,hazmat,high,0.98,26.0,12.9,9.7,1,0,1.4,12.23
180.34,1.93,0.3,0.95,0.36,6.81,9.96,medicine,critical,0.88,30.5,18.7,13.5,0,0,1.2,35.62
83.93,1.35,0.67,0.91,0.69,6.07,0.43,furniture,standard,0.82,30.5,48.4,32.5,0,1,1.0,19.01
113.07,1.65,0.67,0.58,0.43,0.4,1.91,general,low,0.68,30.9,48.2,33.2,0,0,1.0,23.51
141.11,2.81,0.48,0.86,0.55,9.02,11.29,furniture,standard,0.63,34.7,37.2,22.2,0,0,1.0,53.72
148.64,1.12,0.01,0.45,0.31,0.85,4.55,general,high,0.69,28.5,0.8,0.5,0,2,1.0,9.35
51.41,2.13,0.59,0.64,0.6,1.31,4.06,perishable,high,0.91,29.5,30.9,21.8,1,1,1.2,33.6
138.87,1.48,0.11,0.7,0.49,4.38,9.22,general,standard,0.87,27.5,8.5,5.7,0,1,1.0,17.17
60.98,1.5,0.29,0.86,0.28,6.23,3.14,medicine,critical,0.79,31.2,21.7,10.5,1,1,1.2,15.99
183.47,1.67,0.39,0.69,0.43,7.43,2.64,general,critical,0.97,32.3,20.5,23.1,0,0,1.0,17.06
234.31,1.55,0.16,0.98,0.35,2.16,20.26,hazmat,standard,0.72,25.5,11.9,8.1,0,1,1.4,37.84
171.72,1.49,0.18,0.11,0.37,3.48,3.4,perishable,standard,0.91,23.9,11.7,9.2,0,0,1.2,15.26
59.54,1.83,0.92,0.85,0.36,2.73,9.52,medicine,critical,0.58,23.2,52.4,40.7,0,1,1.2,29.63
194.25,2.25,0.34,0.37,0.57,1.17,5.83,medicine,low,0.8,31.2,17.5,13.2,0,0,1.2,41.64
116.16,1.48,0.21,0.2,0.28,1.57,3.23,hazmat,high,0.65,27.2,13.1,12.0,0,2,1.4,19.34
30.47,2.3,0.81,0.29,0.5,4.88,2.99,perishable,standard,0.99,33.5,52.5,32.9,0,0,1.2,21.93
77.1,1.87,0.15,0.82,0.19,8.08,3.86,general,standard,0.85,25.5,8.7,7.9,1,0,1.0,13.04
212.51,1.46,0.27,0.46,0.04,4.66,5.9,perishable,high,0.81,27.7,18.7,14.8,1,0,1.2,21.3
107.96,1.35,0.58,0.7,0.53,3.22,2.62,general,low,0.9,30.5,43.4,23.1,1,0,1.0,21.04
99.03,1.22,0.56,0.69,0.55,6.95,5.13,general,high,0.94,32.0,35.9,33.5,0,0,1.0,12.32
188.61,1.49,0.24,0.41,0.37,0.52,6.11,furniture,high,0.79,33.7,16.7,11.9,0,2,1.0,16.23
226.24,1.31,0.02,0.58,0.35,4.18,4.31,furniture,high,0.88,35.9,1.6,1.0,0,1,1.0,14.05
215.07,2.08,0.03,0.56,0.35,3.27,0.17,furniture,high,0.76,25.0,1.8,1.1,0,1,1.0,28.95
73.72,2.56,0.17,0.49,0.28,1.17,6.73,perishable,high,0.82,27.6,11.1,7.2,1,1,1.2,29.48
90.5,2.13,0.49,0.32,0.19,1.72,1.54,perishable,critical,0.95,25.3,36.9,23.2,1,1,1.2,28.9
131.04,1.38,0.66,0.51,0.46,6.42,0.91,medicine,standard,0.79,26.9,50.7,35.6,0,0,1.2,19.59
245.39,2.09,0.07,0.17,0.12,3.51,3.91,luxury,standard,0.78,32.9,5.0,3.1,1,0,1.0,39.33
196.58,1.4,0.45,0.74,0.32,9.26,4.38,general,low,0.87,28.5,32.4,24.7,1,0,1.0,30.96
95.33,1.27,0.2,0.54,0.17,0.15,1.92,perishable,high,0.71,34.2,15.5,11.6,1,0,1.2,8.08
108.1,1.27,0.21,0.82,0.45,2.21,3.99,perishable,high,0.95,32.6,11.3,8.8,0,0,1.2,7.64
239.81,2.45,0.32,0.3,0.46,1.77,2.88,general,standard,0.79,27.0,20.5,16.4,1,0,1.0,51.26
131.71,1.56,0.22,0.46,0.57,1.44,4.46,medicine,standard,0.76,26.7,16.8,8.9,1,2,1.2,16.26
143.37,1.53,0.72,0.93,0.39,4.84,2.85,hazmat,standard,0.79,26.1,50.8,28.0,1,1,1.4,71.52
156.63,1.4,0.57,0.57,0.53,3.07,0.41,perishable,standard,0.77,30.3,42.2,28.7,0,0,1.2,21.11
289.71,2.64,0.37,0.92,0.36,8.52,0.12,furniture,standard,0.85,28.7,24.1,16.8,1,1,1.0,75.44
196.89,1.29,0.28,0.46,0.57,0.27,2.47,perishable,high,0.81,29.2,22.0,12.8,1,0,1.2,16.21
135.9,2.96,0.16,0.94,0.15,3.54,0.27,general,standard,0.73,29.0,8.0,7.0,0,0,1.0,49.6
43.93,1.73,0.2,0.54,0.18,1.11,0.5,furniture,standard,0.78,29.1,15.1,11.8,0,1,1.0,10.26
45.49,1.54,0.17,0.28,0.37,1.15,3.57,general,high,0.58,32.3,12.6,7.5,0,0,1.0,8.53
91.41,1.58,0.28,0.56,0.35,0.06,8.13,perishable,standard,0.75,28.2,17.3,16.3,0,0,1.2,12.16
35.28,1.01,0.02,0.7,0.41,1.49,4.87,hazmat,low,0.64,23.1,1.5,0.8,0,0,1.4,5.64
108.49,1.72,0.22,0.73,0.58,7.05,3.71,medicine,critical,0.89,28.4,11.3,9.5,1,0,1.2,17.84
133.46,1.75,0.13,0.56,0.04,5.69,6.8,perishable,high,0.77,27.8,9.2,6.7,1,1,1.2,25.44
139.93,1.31,0.04,0.55,0.18,3.66,4.7,furniture,critical,0.82,33.5,2.4,1.5,0,0,1.0,7.3
134.49,3.12,0.33,0.31,0.72,7.57,2.9,perishable,low,0.68,27.3,16.3,12.8,0,2,1.2,77.11
101.37,2.2,0.32,0.17,0.09,0.63,7.5,general,standard,0.88,28.2,23.6,18.4,1,1,1.0,27.16
77.25,1.27,0.42,0.15,0.23,1.55,1.72,general,critical,0.89,32.4,23.0,17.8,0,0,1.0,6.8
183.98,1.39,0.15,0.44,0.41,19.95,1.55,perishable,standard,0.75,31.7,10.9,5.8,1,0,1.2,15.59
33.86,2.14,0.71,0.35,0.43,6.39,8.05,general,critical,0.95,26.9,44.8,28.0,0,0,1.0,13.3
233.07,2.05,0.66,0.91,0.15,2.6,0.2,general,standard,0.82,25.9,50.7,32.4,0,0,1.0,39.94
46.36,1.31,0.17,0.14,0.49,2.7,1.54,perishable,standard,0.84,28.3,10.9,7.4,1,0,1.2,3.99
175.62,1.54,0.57,0.84,0.4,4.52,1.61,perishable,low,0.87,31.4,32.9,29.6,0,2,1.2,36.55
188.22,1.51,0.65,0.56,0.2,0.06,1.67,furniture,standard,0.91,34.3,47.1,27.0,0,0,1.0,20.21
193.56,2.06,0.8,0.81,0.43,6.16,1.67,hazmat,critical,0.85,31.3,52.6,45.2,1,0,1.4,56.26
132.2,1.2,0.25,0.24,0.4,0.33,0.83,general,high,0.71,33.3,12.5,11.5,0,0,1.0,7.46
131.25,1.82,0.37,0.91,0.32,3.48,2.49,furniture,high,0.66,33.5,23.1,19.7,0,1,1.0,25.76
106.48,2.44,0.13,0.41,0.25,4.9,1.97,hazmat,critical,0.91,29.5,10.3,4.6,0,2,1.4,34.78
16.9,1.46,0.42,0.98,0.45,4.68,3.43,general,standard,0.91,34.9,21.7,14.8,1,1,1.0,11.91
209.72,1.53,0.49,0.79,0.4,11.62,2.96,perishable,standard,0.72,34.4,35.7,26.9,1,0,1.2,41.0
135.11,2.2,0.54,0.86,0.12,1.26,1.29,general,standard,0.8,24.1,28.6,24.0,0,1,1.0,28.36
192.19,1.83,0.51,0.13,0.15,1.05,1.36,furniture,standard,0.7,31.2,38.5,22.9,0,1,1.0,38.73
92.79,2.12,0.14,0.11,0.34,5.6,2.61,perishable,high,0.96,30.2,8.2,6.6,0,0,1.2,17.29
94.89,1.11,0.31,0.27,0.18,3.12,4.88,furniture,standard,0.88,34.4,17.7,15.2,0,0,1.0,2.86
108.98,1.96,0.28,0.73,0.04,7.14,5.15,furniture,critical,0.74,26.7,18.6,13.6,1,1,1.0,20.32
85.47,1.85,0.12,0.65,0.4,3.05,3.22,perishable,standard,0.86,26.7,8.0,6.0,1,0,1.2,16.5
221.96,1.33,0.76,0.81,0.26,4.41,7.11,luxury,standard,0.74,31.8,44.6,40.3,1,0,1.0,29.11
124.44,1.06,0.36,0.82,0.52,0.12,7.21,general,standard,0.74,30.6,19.9,19.4,0,1,1.0,5.3
215.11,2.01,0.4,0.84,0.31,6.82,9.22,furniture,standard,0.77,26.2,21.6,23.5,1,0,1.0,38.57
97.54,2.3,0.69,0.99,0.4,15.06,3.73,luxury,standard,0.84,34.6,38.0,35.8,0,1,1.0,25.04
212.56,2.09,0.58,0.68,0.45,0.66,5.82,furniture,critical,0.71,27.8,41.7,30.0,1,0,1.0,48.01
128.84,1.29,0.3,0.55,0.4,1.11,2.69,general,critical,0.78,30.9,20.5,14.3,1,0,1.0,5.73
209.08,1.94,0.51,0.44,0.27,8.34,4.52,perishable,standard,0.91,33.7,40.4,29.1,0,1,1.2,35.76
40.42,1.86,0.12,0.97,0.09,0.44,20.18,furniture,high,0.86,28.2,9.0,4.7,1,0,1.0,13.67
129.65,1.37,0.15,0.69,0.46,0.81,8.97,luxury,standard,0.94,30.0,7.6,7.8,1,2,1.0,17.76
103.18,2.09,0.42,0.74,0.35,0.81,3.1,luxury,high,0.81,32.1,29.5,21.7,1,0,1.0,24.97
144.19,1.37,0.43,0.76,0.36,1.91,8.02,general,high,0.58,31.3,27.5,21.1,0,2,1.0,17.25
238.46,1.49,0.2,0.35,0.03,4.3,0.03,general,high,0.93,26.7,12.7,9.2,0,1,1.0,14.25
120.7,1.14,0.32,0.75,0.58,3.8,0.4,luxury,high,0.78,36.0,25.2,14.8,0,0,1.0,7.61
182.73,2.53,0.18,0.31,0.58,4.48,13.7,general,high,0.89,33.7,9.7,7.7,1,1,1.0,45.15
86.16,2.72,0.11,0.57,0.38,0.45,2.0,luxury,high,0.71,27.9,7.0,4.2,0,0,1.0,22.85
151.24,1.61,0.25,0.22,0.15,1.12,2.3,perishable,critical,0.97,32.1,19.5,10.6,0,1,1.2,20.05
181.47,2.01,0.21,0.57,0.42,10.67,0.46,general,low,0.78,26.4,11.9,9.1,0,1,1.0,27.92
114.71,1.4,0.72,0.91,0.33,0.16,2.04,furniture,standard,0.86,32.0,36.3,36.8,1,1,1.0,17.86
208.92,1.82,0.25,0.43,0.16,9.48,6.43,general,high,0.67,31.7,19.7,14.5,0,0,1.0,25.63
73.8,2.68,0.38,0.5,0.38,0.24,2.46,medicine,high,0.64,30.4,24.8,16.3,0,2,1.2,42.08
141.04,2.29,0.38,0.65,0.14,3.01,0.48,hazmat,low,0.84,27.7,24.5,15.5,0,0,1.4,55.29
224.83,1.6,0.42,1.0,0.36,1.6,8.54,hazmat,standard,0.71,24.1,26.7,21.3,0,0,1.4,36.25
194.94,1.3,0.24,0.93,0.44,0.55,7.6,general,standard,0.94,33.1,13.0,14.1,0,1,1.0,11.35
98.42,1.64,0.19,0.47,0.25,0.49,1.69,general,high,0.88,33.2,13.6,10.4,0,0,1.0,7.29
48.11,1.12,0.16,0.99,0.26,0.06,3.02,medicine,standard,0.84,32.3,11.1,6.4,0,2,1.2,13.55
126.22,1.44,0.37,0.77,0.16,11.4,5.28,furniture,standard,0.9,34.6,25.8,16.6,0,0,1.0,13.78
123.19,2.13,0.2,0.2,0.34,0.74,7.73,perishable,low,0.97,29.3,10.7,8.1,0,0,1.2,27.84
101.51,2.33,0.7,0.99,0.28,4.58,13.54,furniture,low,0.79,31.5,51.3,33.0,0,0,1.0,36.13
105.47,1.26,0.29,0.73,0.09,3.55,5.39,furniture,high,0.79,28.7,16.6,11.9,1,0,1.0,10.32
110.87,1.68,0.22,0.68,0.35,2.06,0.35,medicine,standard,0.69,28.1,15.2,7.9,1,1,1.2,16.54
168.49,1.68,0.17,0.97,0.17,2.54,1.5,medicine,high,0.86,26.0,13.3,6.4,0,0,1.2,23.41
103.12,1.99,0.55,0.56,0.11,12.76,2.96,medicine,high,0.9,27.0,36.6,22.0,0,0,1.2,23.06
165.34,1.6,0.69,0.27,0.19,4.51,0.99,furniture,low,0.88,27.9,35.4,27.4,0,0,1.0,25.65
60.78,2.84,0.29,0.36,0.09,7.57,2.84,furniture,low,0.81,31.4,18.2,11.2,0,1,1.0,25.18
121.65,1.09,0.28,0.62,0.18,2.22,6.26,general,standard,0.74,32.1,18.1,10.4,0,1,1.0,9.95
94.75,2.6,0.15,0.3,0.35,2.32,3.11,medicine,high,0.71,30.2,8.8,8.6,0,0,1.2,24.58
32.35,1.57,0.27,0.35,0.13,6.92,18.04,furniture,critical,0.74,26.2,16.4,11.1,0,0,1.0,12.29
80.11,1.11,0.7,0.93,0.07,2.49,9.73,perishable,low,0.83,32.2,37.7,25.8,0,1,1.2,22.39
172.08,1.52,0.57,0.47,0.05,0.14,4.27,perishable,low,0.72,29.0,35.2,31.9,0,0,1.2,33.16
39.33,1.06,0.22,0.81,0.36,7.72,5.63,general,standard,0.83,28.5,15.3,9.6,0,0,1.0,7.04
147.78,1.19,0.66,0.51,0.21,2.44,1.6,medicine,high,0.68,33.7,39.1,31.8,0,1,1.2,16.32
81.94,1.96,0.17,0.65,0.29,3.15,2.08,medicine,critical,0.87,29.1,12.8,7.7,0,0,1.2,12.6
194.42,2.07,0.73,0.98,0.24,4.46,0.02,luxury,high,0.7,33.6,43.8,35.9,0,1,1.0,30.58
58.27,1.1,0.15,0.11,0.28,0.22,7.63,perishable,critical,0.84,26.9,9.6,5.4,1,0,1.2,2.91
82.65,2.35,0.05,0.16,0.43,3.88,14.78,furniture,low,0.87,33.1,3.1,2.0,0,0,1.0,18.23
212.99,1.9,0.12,0.35,0.43,3.49,1.53,luxury,low,0.92,27.5,6.0,6.6,0,0,1.0,31.22
52.03,2.61,0.52,0.55,0.56,0.27,0.37,furniture,critical,0.68,25.0,36.8,19.3,1,1,1.0,33.77
236.1,1.11,0.18,0.97,0.29,2.72,3.01,perishable,standard,0.84,27.6,13.3,6.5,0,0,1.2,11.64
77.28,1.04,0.21,0.44,0.49,6.35,2.25,furniture,low,0.9,25.8,16.0,10.1,1,1,1.0,11.49
9.9,1.53,0.72,0.48,0.23,2.54,0.63,luxury,standard,0.75,28.2,43.3,26.5,0,2,1.0,10.57
193.0,1.64,0.26,0.69,0.38,15.78,4.34,general,high,0.84,29.4,17.1,12.3,0,2,1.0,27.86
100.02,2.63,0.16,0.98,0.62,1.78,5.33,general,standard,0.83,26.1,8.1,5.9,0,0,1.0,23.29
183.13,1.41,0.37,0.34,0.51,3.1,1.15,perishable,high,0.89,24.0,22.9,21.4,1,2,1.2,21.59
201.84,1.96,0.32,0.67,0.45,1.27,6.23,luxury,high,0.76,28.4,20.3,13.1,1,1,1.0,27.1
38.27,2.21,0.15,0.8,0.45,8.79,2.14,hazmat,standard,0.96,29.7,10.8,7.9,0,1,1.4,18.23
28.1,1.23,0.7,0.28,0.15,0.93,1.51,medicine,high,0.7,28.5,48.9,31.9,0,0,1.2,13.29
189.07,1.71,0.15,0.29,0.62,3.73,0.39,hazmat,standard,0.7,32.8,10.2,7.8,1,0,1.4,44.02
85.51,1.94,0.08,0.65,0.46,2.45,0.87,hazmat,standard,0.64,34.6,5.4,4.5,0,1,1.4,26.28
250.35,1.42,0.58,0.8,0.21,2.72,9.23,perishable,critical,0.8,30.4,35.9,26.5,1,1,1.2,40.1
107.14,2.11,0.04,0.43,0.4,7.24,2.61,furniture,low,0.82,31.8,2.2,1.7,0,0,1.0,18.16
204.55,2.15,0.08,0.87,0.21,5.76,17.85,furniture,high,0.93,33.0,4.5,4.1,0,1,1.0,34.34
176.86,1.2,0.12,0.5,0.09,1.7,3.98,hazmat,low,0.66,34.6,8.4,5.4,0,1,1.4,18.11
64.97,2.05,0.55,0.53,0.4,5.08,0.4,medicine,critical,0.8,27.3,27.5,27.5,0,0,1.2,18.06
256.56,2.14,0.17,0.42,0.6,1.88,4.3,general,standard,0.86,31.4,11.5,8.0,0,2,1.0,31.77
121.75,1.36,0.51,0.31,0.45,0.2,0.55,medicine,high,0.81,27.6,26.9,25.4,1,1,1.2,19.51
163.45,1.4,0.2,0.32,0.4,14.85,7.29,furniture,high,0.85,30.7,11.4,7.7,0,1,1.0,15.44
136.82,1.5,0.54,0.73,0.17,3.75,6.58,medicine,high,0.9,28.1,40.8,19.1,1,1,1.2,37.68
259.71,1.97,0.51,0.48,0.48,7.64,1.24,perishable,low,0.74,35.0,26.9,28.7,0,0,1.2,63.1
261.53,2.83,0.38,0.35,0.3,6.16,5.46,medicine,low,0.7,31.2,23.3,22.1,0,0,1.2,88.86
62.72,2.32,0.2,0.56,0.21,21.49,5.22,furniture,high,0.69,32.6,12.3,8.5,0,1,1.0,19.23
86.29,2.56,0.27,0.13,0.22,5.2,1.46,general,high,0.53,31.7,19.1,13.5,1,3,1.0,35.12
67.47,1.89,0.45,0.56,0.28,16.33,3.8,perishable,standard,0.66,29.1,26.0,19.5,0,0,1.2,22.34
36.42,2.04,0.18,0.64,0.33,10.0,0.04,general,standard,0.75,30.5,11.4,7.6,0,0,1.0,6.66
80.89,1.72,0.1,0.94,0.49,1.72,1.87,furniture,high,0.85,28.2,4.9,5.0,0,2,1.0,16.8
49.7,2.75,0.44,0.72,0.59,21.87,0.67,general,high,0.77,33.8,35.3,22.9,0,0,1.0,34.59
189.08,2.2,0.72,0.51,0.19,6.15,0.48,hazmat,low,0.65,33.0,49.5,43.0,1,0,1.4,81.38
20.42,1.84,0.37,0.6,0.29,1.73,4.52,perishable,high,0.97,29.4,23.0,16.3,0,3,1.2,17.05
72.58,1.12,0.24,0.98,0.36,0.05,0.25,luxury,high,0.92,27.8,15.6,12.0,0,0,1.0,4.52
135.59,2.04,0.32,0.24,0.16,0.02,0.45,general,standard,0.71,32.1,20.1,16.0,1,1,1.0,21.44
165.16,1.19,0.25,0.7,0.15,4.08,3.24,perishable,low,0.94,24.6,15.3,12.2,1,0,1.2,9.8
116.41,1.78,0.2,0.76,0.15,0.16,8.79,luxury,critical,0.7,29.6,14.1,9.5,1,0,1.0,19.48
89.55,1.32,0.09,0.45,0.3,2.26,4.02,hazmat,standard,0.69,31.0,5.1,5.2,1,1,1.4,10.6
152.28,1.36,0.22,0.34,0.06,4.13,1.26,perishable,standard,0.83,25.4,12.5,10.0,0,0,1.2,14.85
133.16,1.45,0.51,0.37,0.14,0.67,7.2,luxury,critical,0.88,31.8,25.5,25.7,1,0,1.0,19.2
208.61,1.53,0.2,0.43,0.15,0.11,2.67,luxury,low,0.71,33.0,13.2,7.3,0,1,1.0,25.23
121.68,1.06,0.49,0.3,0.22,3.5,0.46,medicine,critical,0.95,36.3,26.8,18.2,0,0,1.2,9.54
133.76,2.19,0.48,0.45,0.4,0.01,11.35,furniture,standard,0.71,30.1,34.9,26.4,0,1,1.0,35.65
139.77,2.18,0.24,0.78,0.6,0.68,1.8,furniture,standard,0.87,30.8,12.8,10.0,0,0,1.0,25.77
55.02,1.8,0.74,0.64,0.3,7.62,6.27,luxury,standard,0.71,26.1,38.9,31.3,0,0,1.0,14.94
145.72,1.94,0.24,0.77,0.43,1.33,5.61,hazmat,standard,0.54,29.5,14.4,8.5,0,2,1.4,40.54
200.08,1.77,0.12,0.96,0.33,1.1,4.02,luxury,standard,0.67,30.0,7.1,4.8,0,2,1.0,38.24
116.17,1.06,0.52,0.32,0.33,4.28,1.68,furniture,critical,0.92,24.6,28.9,18.4,0,0,1.0,4.35
104.94,1.87,0.06,0.4,0.25,5.04,6.03,furniture,standard,0.69,27.2,4.1,3.1,1,1,1.0,24.79
28.4,1.17,0.27,0.39,0.26,3.01,9.18,general,critical,0.86,29.3,18.0,9.8,0,0,1.0,3.15
106.4,1.5,0.33,0.71,0.44,13.39,12.92,general,standard,0.91,34.1,19.2,16.5,1,0,1.0,14.4
245.8,1.79,0.2,0.47,0.43,0.15,1.63,luxury,high,0.67,23.1,15.6,11.5,0,1,1.0,29.39
70.69,2.86,0.41,0.35,0.22,14.23,3.32,perishable,standard,0.95,26.4,24.9,16.4,0,1,1.2,33.63
132.58,1.55,0.54,0.67,0.49,0.74,6.25,medicine,high,0.9,26.7,41.6,19.0,0,1,1.2,26.58
111.94,1.32,0.08,0.92,0.15,15.39,19.08,luxury,critical,0.64,36.4,6.0,3.8,0,0,1.0,9.76
65.9,1.64,0.2,0.37,0.09,7.97,2.51,general,standard,0.76,29.7,15.0,8.3,1,0,1.0,8.83
22.33,1.55,0.1,0.74,0.18,2.02,0.95,furniture,high,0.74,33.4,6.4,4.9,0,0,1.0,4.9
154.67,1.02,0.53,0.47,0.11,1.49,8.95,luxury,high,0.76,33.7,31.2,30.9,0,0,1.0,6.16
132.67,2.07,0.08,0.9,0.34,7.94,6.59,general,high,0.8,28.5,6.0,3.6,0,1,1.0,26.62
97.57,2.17,0.38,0.62,0.09,2.41,9.42,luxury,standard,0.63,33.8,30.3,18.5,1,1,1.0,39.1
138.28,1.06,0.25,0.45,0.5,14.16,0.21,furniture,high,0.71,31.0,15.8,10.6,0,0,1.0,6.87
12.41,2.06,0.15,0.82,0.07,8.27,0.94,perishable,standard,0.84,28.9,10.2,8.0,0,0,1.2,8.07
151.83,1.46,0.2,0.57,0.17,2.35,1.47,medicine,high,0.72,30.0,14.6,8.0,0,0,1.2,14.94
89.61,2.35,0.64,0.7,0.02,5.1,3.73,perishable,critical,0.86,31.6,46.4,24.9,0,0,1.2,31.14
252.39,2.62,0.25,0.73,0.25,2.7,7.67,general,critical,0.7,24.4,17.9,10.8,1,0,1.0,49.73
138.09,2.19,0.49,0.94,0.72,1.48,6.41,medicine,high,0.64,31.5,36.2,21.3,1,1,1.2,59.02
110.34,2.1,0.36,0.16,0.21,6.41,1.58,perishable,standard,0.87,33.8,18.6,15.8,1,0,1.2,26.39
64.95,1.57,0.16,0.52,0.62,3.47,5.93,medicine,low,0.7,30.0,12.0,6.6,0,0,1.2,18.65
198.19,1.62,0.22,0.61,0.5,5.61,3.91,furniture,low,0.58,29.0,17.2,8.9,1,0,1.0,26.14
303.23,1.78,0.21,0.92,0.33,2.01,1.62,hazmat,standard,0.84,25.5,13.1,9.2,1,2,1.4,74.47
262.86,1.2,0.72,0.2,0.27,0.1,0.41,general,low,0.87,31.2,50.6,42.3,0,0,1.0,15.93
115.34,1.23,0.67,0.31,0.28,1.33,4.07,general,standard,0.77,32.3,39.4,24.2,1,0,1.0,25.02
132.42,1.93,0.51,0.94,0.4,9.0,4.08,general,standard,0.65,27.3,39.8,27.8,0,0,1.0,24.34
159.65,1.37,0.14,0.53,0.44,7.16,0.59,general,critical,0.62,36.0,8.5,5.6,1,0,1.0,7.33
76.49,1.22,0.65,0.7,0.47,9.33,12.62,hazmat,high,0.69,34.7,51.6,24.3,0,1,1.4,21.16
165.19,1.66,0.4,0.6,0.37,6.32,0.23,luxury,high,0.67,31.5,20.5,15.9,0,1,1.0,16.6
39.58,2.26,0.1,0.91,0.63,3.14,4.88,luxury,standard,0.77,28.8,7.4,5.0,1,0,1.0,12.54
315.03,1.91,0.38,0.18,0.12,10.49,13.62,medicine,standard,0.79,34.6,20.1,14.3,0,0,1.2,41.07
124.39,1.43,0.39,0.15,0.5,6.11,4.72,perishable,standard,0.77,26.2,30.6,13.8,1,0,1.2,27.42
169.28,1.44,0.55,0.51,0.08,1.94,5.26,perishable,critical,0.98,29.5,39.2,23.5,0,0,1.2,17.62
63.87,1.95,0.31,0.91,0.35,0.41,0.19,furniture,standard,0.89,29.0,20.9,13.9,1,0,1.0,13.23
228.8,1.68,0.01,0.64,0.1,0.53,6.24,perishable,low,0.76,34.1,0.7,0.4,0,1,1.2,39.08
84.36,1.58,0.28,0.73,0.23,2.59,0.43,perishable,high,0.81,28.1,17.7,14.4,1,0,1.2,10.3
38.67,2.38,0.32,0.9,0.44,0.62,0.49,general,low,0.68,34.8,15.7,17.3,0,1,1.0,21.92
199.58,2.28,0.11,0.23,0.25,15.94,1.98,perishable,high,0.93,35.3,6.4,6.2,1,2,1.2,33.93
314.78,1.45,0.19,0.66,0.39,2.3,2.65,furniture,high,0.85,33.2,12.5,10.3,0,2,1.0,25.51
154.92,2.51,0.76,0.26,0.42,0.96,1.69,perishable,high,0.82,33.6,42.2,34.6,1,0,1.2,57.69
31.0,2.54,0.03,0.81,0.4,6.56,1.25,furniture,critical,0.93,24.2,2.1,1.8,1,0,1.0,4.03
137.22,2.67,0.57,0.79,0.41,4.48,1.2,perishable,standard,0.68,31.1,28.8,33.9,0,0,1.2,42.49
177.27,1.67,0.24,0.17,0.35,4.68,5.5,general,standard,0.69,28.9,16.5,12.0,1,0,1.0,20.22
105.16,2.5,0.31,0.95,0.53,2.76,10.99,luxury,critical,0.91,27.4,24.5,14.5,1,0,1.0,23.46
226.75,1.72,0.55,0.46,0.12,22.07,3.78,general,critical,0.85,28.7,30.6,21.5,0,1,1.0,24.95
283.78,1.64,0.51,0.21,0.47,3.31,10.72,furniture,standard,0.73,32.9,35.7,19.6,0,0,1.0,30.82
151.85,2.58,0.67,0.31,0.39,0.4,0.27,general,low,0.73,25.5,48.1,24.9,1,0,1.0,59.79
95.5,1.31,0.68,0.92,0.36,1.61,6.03,perishable,high,0.73,30.0,44.8,25.8,0,2,1.2,25.54
130.17,1.75,0.8,0.54,0.31,3.46,2.36,hazmat,standard,0.69,23.4,56.1,36.1,0,1,1.4,45.59
193.0,1.29,0.54,0.71,0.31,4.73,0.47,furniture,standard,0.67,26.7,36.9,24.9,1,2,1.0,33.21
103.85,2.31,0.28,0.51,0.13,3.9,9.56,medicine,standard,0.93,27.9,17.8,13.5,0,1,1.2,24.85
175.95,1.92,0.18,0.19,0.53,3.65,1.72,luxury,critical,0.93,29.8,13.6,9.3,0,0,1.0,13.19
10.13,2.29,0.02,0.68,0.42,0.12,3.89,general,critical,0.87,31.3,1.1,0.9,0,1,1.0,6.11
94.13,2.75,0.35,1.0,0.15,1.95,2.32,hazmat,high,0.81,25.1,21.6,17.0,1,0,1.4,52.31
139.89,1.28,0.39,0.57,0.14,6.36,0.52,medicine,critical,0.69,31.8,26.3,15.3,1,1,1.2,22.02
87.08,1.71,0.31,0.3,0.21,3.36,3.33,general,standard,0.79,27.0,23.6,14.3,0,1,1.0,15.06
124.95,1.84,0.44,0.35,0.4,1.85,1.76,medicine,critical,0.85,30.4,32.0,21.8,0,0,1.2,19.0
153.83,1.2,0.29,0.32,0.41,1.69,5.02,furniture,critical,0.63,36.9,18.6,11.0,0,1,1.0,7.5
58.74,1.54,0.26,0.95,0.23,8.0,9.27,medicine,standard,0.76,30.4,20.8,14.0,1,0,1.2,15.95
80.35,1.34,0.43,0.96,0.15,1.25,0.85,perishable,low,0.89,32.4,32.8,16.0,1,0,1.2,26.94
282.23,2.52,0.76,0.36,0.37,2.42,1.95,general,high,0.67,32.3,45.4,32.2,0,0,1.0,60.02
90.11,2.3,0.07,0.11,0.41,2.08,1.17,general,low,0.55,27.1,4.6,2.7,0,1,1.0,25.56
61.03,1.48,0.37,0.38,0.3,0.03,4.07,perishable,critical,0.63,25.7,27.7,20.2,0,1,1.2,17.26
223.96,1.56,0.14,0.61,0.2,4.16,1.45,perishable,standard,0.69,28.3,9.7,7.5,1,0,1.2,21.35
177.04,1.33,0.47,0.84,0.34,2.19,2.25,luxury,high,0.94,31.4,24.2,20.3,0,0,1.0,16.8
204.7,2.32,0.61,0.48,0.35,3.98,2.83,general,critical,0.88,23.3,47.0,34.9,0,0,1.0,32.76
186.26,1.59,0.33,0.54,0.3,4.35,2.06,perishable,standard,0.87,33.6,17.2,18.1,0,2,1.2,29.55
199.79,1.95,0.13,0.21,0.23,0.71,2.1,perishable,standard,0.86,33.3,7.9,6.7,1,1,1.2,32.57
263.89,2.17,0.04,0.62,0.69,6.83,0.58,general,standard,0.84,28.8,2.5,1.6,0,2,1.0,51.27
165.17,2.4,0.05,0.65,0.46,4.93,0.72,perishable,standard,0.85,25.4,2.7,1.9,1,0,1.2,42.54
221.2,1.48,0.08,0.22,0.18,8.05,8.59,hazmat,standard,0.8,28.7,3.9,3.4,1,2,1.4,32.16
250.65,1.66,0.11,0.39,0.32,2.0,0.45,perishable,standard,0.67,32.2,6.9,5.8,1,1,1.2,37.37
29.46,1.4,0.67,0.36,0.54,2.35,6.39,perishable,standard,0.68,31.6,44.8,29.4,0,0,1.2,15.54
177.11,1.78,0.15,0.9,0.45,0.66,4.43,hazmat,critical,0.81,31.1,10.2,6.9,0,2,1.4,29.62
126.98,1.86,0.15,0.61,0.33,0.55,5.86,perishable,critical,0.7,27.7,9.6,6.5,0,1,1.2,30.13
53.91,1.64,0.28,0.74,0.4,2.81,14.73,perishable,standard,0.87,23.7,15.5,10.8,0,0,1.2,11.37
177.82,1.58,0.16,0.47,0.33,0.92,0.48,medicine,high,0.67,27.4,10.4,6.2,1,0,1.2,15.58
132.85,1.27,0.22,0.45,0.47,8.87,0.22,perishable,high,0.87,31.5,11.8,10.9,0,0,1.2,15.09
143.66,1.61,0.19,0.38,0.29,7.34,5.3,perishable,critical,0.77,23.3,14.2,7.7,1,0,1.2,16.02
139.46,1.57,0.08,0.32,0.32,3.47,0.7,furniture,high,0.89,24.5,6.2,3.3,0,0,1.0,15.14
161.54,1.27,0.2,0.97,0.03,0.29,3.58,general,high,0.72,29.7,12.1,8.4,1,0,1.0,8.62
164.54,2.19,0.52,0.49,0.26,4.83,2.46,luxury,high,0.91,36.1,39.0,26.4,1,2,1.0,40.41
96.29,1.55,0.47,0.41,0.39,10.95,8.01,medicine,high,0.81,33.5,23.1,26.9,0,0,1.2,24.55
45.19,1.79,0.19,0.42,0.27,1.26,6.69,general,low,0.91,28.1,13.8,10.6,0,1,1.0,16.66
172.3,1.25,0.44,0.43,0.43,1.71,2.64,medicine,standard,0.93,28.2,32.7,19.8,0,0,1.2,11.64
86.29,1.62,0.58,0.26,0.57,8.17,2.23,perishable,critical,0.87,31.0,34.9,25.2,1,1,1.2,28.11
47.48,1.27,0.18,0.28,0.41,13.11,2.18,furniture,standard,0.71,35.2,10.3,6.7,0,2,1.0,12.03
19.17,2.59,0.47,0.7,0.23,2.76,3.5,hazmat,high,0.91,26.0,30.3,27.4,0,2,1.4,29.8
157.88,1.39,0.4,0.11,0.41,2.21,2.89,medicine,high,0.84,32.4,31.1,16.4,0,0,1.2,14.04
227.88,1.7,0.43,0.76,0.25,16.54,2.91,medicine,low,0.86,33.2,29.9,17.5,1,2,1.2,48.87
122.58,1.46,0.6,0.26,0.52,5.2,6.1,general,high,0.73,29.3,36.4,28.6,1,0,1.0,21.56
193.33,2.03,0.15,0.81,0.06,4.28,3.35,general,low,0.88,31.1,10.5,5.8,0,0,1.0,28.54
43.82,1.52,0.12,0.41,0.39,5.55,9.73,medicine,high,0.71,26.3,6.3,4.5,0,1,1.2,11.45
87.53,1.4,0.13,0.22,0.59,6.78,3.33,luxury,standard,0.92,28.9,9.4,5.9,0,0,1.0,7.91
127.83,2.6,0.19,0.78,0.23,10.17,13.74,general,critical,0.71,27.2,14.6,8.3,0,0,1.0,30.58
120.82,1.55,0.54,0.51,0.3,2.57,9.4,general,standard,0.77,31.9,38.6,27.0,0,0,1.0,20.25
124.96,1.55,0.16,0.26,0.46,2.73,1.98,perishable,critical,0.81,32.4,7.9,9.5,1,1,1.2,16.69
185.55,1.31,0.38,0.65,0.48,2.38,10.82,general,standard,0.61,33.8,27.5,18.1,1,0,1.0,24.29
171.82,1.76,0.09,0.64,0.74,5.89,2.26,general,critical,0.62,31.1,4.5,4.5,0,0,1.0,19.28
61.85,1.65,0.5,0.66,0.68,2.31,0.44,luxury,low,0.68,30.0,36.6,19.9,1,1,1.0,26.49
89.51,3.17,0.47,0.35,0.41,5.91,1.19,hazmat,low,0.86,29.1,32.9,20.1,0,1,1.4,60.3
73.71,1.39,0.13,0.1,0.27,4.74,1.01,perishable,standard,0.8,30.1,8.1,7.8,0,0,1.2,10.42
210.08,1.92,0.09,0.78,0.2,8.69,1.75,hazmat,low,0.79,33.1,5.5,4.5,0,0,1.4,48.09
155.78,1.52,0.11,0.11,0.16,0.1,5.52,perishable,high,0.85,28.7,5.5,4.9,0,0,1.2,12.72
105.82,1.07,0.76,0.38,0.17,0.58,9.35,medicine,standard,0.76,37.4,55.6,43.4,1,0,1.2,28.13
67.94,1.31,0.77,0.38,0.1,2.69,2.16,hazmat,low,0.69,26.7,57.4,39.7,0,0,1.4,22.42
134.73,2.01,0.42,0.31,0.17,4.15,2.25,furniture,critical,0.85,30.6,29.4,15.7,1,0,1.0,23.55
100.59,1.96,0.91,0.43,0.34,2.15,0.48,medicine,standard,0.81,33.8,57.1,53.9,0,0,1.2,26.88
141.86,2.32,0.64,0.79,0.67,4.3,4.09,medicine,critical,0.77,31.9,34.2,33.5,1,1,1.2,41.14
168.97,1.98,0.7,0.8,0.09,0.9,1.72,perishable,high,0.88,27.0,43.3,31.4,1,1,1.2,42.76
197.05,1.88,0.61,0.21,0.55,8.79,0.3,perishable,standard,0.81,33.5,33.3,24.0,1,0,1.2,37.86
169.41,1.17,0.46,0.82,0.36,2.72,9.77,general,standard,0.77,26.8,33.0,22.6,0,0,1.0,13.48
224.83,1.64,0.25,0.21,0.23,10.41,0.67,perishable,high,0.87,26.7,17.0,12.5,0,1,1.2,28.67
55.66,2.43,0.22,0.82,0.5,3.24,1.19,medicine,high,0.92,32.0,16.3,8.7,0,0,1.2,15.67
148.14,2.18,0.57,0.39,0.26,0.35,0.52,furniture,standard,0.87,29.6,39.3,32.8,0,2,1.0,33.76
197.51,1.51,0.08,0.15,0.08,15.35,1.85,perishable,low,0.87,32.9,4.5,3.9,1,0,1.2,22.75
114.86,1.44,0.31,0.95,0.33,0.41,7.34,medicine,high,0.67,30.5,23.1,17.5,0,0,1.2,18.62
30.29,2.28,0.53,0.71,0.25,2.02,2.39,furniture,high,0.94,33.1,30.4,28.9,1,0,1.0,18.69
101.56,1.44,0.03,0.5,0.38,0.5,1.16,perishable,critical,0.77,29.5,1.7,1.6,0,0,1.2,7.97
206.47,1.12,0.5,0.22,0.5,1.0,6.97,perishable,critical,0.78,24.5,36.7,26.8,1,2,1.2,28.38
220.11,1.48,0.05,0.15,0.26,2.4,3.3,furniture,high,0.73,25.1,2.6,2.6,0,1,1.0,17.33
89.97,2.24,0.12,0.76,0.53,1.84,1.31,general,high,0.68,33.4,9.6,4.3,1,0,1.0,20.03
100.01,1.56,0.16,0.95,0.47,9.08,3.42,general,critical,0.73,33.2,12.1,7.5,0,0,1.0,13.62
196.13,2.03,0.43,0.9,0.1,11.4,2.65,general,critical,0.9,32.7,27.6,17.7,0,1,1.0,27.38
89.62,2.34,0.09,0.54,0.28,5.14,5.51,medicine,standard,0.86,31.7,5.2,4.9,0,0,1.2,19.87
165.38,1.05,0.16,0.37,0.46,7.12,2.35,general,standard,0.65,26.6,11.4,8.3,0,1,1.0,3.74
81.61,1.93,0.28,0.23,0.31,1.14,19.35,luxury,standard,0.86,35.2,20.9,16.4,1,0,1.0,14.95
71.33,1.66,0.13,0.39,0.26,0.7,1.1,general,standard,0.65,25.9,10.1,6.6,0,0,1.0,14.0
87.58,1.81,0.1,0.83,0.36,1.11,3.33,general,critical,0.7,28.5,5.0,3.5,0,1,1.0,12.45
57.33,2.0,0.37,0.75,0.24,3.97,1.45,hazmat,low,0.8,32.6,27.7,13.6,0,1,1.4,24.88
167.65,1.02,0.24,0.94,0.08,14.02,5.06,medicine,low,0.65,36.3,14.9,9.9,0,0,1.2,9.79
20.33,2.36,0.09,0.27,0.38,12.34,8.77,general,high,0.74,31.5,4.7,5.0,1,0,1.0,10.61
85.06,2.25,0.07,0.25,0.39,3.93,2.91,hazmat,high,0.84,29.0,4.4,3.0,1,1,1.4,24.49
168.84,1.38,0.2,0.63,0.14,14.26,0.39,luxury,high,0.96,31.2,13.5,10.1,0,0,1.0,10.18
191.61,1.71,0.34,0.73,0.2,2.68,1.07,luxury,standard,0.84,26.0,18.6,19.3,1,0,1.0,17.91
212.48,2.89,0.06,0.42,0.26,7.28,0.67,hazmat,standard,0.86,26.1,4.1,3.2,0,0,1.4,71.91
68.69,1.58,0.83,0.67,0.45,0.83,1.98,luxury,critical,0.69,29.2,60.4,39.2,0,1,1.0,14.47
205.92,1.37,0.58,0.79,0.13,10.12,14.73,perishable,high,0.89,29.9,44.0,27.6,1,2,1.2,51.6
186.76,2.57,0.27,0.74,0.26,9.61,8.44,luxury,critical,0.92,31.3,19.9,14.2,0,0,1.0,40.09
196.29,1.5,0.26,0.29,0.14,16.17,7.18,general,high,0.82,30.4,15.3,12.6,1,1,1.0,23.53
295.48,1.7,0.23,0.62,0.35,3.51,7.32,luxury,high,0.81,27.0,13.7,10.5,0,0,1.0,33.08
149.4,1.53,0.42,0.59,0.46,4.06,1.55,perishable,high,0.82,31.2,29.1,19.3,0,0,1.2,12.74
174.53,2.25,0.16,0.65,0.19,1.72,5.49,luxury,standard,0.82,32.9,8.5,9.0,0,0,1.0,36.12
186.7,1.72,0.62,0.5,0.58,16.05,0.06,general,high,0.85,33.3,46.7,24.0,0,1,1.0,28.08
89.29,1.13,0.22,0.62,0.13,1.07,1.82,general,standard,0.78,29.6,12.9,12.1,0,0,1.0,4.97
280.4,1.65,0.48,0.46,0.16,8.86,4.5,perishable,high,0.89,32.0,28.0,25.4,0,0,1.2,38.34
108.55,1.55,0.33,0.86,0.23,7.73,0.99,furniture,critical,0.74,31.3,18.6,15.4,0,0,1.0,13.78
172.8,1.95,0.03,0.33,0.18,0.61,1.23,perishable,high,0.96,34.8,1.5,1.3,1,0,1.2,22.93
78.6,1.71,0.23,0.18,0.41,0.32,4.45,luxury,low,0.7,31.3,15.8,13.6,1,0,1.0,17.99
30.2,1.44,0.23,0.27,0.2,0.59,3.21,perishable,standard,0.63,27.2,16.4,13.0,0,2,1.2,12.31
209.31,2.02,0.5,0.72,0.5,18.7,4.19,perishable,standard,0.74,29.2,36.5,17.9,1,1,1.2,71.58
173.93,1.52,0.26,0.37,0.24,1.5,3.44,perishable,critical,0.83,35.3,19.0,15.4,0,1,1.2,23.88
41.31,1.16,0.63,0.33,0.2,8.82,11.96,perishable,high,0.7,30.5,31.6,27.3,0,2,1.2,18.91
137.58,2.13,0.08,0.34,0.4,0.98,13.81,general,standard,0.73,33.7,4.1,2.9,0,0,1.0,25.4
47.88,1.53,0.21,0.16,0.28,1.72,1.24,general,high,0.71,32.1,11.0,9.7,1,1,1.0,9.62
80.28,1.27,0.7,0.96,0.42,5.7,4.02,general,high,0.89,28.6,43.3,27.9,0,0,1.0,16.76
142.06,1.34,0.25,0.41,0.29,1.95,3.31,medicine,critical,0.94,29.5,17.9,10.8,0,0,1.2,9.84
53.91,1.22,0.25,0.68,0.39,7.79,0.21,medicine,high,0.87,25.7,16.9,14.9,0,0,1.2,6.11
72.07,1.58,0.3,0.75,0.45,3.49,0.58,perishable,standard,0.72,31.8,19.7,13.2,0,0,1.2,15.93
184.36,1.12,0.28,0.44,0.22,0.9,1.94,furniture,standard,0.61,31.4,16.2,11.0,0,0,1.0,7.03
138.21,1.08,0.46,0.89,0.26,1.83,1.55,perishable,standard,0.95,28.5,29.8,20.0,1,0,1.2,20.8
250.21,2.39,0.14,0.74,0.18,4.73,1.45,general,high,0.94,28.5,9.7,6.7,0,0,1.0,46.14
207.54,1.43,0.83,0.15,0.48,2.96,0.82,general,standard,0.83,29.3,49.0,44.2,0,0,1.0,12.84
106.45,1.58,0.25,0.84,0.09,3.91,14.52,general,standard,0.64,29.3,16.4,14.4,0,0,1.0,15.28
310.34,2.29,0.52,0.3,0.07,1.85,8.37,furniture,high,0.64,32.0,36.9,25.1,1,0,1.0,73.42
252.35,1.19,0.75,0.46,0.64,2.65,0.21,furniture,standard,0.85,28.5,47.9,44.3,1,1,1.0,30.55
151.43,1.72,0.15,0.99,0.27,3.3,23.75,medicine,low,0.81,31.8,12.0,8.2,0,2,1.2,45.0
82.47,2.0,0.13,0.33,0.16,1.61,0.11,medicine,high,0.76,25.4,10.3,6.0,0,1,1.2,22.19
210.74,2.07,0.07,0.94,0.24,1.45,0.38,luxury,critical,0.84,30.9,5.3,3.1,0,2,1.0,33.19
191.32,1.76,0.26,0.8,0.16,3.48,4.3,medicine,standard,0.83,30.2,17.7,14.3,0,3,1.2,39.8
118.92,1.85,0.51,0.75,0.52,0.07,0.72,luxury,low,0.71,26.5,33.1,27.6,0,0,1.0,24.74
137.37,1.04,0.62,0.99,0.58,10.39,0.67,perishable,standard,0.72,30.5,48.2,35.7,0,0,1.2,9.8
144.62,2.23,0.59,0.91,0.44,0.58,0.78,general,standard,0.7,23.9,40.1,24.8,1,1,1.0,46.37
234.88,1.63,0.25,0.87,0.04,0.2,24.22,furniture,standard,0.87,31.2,13.3,10.8,1,0,1.0,24.1
216.7,1.89,0.39,0.15,0.61,1.83,2.64,furniture,high,0.87,31.1,20.9,21.8,0,1,1.0,36.16
161.27,1.22,0.34,0.44,0.17,2.56,3.15,perishable,standard,0.72,28.3,19.1,18.7,0,1,1.2,12.24
181.59,1.52,0.46,0.4,0.37,1.18,4.22,general,critical,0.78,30.4,27.8,25.8,1,0,1.0,26.49
109.14,1.58,0.3,0.16,0.36,4.26,7.99,general,high,0.76,32.7,19.8,11.9,1,1,1.0,22.15
78.13,1.48,0.45,0.2,0.31,0.62,2.39,perishable,standard,0.86,33.4,27.7,20.2,0,1,1.2,24.88
122.14,1.2,0.47,0.72,0.22,1.88,1.63,luxury,standard,0.81,27.1,34.4,16.9,0,0,1.0,7.71
257.33,1.5,0.24,0.83,0.22,13.28,0.0,furniture,critical,0.64,33.6,12.0,9.8,0,0,1.0,20.39
57.21,1.47,0.46,0.65,0.59,1.98,0.46,general,high,0.59,31.7,27.8,26.9,0,1,1.0,14.81
170.03,1.29,0.07,0.8,0.24,8.27,3.14,general,high,0.88,31.9,3.5,3.9,1,0,1.0,9.62
96.59,1.57,0.1,0.64,0.19,6.5,12.63,medicine,critical,0.73,32.7,6.2,4.2,1,0,1.2,11.97
171.09,1.49,0.15,0.74,0.61,1.66,3.2,general,critical,0.75,28.6,9.1,8.4,1,0,1.0,10.4
23.28,2.61,0.19,0.75,0.01,1.22,10.31,perishable,high,0.82,30.5,15.0,10.6,0,0,1.2,19.7
94.45,2.12,0.41,0.83,0.61,2.71,11.38,general,standard,0.9,28.5,27.1,17.6,0,0,1.0,26.22
139.66,1.48,0.15,0.38,0.25,13.42,0.34,general,standard,0.95,31.2,7.7,8.7,0,0,1.0,10.32
31.05,1.15,0.58,0.81,0.31,0.84,6.0,perishable,standard,0.57,32.8,36.2,31.9,0,3,1.2,23.42
292.97,1.46,0.28,0.55,0.65,1.76,1.76,hazmat,standard,0.88,28.7,15.1,12.5,0,0,1.4,30.78
231.83,2.14,0.22,0.97,0.26,0.34,11.02,perishable,high,0.86,26.9,13.5,12.6,0,3,1.2,55.12
84.49,1.62,0.38,0.25,0.21,4.87,13.85,perishable,standard,0.58,24.3,19.6,20.2,0,1,1.2,28.39
62.72,2.02,0.11,0.99,0.45,0.68,0.48,hazmat,standard,0.89,27.8,6.7,4.9,0,0,1.4,14.43
34.71,1.37,0.17,0.18,0.3,2.21,0.1,hazmat,standard,0.87,29.7,9.9,6.9,1,1,1.4,9.24
112.84,1.32,0.44,0.64,0.32,5.01,0.38,perishable,standard,0.69,30.7,31.3,22.0,0,0,1.2,17.58
181.2,1.4,0.67,0.71,0.3,5.69,2.78,luxury,critical,0.71,27.4,39.6,36.5,0,0,1.0,13.32
97.06,1.94,0.06,0.91,0.35,3.95,0.73,perishable,low,0.61,26.8,4.5,2.4,1,1,1.2,26.45
32.12,1.27,0.71,0.78,0.59,0.58,0.0,hazmat,high,0.8,27.9,54.0,37.2,1,0,1.4,42.05
144.26,2.26,0.34,0.19,0.29,6.58,11.26,general,low,0.74,32.4,25.1,13.6,1,2,1.0,45.27
83.82,2.55,0.31,0.66,0.4,1.09,5.65,perishable,standard,0.94,32.1,21.7,12.9,1,0,1.2,26.96
122.47,1.58,0.55,0.73,0.23,5.49,1.77,perishable,high,0.75,25.2,37.2,31.2,1,0,1.2,33.44
114.26,2.15,0.08,0.28,0.21,8.35,10.93,medicine,low,0.77,29.1,4.5,4.3,0,1,1.2,28.46
110.14,1.88,0.27,0.69,0.32,1.97,1.13,general,standard,0.88,32.3,13.6,13.3,0,0,1.0,17.71
226.0,1.42,0.35,0.18,0.76,2.19,0.51,hazmat,low,0.85,26.4,26.0,13.3,1,0,1.4,43.47
217.96,1.84,0.22,0.23,0.09,8.6,0.04,perishable,standard,0.88,29.0,12.1,11.2,0,0,1.2,31.78
235.21,2.63,0.31,0.43,0.15,5.77,1.55,perishable,high,0.76,27.9,23.5,14.3,0,1,1.2,62.49
144.53,2.01,0.29,0.28,0.59,4.29,7.72,general,critical,0.7,27.6,20.6,10.3,0,0,1.0,26.44
38.95,2.27,0.28,0.1,0.08,1.83,2.1,hazmat,critical,0.94,26.7,15.8,13.5,0,0,1.4,10.91
156.69,1.74,0.19,0.66,0.5,4.07,1.77,perishable,low,0.81,29.9,14.3,10.7,0,0,1.2,30.45
237.38,1.26,0.87,0.52,0.59,6.89,1.19,general,standard,0.67,31.0,50.6,34.4,0,1,1.0,14.19
193.59,1.45,0.59,0.3,0.41,0.39,3.48,luxury,low,0.85,30.2,33.7,33.6,0,2,1.0,23.53
155.09,1.89,0.35,0.29,0.26,3.47,5.34,hazmat,standard,0.91,30.5,22.8,14.6,1,0,1.4,24.51
219.13,1.38,0.24,0.63,0.61,0.93,1.8,medicine,standard,0.73,30.3,18.1,13.9,0,0,1.2,22.1
208.67,1.59,0.12,0.2,0.31,29.15,9.79,medicine,low,0.91,24.7,8.8,6.0,0,2,1.2,38.85
221.4,1.65,0.42,0.32,0.18,3.0,0.12,general,standard,0.75,32.4,24.2,15.6,0,1,1.0,21.08
143.34,1.32,0.47,0.14,0.68,1.12,1.21,perishable,standard,0.79,29.6,29.3,26.0,1,1,1.2,35.2
209.71,1.73,0.24,0.79,0.33,2.22,4.98,perishable,high,0.62,33.0,17.5,12.7,0,1,1.2,40.43
63.17,1.41,0.55,0.98,0.2,0.34,3.35,perishable,low,0.96,32.9,29.8,29.3,0,0,1.2,15.51
203.19,1.03,0.39,0.34,0.16,3.96,10.01,general,standard,0.87,30.6,22.8,15.7,1,0,1.0,6.7
127.66,1.78,0.23,0.52,0.43,6.72,0.78,general,high,0.7,29.0,16.9,8.9,0,0,1.0,15.56
108.89,1.5,0.46,0.49,0.27,6.48,0.24,furniture,high,0.95,29.8,25.4,23.1,1,0,1.0,23.56
90.94,2.28,0.43,0.59,0.29,10.93,1.7,hazmat,high,0.89,36.0,22.0,23.5,0,0,1.4,31.0
60.4,1.71,0.35,0.44,0.15,4.21,2.26,general,standard,0.9,34.6,19.5,14.1,0,0,1.0,12.55
81.58,1.36,0.42,0.22,0.3,6.58,16.17,general,high,0.85,35.5,24.2,24.4,1,0,1.0,14.73
201.29,1.48,0.5,0.32,0.55,6.54,1.99,hazmat,critical,0.88,30.5,36.3,26.2,0,2,1.4,30.66
252.05,2.84,0.46,0.82,0.22,0.87,1.18,general,low,0.75,30.0,27.5,23.2,1,1,1.0,98.9
119.3,2.1,0.36,0.64,0.32,4.3,16.96,hazmat,critical,0.8,31.3,26.6,20.3,1,1,1.4,53.63
51.29,1.61,0.47,0.16,0.66,7.7,17.55,medicine,high,0.71,28.1,34.4,19.8,0,0,1.2,26.94
175.88,1.98,0.11,0.29,0.27,7.22,5.67,luxury,low,0.63,31.4,7.8,5.4,0,1,1.0,31.55
126.98,1.77,0.48,0.46,0.33,2.95,4.44,luxury,standard,0.84,29.2,35.7,26.2,1,1,1.0,29.62
45.14,2.13,0.11,0.68,0.84,0.28,6.02,luxury,standard,0.67,29.0,6.6,5.4,0,1,1.0,20.98
117.57,1.46,0.2,0.81,0.43,4.09,2.91,medicine,standard,0.79,30.4,11.3,10.5,1,0,1.2,12.34
226.16,2.3,0.09,0.63,0.17,4.76,0.8,perishable,high,0.79,29.9,6.5,4.4,1,1,1.2,46.5
86.04,2.63,0.39,0.91,0.67,5.23,2.73,perishable,standard,0.87,33.6,19.3,15.2,1,0,1.2,31.71
181.91,1.66,0.6,0.82,0.21,9.79,2.83,general,high,0.92,28.7,43.3,32.2,1,0,1.0,41.42
94.57,1.29,0.34,0.53,0.46,9.9,7.45,furniture,high,0.77,29.5,24.0,12.3,0,0,1.0,14.05
183.59,2.36,0.2,0.76,0.05,10.76,0.96,medicine,standard,0.88,35.0,10.3,8.4,0,1,1.2,46.53
216.98,1.57,0.37,0.25,0.16,5.57,3.63,hazmat,high,0.94,34.7,20.8,14.1,0,1,1.4,30.92
145.81,1.75,0.16,0.41,0.44,0.03,18.16,perishable,critical,0.87,29.1,10.7,6.8,0,2,1.2,23.63
42.04,1.66,0.15,0.12,0.74,4.13,2.1,general,standard,0.71,29.4,11.6,8.8,0,1,1.0,10.97
205.29,1.77,0.45,0.77,0.34,1.65,10.43,hazmat,critical,0.57,29.3,24.3,19.2,1,0,1.4,37.3
177.97,2.19,0.49,0.94,0.28,2.79,2.22,perishable,high,0.81,29.6,30.6,25.6,0,0,1.2,49.08
254.14,2.82,0.5,0.44,0.58,0.72,12.43,hazmat,standard,0.71,29.0,38.2,27.7,0,0,1.4,75.89
64.95,1.99,0.12,0.38,0.24,5.75,0.06,general,high,0.82,26.3,9.1,6.7,0,2,1.0,17.73
149.25,1.55,0.67,0.34,0.16,4.59,0.92,hazmat,low,0.89,27.5,52.9,33.5,1,0,1.4,48.63
292.76,2.7,0.38,0.1,0.38,3.83,3.67,perishable,standard,0.63,28.4,27.1,15.4,0,1,1.2,95.59
86.27,1.43,0.39,0.38,0.29,2.74,25.0,general,standard,0.87,25.8,19.5,21.8,0,0,1.0,14.58
56.69,1.48,0.44,0.12,0.72,2.37,0.36,medicine,standard,0.94,30.2,24.3,22.5,1,0,1.2,13.15
163.31,2.67,0.58,0.6,0.14,2.77,0.95,medicine,standard,0.86,29.0,42.3,27.2,0,0,1.2,65.0
171.29,1.17,0.29,0.72,0.46,5.0,2.93,perishable,high,0.66,32.0,18.1,13.5,0,0,1.2,9.16
90.99,1.83,0.13,0.42,0.06,1.0,0.31,perishable,high,0.65,30.0,7.5,5.5,0,0,1.2,16.45
222.48,1.25,0.59,0.46,0.66,0.15,9.14,luxury,critical,0.8,24.1,40.5,20.7,1,1,1.0,24.87
147.79,1.32,0.53,0.39,0.4,2.32,20.81,perishable,standard,0.8,30.2,32.9,29.5,1,0,1.2,34.4
160.0,2.58,0.17,0.34,0.19,0.77,0.05,hazmat,standard,0.83,28.9,12.3,9.4,1,0,1.4,40.9
164.05,1.72,0.56,0.39,0.34,5.1,0.75,perishable,critical,0.86,32.3,30.4,32.0,0,0,1.2,20.93
165.74,2.79,0.53,0.61,0.06,4.26,5.57,medicine,standard,0.8,28.5,28.8,29.0,0,1,1.2,70.04
215.5,1.88,0.1,0.61,0.33,28.37,11.99,luxury,high,0.61,28.2,7.5,4.6,0,1,1.0,33.89
192.28,1.56,0.49,0.76,0.08,0.03,1.48,perishable,high,0.83,31.7,27.6,21.5,0,0,1.2,21.34
38.31,1.06,0.15,0.22,0.26,5.08,2.71,perishable,standard,0.85,32.2,10.5,7.4,0,0,1.2,4.64
94.14,1.77,0.09,0.96,0.41,2.72,6.87,medicine,standard,0.84,31.4,6.9,4.8,1,0,1.2,15.63
187.48,1.27,0.42,0.57,0.49,23.68,2.57,general,standard,0.66,28.3,32.9,18.4,0,0,1.0,18.3
113.02,2.06,0.11,0.86,0.37,5.35,14.91,medicine,high,0.93,32.8,7.2,4.3,0,0,1.2,23.76
109.72,1.57,0.23,0.16,0.18,6.92,9.2,general,high,0.95,32.0,15.5,11.7,1,0,1.0,10.62
215.54,1.49,0.64,0.42,0.56,16.97,3.77,perishable,low,0.86,30.8,43.3,37.6,1,3,1.2,65.25
104.21,1.91,0.02,0.76,0.47,0.6,0.41,furniture,low,0.89,29.0,1.1,1.2,0,1,1.0,19.99
125.09,1.5,0.13,0.19,0.27,10.62,0.31,furniture,high,0.86,29.8,7.0,5.0,0,0,1.0,10.79
137.14,1.31,0.27,0.25,0.28,1.79,9.48,luxury,high,0.71,36.4,15.1,13.7,0,0,1.0,8.43
161.82,1.71,0.67,0.62,0.43,2.4,2.73,medicine,high,0.96,32.8,41.0,32.0,0,0,1.2,33.38
273.93,1.17,0.2,0.54,0.48,10.21,0.59,luxury,low,0.98,29.5,11.9,8.5,1,2,1.0,7.86
171.09,1.59,0.3,0.46,0.46,4.34,3.53,medicine,low,0.87,29.9,17.2,17.9,0,0,1.2,28.24
125.42,1.43,0.35,0.25,0.39,4.33,3.66,general,standard,0.79,28.8,21.4,16.9,1,0,1.0,8.25
77.57,2.02,0.21,0.11,0.63,2.65,5.55,hazmat,standard,0.71,26.8,15.8,7.4,0,2,1.4,34.54
164.06,1.18,0.43,0.11,0.1,0.28,2.56,general,low,0.88,24.9,30.1,17.9,1,0,1.0,24.33
103.53,1.68,0.28,0.65,0.29,5.99,1.46,perishable,standard,0.66,28.4,19.4,16.3,0,0,1.2,23.68
95.95,2.0,0.03,0.49,0.29,7.97,0.88,hazmat,standard,0.64,27.6,2.2,1.2,0,0,1.4,22.04
248.87,1.48,0.22,0.8,0.32,6.91,13.87,medicine,critical,0.83,30.6,13.2,13.0,1,0,1.2,16.52
122.16,1.6,0.44,0.41,0.4,8.25,3.06,perishable,high,0.87,31.2,31.3,15.6,1,1,1.2,38.46
308.76,2.24,0.13,0.1,0.2,2.25,3.76,medicine,standard,0.74,28.8,8.1,5.4,1,0,1.2,60.6
258.68,1.64,0.25,0.56,0.25,12.95,0.21,perishable,critical,0.84,28.1,13.9,11.5,0,0,1.2,16.65
95.51,2.75,0.13,0.5,0.37,17.65,0.42,medicine,critical,0.66,31.1,7.4,7.6,1,0,1.2,39.21
226.01,2.6,0.35,0.28,0.33,8.48,5.52,perishable,standard,0.92,31.8,23.7,19.8,0,0,1.2,60.18
119.87,1.68,0.64,1.0,0.11,7.91,4.66,furniture,standard,0.81,28.1,39.0,29.1,0,1,1.0,19.8
54.05,1.21,0.93,0.2,0.39,7.84,1.86,perishable,low,0.81,30.4,53.2,49.5,0,0,1.2,24.17
119.82,2.21,0.55,0.45,0.28,1.24,1.58,medicine,standard,0.85,31.1,42.3,24.5,0,0,1.2,26.12
249.89,2.58,0.1,0.58,0.09,2.92,7.95,medicine,critical,0.79,31.5,7.0,5.3,1,1,1.2,54.19
87.99,1.78,0.56,0.41,0.16,0.63,10.1,perishable,high,0.88,28.9,30.1,23.5,0,0,1.2,24.68
114.14,2.16,0.37,0.43,0.62,3.18,5.86,medicine,high,0.81,24.3,27.7,17.2,1,0,1.2,39.21
148.02,1.63,0.51,0.91,0.56,3.03,0.35,perishable,standard,0.86,26.4,38.1,21.1,1,0,1.2,35.11
193.53,2.01,0.28,0.47,0.13,0.24,9.72,furniture,critical,0.66,33.2,17.0,11.7,0,0,1.0,27.23
59.49,1.4,0.23,0.51,0.45,5.48,1.74,perishable,standard,0.8,29.0,16.6,13.6,1,0,1.2,7.29
205.31,1.21,0.36,0.55,0.51,0.5,1.08,furniture,standard,0.96,36.3,24.7,21.1,0,0,1.0,6.25
86.91,2.94,0.1,0.64,0.37,4.65,10.78,medicine,low,0.8,32.7,6.0,3.7,0,2,1.2,44.29
241.39,2.7,0.29,0.44,0.32,2.55,5.69,medicine,high,0.73,33.5,17.8,12.2,1,1,1.2,71.5
189.35,1.73,0.52,0.94,0.38,7.63,4.1,hazmat,high,0.81,33.1,33.5,21.0,0,0,1.4,33.42
236.54,1.78,0.34,0.17,0.24,16.37,2.37,perishable,low,0.81,29.9,27.0,12.4,0,0,1.2,40.02
96.46,1.4,0.08,0.32,0.57,3.1,3.47,perishable,high,0.86,25.3,4.2,3.3,0,0,1.2,6.83
128.38,1.9,0.09,0.96,0.3,2.85,3.98,general,critical,0.94,33.7,7.0,3.7,1,0,1.0,16.75
160.63,1.03,0.09,0.32,0.51,1.01,11.41,perishable,standard,0.95,28.8,7.0,5.3,1,2,1.2,8.44
215.94,2.19,0.61,0.87,0.56,0.33,0.72,furniture,standard,0.63,28.2,45.9,25.4,0,1,1.0,48.37
132.54,1.31,0.53,0.73,0.36,1.94,5.31,general,low,0.89,36.2,42.1,24.6,0,0,1.0,10.27
227.39,1.56,0.54,0.84,0.28,3.16,1.99,furniture,low,0.68,29.1,30.2,26.6,0,1,1.0,33.89
71.67,1.29,0.47,0.7,0.36,7.48,11.39,perishable,high,0.85,27.3,34.8,21.9,0,1,1.2,17.68
114.43,1.38,0.31,0.47,0.1,0.07,1.29,furniture,standard,0.88,28.4,15.8,17.3,1,0,1.0,12.64
149.27,1.34,0.15,0.98,0.67,4.73,2.79,luxury,high,0.95,31.9,8.5,8.4,0,1,1.0,7.79
120.51,1.84,0.42,0.11,0.22,2.65,0.32,hazmat,high,0.82,34.4,22.7,21.4,1,0,1.4,25.76
37.29,1.71,0.27,0.59,0.62,0.94,13.26,hazmat,critical,0.77,31.4,18.0,10.1,1,0,1.4,13.06
84.13,2.18,0.17,0.41,0.39,3.7,1.77,hazmat,standard,0.65,33.5,13.2,6.9,0,0,1.4,33.47
93.6,2.45,0.16,0.61,0.17,10.86,2.3,perishable,standard,0.85,28.3,9.5,7.0,0,0,1.2,26.41
157.38,1.99,0.04,0.94,0.17,0.87,1.55,general,low,0.66,25.9,2.0,1.7,0,0,1.0,25.93
124.51,1.27,0.39,0.97,0.33,10.06,5.2,perishable,standard,0.65,28.9,21.8,22.7,0,0,1.2,17.36
155.92,1.24,0.54,0.38,0.12,0.64,25.0,furniture,standard,0.8,28.8,38.9,26.5,0,0,1.0,7.57
84.01,1.26,0.03,0.94,0.13,12.7,0.04,medicine,high,0.81,27.5,2.1,1.1,0,1,1.2,12.72
189.67,1.96,0.05,0.99,0.28,16.08,7.27,general,standard,0.75,32.1,3.4,2.5,1,1,1.0,25.16
65.37,2.73,0.09,0.53,0.57,5.7,3.76,luxury,high,0.75,33.2,6.4,5.2,0,0,1.0,19.71
210.86,1.93,0.39,0.22,0.36,0.39,0.88,perishable,high,0.76,32.1,24.8,20.9,0,1,1.2,36.65
273.7,1.65,0.18,0.97,0.02,3.08,0.32,general,high,0.73,32.3,11.1,10.3,1,0,1.0,27.21
224.87,1.85,0.74,0.91,0.32,3.15,0.23,medicine,critical,0.94,29.5,54.6,37.7,0,2,1.2,43.24
73.88,1.35,0.23,0.69,0.19,1.35,2.13,general,standard,0.89,28.5,14.3,11.8,1,0,1.0,7.8
148.48,1.57,0.65,0.13,0.48,9.83,6.14,perishable,high,0.66,29.2,39.6,26.2,0,0,1.2,34.85
222.89,2.06,0.31,0.42,0.35,0.34,0.7,general,standard,0.76,25.1,19.1,14.5,0,0,1.0,40.88
135.64,1.71,0.06,0.24,0.19,1.55,2.62,furniture,high,0.63,33.2,3.4,2.5,0,1,1.0,16.27
292.45,1.39,0.24,0.27,0.13,0.31,0.24,general,high,0.93,29.0,16.5,12.8,0,1,1.0,21.1
136.85,1.51,0.15,0.72,0.1,0.97,1.4,medicine,critical,0.8,29.9,11.3,7.1,0,0,1.2,15.17
221.18,2.39,0.37,0.45,0.57,1.29,3.4,perishable,standard,0.83,27.0,25.6,16.5,1,1,1.2,69.01
106.31,1.24,0.54,0.41,0.59,10.86,2.65,furniture,high,0.63,27.1,27.3,30.5,1,0,1.0,21.06
191.52,1.89,0.33,0.52,0.68,0.13,1.26,furniture,standard,0.82,32.1,19.2,11.8,0,0,1.0,25.86
102.39,1.28,0.22,0.24,0.37,3.32,0.74,perishable,high,0.81,34.8,12.7,9.7,0,0,1.2,9.81
121.59,1.29,0.35,0.49,0.34,1.73,1.44,perishable,standard,0.75,30.5,25.2,18.9,0,0,1.2,9.84
215.38,1.37,0.7,0.94,0.28,12.1,0.62,perishable,low,0.84,35.5,35.4,29.6,1,0,1.2,47.89
19.16,1.65,0.35,0.82,0.04,0.04,6.55,medicine,low,0.87,32.2,19.4,20.5,1,1,1.2,13.96
53.62,1.25,0.23,0.14,0.17,1.08,15.81,luxury,high,0.77,33.2,16.0,11.0,0,1,1.0,12.81
50.21,1.43,0.44,0.49,0.49,8.05,0.61,medicine,low,0.67,28.2,26.7,18.6,1,0,1.2,29.79
259.13,2.07,0.15,0.87,0.3,3.78,0.11,general,low,0.8,30.5,11.1,7.5,0,0,1.0,43.91
76.1,2.05,0.85,0.33,0.67,2.15,6.26,hazmat,high,0.76,29.8,49.7,45.7,0,1,1.4,40.6
323.35,1.46,0.52,0.86,0.5,6.35,1.32,perishable,high,0.66,34.0,39.6,21.9,0,0,1.2,37.12
46.47,1.52,0.37,0.63,0.13,11.36,0.81,medicine,high,0.82,28.9,18.6,14.2,0,2,1.2,21.3
30.15,2.22,0.5,0.11,0.3,2.08,5.4,hazmat,critical,0.8,30.8,32.0,28.3,0,1,1.4,23.6
89.95,2.22,0.24,0.9,0.23,2.29,4.06,general,high,0.98,27.7,14.6,10.5,1,2,1.0,13.97
125.56,1.91,0.51,0.91,0.18,6.0,1.44,hazmat,high,0.81,35.0,30.6,23.9,0,1,1.4,41.28
213.91,1.99,0.19,0.84,0.37,4.74,12.3,perishable,critical,0.97,27.3,10.0,9.0,1,0,1.2,32.33
88.04,1.25,0.41,0.57,0.4,6.02,0.43,perishable,high,0.78,35.5,23.1,16.5,0,2,1.2,19.89
245.52,1.7,0.37,0.76,0.24,5.06,3.44,furniture,high,0.75,29.7,19.8,18.9,0,1,1.0,32.93
219.06,1.51,0.19,0.22,0.78,0.68,1.27,hazmat,high,0.9,26.3,11.1,7.6,1,1,1.4,30.06
114.64,1.77,0.76,0.87,0.26,0.57,11.43,furniture,standard,0.78,27.8,37.7,27.0,1,0,1.0,37.71
190.34,1.75,0.49,0.95,0.55,5.28,8.97,general,critical,0.79,34.2,31.6,23.0,0,1,1.0,21.86
105.46,1.1,0.28,0.4,0.22,0.66,0.19,medicine,standard,0.9,28.3,21.3,10.6,1,0,1.2,3.78
98.18,1.05,0.49,0.34,0.26,0.45,5.48,luxury,low,0.79,31.3,30.3,17.2,1,0,1.0,13.56
201.42,2.23,0.45,0.32,0.12,1.93,18.61,general,standard,0.78,31.0,33.2,26.7,1,0,1.0,48.44
106.72,2.14,0.11,0.4,0.24,11.91,5.63,perishable,high,0.96,31.9,8.5,4.9,1,0,1.2,21.04
195.81,1.85,0.14,0.17,0.1,6.46,0.47,perishable,low,0.75,34.2,10.3,5.6,0,1,1.2,38.72
148.79,2.14,0.25,0.81,0.8,1.97,3.75,medicine,standard,0.97,29.6,16.4,9.7,1,1,1.2,28.45
221.45,2.37,0.65,0.39,0.44,2.02,3.37,general,standard,0.74,35.4,52.2,29.2,0,2,1.0,53.75
162.98,2.38,0.12,0.17,0.11,1.08,1.67,perishable,high,0.95,26.3,8.9,6.7,0,0,1.2,27.23
208.35,1.7,0.41,0.99,0.57,2.84,1.31,furniture,standard,0.97,31.0,29.5,24.4,0,1,1.0,29.93
125.07,2.3,0.37,0.29,0.37,5.72,2.87,luxury,critical,0.74,29.3,26.0,13.4,1,0,1.0,25.57
242.02,1.64,0.49,0.84,0.22,13.62,9.27,perishable,low,0.72,27.9,38.1,22.5,0,0,1.2,34.59
83.52,2.1,0.19,0.54,0.38,0.68,10.26,luxury,low,0.74,28.3,9.4,7.4,0,1,1.0,23.71
193.93,1.49,0.53,0.44,0.24,0.55,1.55,perishable,critical,0.68,26.5,27.2,23.0,1,0,1.2,26.77
43.0,1.53,0.18,0.7,0.12,1.02,0.85,perishable,critical,0.75,35.1,14.1,6.5,1,0,1.2,6.55
188.61,2.31,0.35,0.88,0.48,4.26,2.87,perishable,high,0.73,31.9,19.0,15.0,1,0,1.2,52.87
196.54,1.38,0.54,0.15,0.33,5.33,2.87,hazmat,standard,0.75,29.0,37.8,28.3,0,0,1.4,29.55
277.24,1.45,0.64,0.14,0.19,0.13,0.6,medicine,high,0.99,28.2,33.8,28.0,1,0,1.2,44.97
186.26,1.2,0.36,0.99,0.34,20.04,2.07,perishable,standard,0.87,33.7,20.1,12.7,0,0,1.2,13.8
72.63,1.64,0.46,0.34,0.37,7.92,4.08,furniture,high,0.92,33.0,29.7,20.8,1,0,1.0,22.69
156.57,1.73,0.15,0.15,0.57,1.31,0.71,perishable,standard,0.81,30.9,10.7,6.0,0,2,1.2,28.83
87.67,1.08,0.38,0.4,0.27,4.9,1.42,perishable,high,0.8,28.3,28.2,21.1,0,3,1.2,12.58
86.68,2.02,0.2,0.26,0.43,4.63,4.62,luxury,high,0.61,28.2,10.8,11.5,1,1,1.0,22.44
130.16,2.08,0.47,0.51,0.2,5.19,7.13,hazmat,standard,0.74,30.8,23.3,21.0,0,0,1.4,43.43
13.14,1.21,0.18,0.89,0.45,12.29,5.46,hazmat,high,0.94,25.1,10.0,9.4,1,3,1.4,18.44
255.96,1.88,0.96,0.91,0.37,0.33,10.38,general,high,0.77,24.4,61.3,36.0,0,1,1.0,36.78
159.7,1.94,0.09,0.38,0.39,6.81,7.6,general,high,0.77,26.3,6.3,4.9,0,0,1.0,23.1
72.23,1.89,0.31,0.53,0.38,23.1,2.3,medicine,high,0.87,27.3,19.6,13.0,1,0,1.2,17.4
101.69,2.04,0.22,0.59,0.3,11.22,9.42,medicine,low,0.76,32.6,17.2,9.7,0,0,1.2,28.86
134.37,1.25,0.38,0.33,0.44,2.73,2.03,medicine,standard,0.87,25.7,26.5,17.9,1,0,1.2,22.48
84.8,1.51,0.23,0.25,0.26,5.02,1.06,perishable,standard,0.9,29.5,12.0,11.4,1,0,1.2,11.15
85.99,2.61,0.71,0.53,0.27,1.76,3.91,general,high,0.85,28.3,54.4,40.8,0,0,1.0,30.14
136.1,1.98,0.12,0.46,0.3,5.9,14.7,general,critical,0.83,35.2,6.8,5.1,0,0,1.0,20.28
243.1,3.38,0.83,0.91,0.29,3.58,6.22,medicine,critical,0.83,30.2,58.5,49.6,0,2,1.2,108.16
229.19,1.72,0.15,0.86,0.15,9.59,4.16,medicine,high,0.76,26.9,8.6,8.5,0,0,1.2,31.14
185.49,1.38,0.67,0.7,0.31,6.89,6.68,medicine,critical,0.96,27.0,38.2,23.8,0,2,1.2,26.81
68.66,1.39,0.64,0.36,0.49,0.1,0.29,furniture,critical,0.82,29.8,41.6,28.0,0,1,1.0,12.47
105.94,1.66,0.44,0.43,0.39,18.03,0.67,perishable,standard,0.83,27.6,23.6,26.3,0,0,1.2,18.44
189.13,1.13,0.16,0.26,0.57,2.49,4.88,luxury,low,0.92,29.0,9.5,7.5,0,1,1.0,10.19
83.26,2.08,0.16,0.34,0.02,0.96,2.1,hazmat,standard,0.88,31.0,8.3,7.8,0,1,1.4,26.75
177.27,1.33,0.18,0.99,0.22,11.26,8.79,perishable,high,0.84,31.3,12.5,10.3,0,0,1.2,14.55
26.99,1.45,0.52,0.6,0.46,5.09,0.46,general,low,0.66,32.4,26.1,19.3,0,0,1.0,12.25
168.45,1.81,0.51,0.84,0.4,5.84,1.87,general,critical,0.94,28.6,25.8,20.2,0,0,1.0,12.97
262.53,1.75,0.32,0.35,0.78,0.8,4.29,furniture,standard,0.88,34.1,19.5,18.8,1,0,1.0,29.35
236.47,1.67,0.41,0.47,0.22,7.44,0.66,general,standard,0.83,28.0,29.3,16.1,0,1,1.0,33.86
240.18,1.06,0.43,0.64,0.35,7.06,2.11,perishable,low,0.79,27.6,25.9,20.7,1,1,1.2,32.83
193.72,2.24,0.35,0.15,0.37,19.46,8.02,perishable,low,0.76,25.6,19.1,12.7,0,0,1.2,56.95
156.64,1.6,0.7,0.91,0.06,5.63,0.18,medicine,high,0.97,34.1,45.4,26.9,0,1,1.2,19.69
280.78,1.59,0.61,0.86,0.2,0.51,10.08,furniture,critical,0.74,34.8,47.5,29.2,0,0,1.0,25.91
87.17,1.22,0.19,0.98,0.17,2.39,2.93,perishable,high,0.58,30.5,14.5,7.1,0,0,1.2,6.53
183.02,2.08,0.2,0.45,0.93,0.49,3.69,medicine,standard,0.97,23.5,12.3,8.4,0,2,1.2,41.3
209.41,1.91,0.19,0.21,0.06,3.85,1.05,medicine,standard,0.8,25.8,12.5,9.9,0,0,1.2,25.0
93.72,1.97,0.44,0.71,0.14,1.31,2.2,general,low,0.69,30.1,35.3,15.7,0,2,1.0,30.91
132.44,2.35,0.03,0.22,0.15,0.3,7.98,general,standard,0.84,27.9,2.0,1.7,0,0,1.0,27.9
136.42,1.96,0.46,0.38,0.37,3.48,5.58,general,low,0.91,29.3,34.3,23.6,0,0,1.0,30.97
229.6,1.21,0.23,0.29,0.32,2.61,12.69,perishable,standard,0.97,24.8,18.4,13.6,1,0,1.2,14.06
128.74,1.13,0.2,0.67,0.37,0.61,5.0,general,standard,0.7,25.8,15.7,9.5,0,2,1.0,16.13
113.07,2.0,0.2,0.68,0.29,11.36,1.62,furniture,standard,0.77,27.2,12.3,8.0,0,1,1.0,20.03
215.65,2.34,0.52,0.4,0.11,2.54,8.43,general,critical,0.93,37.4,36.1,24.5,0,0,1.0,35.54
258.64,1.29,0.18,0.77,0.51,5.61,1.71,hazmat,high,0.88,26.7,14.2,9.0,0,0,1.4,19.25
264.81,1.83,0.16,0.8,0.11,0.14,1.14,hazmat,high,0.78,30.1,11.9,6.7,0,1,1.4,42.56
55.57,2.2,0.32,0.72,0.36,0.58,0.3,furniture,high,0.8,30.2,19.4,12.8,0,0,1.0,12.8
207.44,1.34,0.36,0.15,0.15,7.17,1.37,medicine,high,0.95,31.5,23.6,21.2,0,0,1.2,20.74
49.48,2.0,0.39,0.23,0.07,1.47,1.03,general,high,0.86,26.8,21.2,15.5,0,0,1.0,13.64
234.84,1.7,0.09,0.44,0.15,5.26,14.41,perishable,standard,0.72,33.9,6.0,3.4,1,2,1.2,38.23
258.49,1.19,0.32,0.49,0.19,9.64,3.58,furniture,standard,0.94,28.3,17.9,16.9,1,0,1.0,4.1
134.41,2.12,0.05,0.39,0.17,9.51,0.35,general,standard,0.72,31.8,3.6,2.9,0,1,1.0,25.15
58.02,1.14,0.26,0.6,0.46,6.06,5.2,general,high,0.76,34.6,17.0,15.3,0,1,1.0,7.7
200.89,1.31,0.24,0.37,0.12,6.58,6.79,medicine,standard,0.88,32.1,16.9,9.7,0,2,1.2,22.79
37.44,2.08,0.45,0.48,0.22,0.39,0.06,general,standard,0.83,29.8,22.5,24.7,1,0,1.0,3.35
47.83,1.3,0.11,0.12,0.25,7.2,2.91,general,low,0.84,28.2,6.5,5.9,0,2,1.0,8.71
224.4,2.1,0.1,0.42,0.57,0.72,4.39,hazmat,high,0.9,31.3,5.7,4.5,0,1,1.4,47.64
61.84,1.86,0.33,0.72,0.6,6.23,0.33,general,standard,0.8,30.1,20.9,15.8,0,0,1.0,10.89
275.09,2.3,0.67,0.55,0.56,4.46,0.39,furniture,high,0.83,31.1,39.3,27.3,0,1,1.0,37.48
261.89,2.22,0.34,0.75,0.22,0.51,6.15,general,high,0.8,32.8,26.9,14.7,1,0,1.0,56.54
103.9,2.04,0.2,0.65,0.19,3.31,5.37,perishable,high,0.62,31.1,11.4,11.4,0,0,1.2,23.13
40.96,1.82,0.36,0.98,0.36,6.93,5.87,perishable,critical,0.7,32.6,25.1,20.4,0,0,1.2,14.42
74.7,1.23,0.17,0.34,0.54,2.52,0.25,hazmat,standard,0.9,29.9,13.4,7.3,0,1,1.4,13.12
221.08,1.57,0.1,0.2,0.52,12.92,4.63,medicine,high,0.72,33.7,7.6,5.1,0,1,1.2,25.54
309.79,1.27,0.18,0.22,0.17,5.32,2.06,medicine,high,0.86,30.6,11.2,8.7,0,0,1.2,14.53
100.15,2.16,0.21,0.34,0.46,0.77,1.05,general,standard,0.93,27.5,12.7,9.6,0,0,1.0,19.6
241.7,1.16,0.07,0.62,0.24,1.03,2.01,medicine,high,0.78,25.6,4.7,2.8,0,1,1.2,6.12
173.2,1.83,0.22,0.8,0.27,1.67,0.38,hazmat,low,0.77,26.5,17.4,12.9,0,0,1.4,24.39
162.18,2.19,0.14,0.13,0.44,9.56,0.52,medicine,high,0.79,31.2,7.4,5.6,1,1,1.2,29.16
179.0,1.66,0.71,0.97,0.23,8.14,1.63,perishable,critical,0.83,34.4,53.1,34.3,0,1,1.2,28.55
169.24,1.97,0.29,0.42,0.42,5.26,1.42,furniture,low,0.6,31.1,20.0,10.6,0,1,1.0,40.05
62.14,1.91,0.18,0.84,0.25,6.59,3.24,hazmat,high,0.9,25.7,13.5,8.2,0,2,1.4,23.14
119.55,1.69,0.24,0.7,0.41,8.7,0.33,perishable,standard,0.87,23.1,14.8,12.9,0,1,1.2,27.49
26.13,2.46,0.2,0.63,0.21,6.31,1.92,furniture,high,0.7,29.5,15.8,8.2,0,1,1.0,13.62
151.23,1.12,0.18,0.18,0.16,3.15,8.3,medicine,critical,0.75,25.4,10.9,8.4,0,0,1.2,8.23
86.89,1.96,0.24,0.91,0.62,1.9,8.21,general,standard,0.94,26.4,14.6,10.4,1,0,1.0,17.93
262.76,1.15,0.57,0.44,0.75,10.36,2.67,hazmat,standard,0.93,26.9,32.2,28.6,0,0,1.4,18.04
271.18,1.88,0.07,0.9,0.06,4.48,6.7,medicine,standard,0.75,29.9,4.9,2.8,0,0,1.2,35.74
171.01,1.58,0.62,0.27,0.51,2.44,0.7,perishable,standard,0.74,30.8,30.4,22.4,0,1,1.2,33.01
203.83,1.33,0.14,0.97,0.59,2.52,0.8,perishable,standard,0.85,27.2,9.5,5.9,0,0,1.2,10.69
67.51,1.35,0.2,0.66,0.22,2.78,0.23,medicine,high,0.69,25.5,13.4,9.2,1,0,1.2,4.59
106.87,1.85,0.53,0.85,0.5,1.55,5.7,perishable,critical,0.73,30.8,34.9,27.5,0,0,1.2,27.35
133.97,1.45,0.25,0.55,0.5,1.29,4.29,general,high,0.72,24.8,18.2,10.5,1,0,1.0,9.04
178.06,1.63,0.53,0.64,0.52,4.13,5.96,perishable,critical,0.96,25.8,40.3,25.5,1,1,1.2,31.13
135.58,1.5,0.6,0.39,0.4,0.15,1.53,furniture,critical,0.8,35.7,36.9,24.3,0,1,1.0,14.71
138.93,1.44,0.33,0.77,0.24,0.26,1.14,general,high,0.77,26.0,25.5,12.8,0,1,1.0,13.22
212.17,1.69,0.5,0.91,0.06,10.06,2.76,perishable,low,0.74,25.5,28.3,18.6,0,0,1.2,27.96
234.14,1.26,0.6,0.75,0.18,1.24,0.9,general,standard,0.74,29.9,35.3,27.5,1,0,1.0,18.25
283.96,2.49,0.2,0.52,0.12,0.17,1.36,medicine,standard,0.83,29.5,9.9,12.0,0,1,1.2,63.08
149.22,2.24,0.39,0.85,0.3,23.75,1.11,perishable,standard,0.85,31.6,30.5,14.8,0,1,1.2,38.13
61.13,1.83,0.18,0.55,0.37,1.15,17.94,medicine,high,0.72,28.5,11.3,9.6,0,0,1.2,22.04
158.36,1.26,0.31,0.5,0.4,3.25,11.11,hazmat,critical,0.7,36.0,15.8,11.8,0,0,1.4,19.12
197.27,2.69,0.45,0.7,0.21,9.43,1.27,medicine,high,0.76,29.6,26.6,20.5,0,0,1.2,58.98
165.45,1.1,0.28,0.31,0.15,6.33,5.68,furniture,standard,0.92,32.4,20.2,15.6,0,0,1.0,7.16
59.05,2.04,0.2,0.53,0.72,2.09,5.73,general,standard,0.64,33.3,11.8,10.6,1,0,1.0,15.91
187.54,1.78,0.46,0.14,0.56,0.83,1.59,luxury,standard,0.92,29.2,25.4,20.1,1,0,1.0,31.64
121.45,1.6,0.5,0.99,0.34,4.66,2.79,luxury,standard,0.96,25.8,27.2,29.0,0,0,1.0,15.93
170.13,1.56,0.67,0.97,0.25,2.99,4.66,medicine,standard,0.85,33.1,46.7,37.2,0,1,1.2,35.99
65.57,2.36,0.07,0.99,0.34,0.25,0.69,perishable,critical,0.97,31.6,4.8,4.1,1,1,1.2,12.78
47.33,1.23,0.24,0.89,0.39,3.0,0.66,perishable,standard,0.76,27.4,16.2,13.6,1,2,1.2,7.92
67.55,1.45,0.53,0.91,0.19,0.81,1.82,furniture,low,0.82,28.8,35.1,29.6,1,0,1.0,18.48
121.73,2.51,0.08,0.18,0.52,4.31,3.01,hazmat,standard,0.8,27.2,6.4,4.7,0,0,1.4,38.95
187.73,2.57,0.13,0.29,0.26,25.82,1.49,perishable,low,0.64,26.0,7.4,7.1,0,1,1.2,56.48
266.72,1.64,0.08,0.7,0.93,0.39,9.13,general,high,0.73,34.0,6.4,3.3,0,1,1.0,24.83
65.93,1.52,0.12,0.28,0.32,5.51,3.17,perishable,standard,0.82,32.7,6.4,4.6,0,0,1.2,8.22
10.82,1.15,0.37,0.14,0.19,16.22,0.04,furniture,high,0.66,30.3,26.5,13.9,1,1,1.0,16.41
162.59,1.27,0.42,0.47,0.52,1.83,10.11,medicine,standard,0.7,29.3,21.8,18.6,0,0,1.2,17.05
94.19,1.95,0.46,0.94,0.65,4.83,6.27,medicine,standard,0.73,31.1,29.1,23.9,1,0,1.2,42.44
117.61,1.16,0.83,1.0,0.22,19.7,10.92,general,high,0.82,32.5,43.1,45.8,1,2,1.0,35.11
173.76,1.54,0.45,0.54,0.2,4.72,0.64,furniture,high,0.83,33.2,32.0,25.3,0,0,1.0,20.05
216.64,2.61,0.42,0.65,0.27,9.36,0.18,medicine,low,0.76,23.6,22.0,15.1,0,1,1.2,74.75
297.88,1.21,0.12,0.41,0.16,21.45,13.83,luxury,critical,0.76,28.8,9.2,5.7,1,1,1.0,14.61
229.87,2.39,0.52,0.35,0.64,12.34,4.5,perishable,standard,0.97,30.1,26.2,18.3,0,0,1.2,61.23
200.58,1.2,0.12,0.94,0.28,11.38,1.87,hazmat,low,0.99,34.5,9.2,6.9,0,0,1.4,18.89
130.26,2.55,0.1,0.75,0.19,6.68,4.68,perishable,standard,0.86,29.2,8.0,3.6,0,0,1.2,39.82
187.4,2.03,0.32,0.3,0.21,2.87,1.78,hazmat,standard,0.82,30.0,18.6,18.0,1,1,1.4,50.66
86.56,2.47,0.23,0.32,0.5,3.69,3.69,furniture,high,0.71,32.7,16.3,9.4,0,0,1.0,27.72
116.43,1.85,0.36,0.75,0.59,0.61,5.61,medicine,critical,0.88,32.2,17.8,13.7,1,0,1.2,21.11
194.58,1.13,0.51,0.46,0.49,1.57,3.66,perishable,standard,0.83,30.5,31.5,28.9,0,1,1.2,17.15
226.52,1.89,0.27,0.55,0.42,1.54,11.59,general,standard,0.55,29.2,18.7,10.8,0,0,1.0,39.19
68.35,1.94,0.36,0.83,0.44,2.95,0.55,luxury,high,0.82,30.3,19.7,20.6,0,0,1.0,13.28
101.28,1.39,0.34,0.72,0.47,6.25,4.1,furniture,high,0.7,34.6,24.7,19.6,0,0,1.0,12.77
135.47,1.68,0.53,0.95,0.64,0.86,0.78,medicine,high,0.96,28.3,41.6,19.0,1,0,1.2,35.84
183.3,2.33,0.14,0.85,0.3,4.54,1.02,luxury,standard,0.79,32.2,7.3,7.7,0,2,1.0,40.82
104.79,1.2,0.18,0.34,0.45,12.47,0.85,hazmat,high,0.82,36.4,10.7,7.5,0,0,1.4,12.84
186.26,2.19,0.6,0.6,0.49,2.07,3.15,general,standard,0.95,30.1,34.4,24.8,1,1,1.0,44.63
266.12,1.28,0.61,0.34,0.65,2.39,9.81,furniture,critical,0.86,28.5,46.8,23.5,1,1,1.0,27.93
60.6,2.66,0.48,0.38,0.48,0.82,4.14,general,standard,0.78,30.0,25.3,25.6,0,1,1.0,26.06
211.35,1.15,0.15,0.77,0.55,5.38,0.98,furniture,standard,0.67,28.3,11.4,8.0,0,0,1.0,7.83
55.54,1.08,0.15,0.45,0.32,3.91,6.13,hazmat,critical,0.68,31.4,7.4,7.8,0,0,1.4,8.89
198.74,1.96,0.21,0.53,0.38,6.96,5.2,perishable,standard,0.73,35.4,10.9,10.1,0,1,1.2,37.93
92.07,2.33,0.45,0.7,0.06,16.92,1.06,medicine,standard,0.9,27.8,25.7,18.2,1,0,1.2,43.75
194.01,1.85,0.56,0.47,0.12,6.56,1.88,perishable,standard,0.85,33.7,44.5,32.6,0,1,1.2,38.2
88.79,1.55,0.59,0.49,0.54,0.98,0.39,medicine,low,0.67,31.3,41.6,29.8,0,0,1.2,18.63
99.73,1.5,0.16,0.41,0.19,7.23,2.72,perishable,high,0.86,31.7,9.1,8.0,0,0,1.2,8.97
150.1,1.72,0.17,0.51,0.4,8.84,4.76,medicine,standard,0.67,28.2,9.6,8.7,0,1,1.2,28.83
76.39,1.98,0.16,0.81,0.22,7.24,7.18,luxury,high,0.93,31.9,10.9,9.6,0,0,1.0,12.26
56.3,1.35,0.54,0.64,0.3,15.86,6.06,medicine,critical,0.57,33.4,43.4,23.1,0,0,1.2,14.85
55.94,1.57,0.71,0.16,0.1,0.85,3.12,medicine,standard,0.77,31.5,39.3,31.0,0,0,1.2,17.7
46.25,2.56,0.27,0.19,0.55,1.9,1.36,luxury,critical,0.89,26.7,14.0,9.6,1,3,1.0,23.46
228.71,1.58,0.16,0.11,0.77,2.1,16.83,hazmat,low,0.77,32.9,9.4,6.7,0,0,1.4,38.85
146.34,1.32,0.35,0.28,0.4,5.18,6.31,furniture,standard,0.89,30.6,21.2,15.0,1,0,1.0,14.27
234.29,1.21,0.2,0.3,0.04,7.32,3.06,perishable,high,0.77,34.7,12.3,10.2,1,0,1.2,18.11
83.66,2.41,0.1,0.16,0.17,1.99,3.37,furniture,standard,0.72,26.6,5.3,5.0,0,0,1.0,19.81
92.73,1.94,0.36,0.72,0.17,20.01,5.42,luxury,high,0.74,26.7,22.6,14.9,1,2,1.0,21.99
260.91,2.34,0.3,0.73,0.26,9.07,4.79,perishable,high,0.92,30.4,18.8,17.1,0,1,1.2,61.74
56.75,1.75,0.57,0.58,0.52,2.77,10.77,medicine,low,0.87,25.6,45.4,29.8,0,0,1.2,18.04
135.24,1.48,0.81,0.68,0.39,0.81,0.59,general,standard,0.88,34.3,59.4,28.7,1,0,1.0,27.14
204.93,1.7,0.14,0.9,0.08,2.76,1.48,furniture,standard,0.71,30.5,9.6,7.1,0,0,1.0,30.19
234.03,1.17,0.3,0.31,0.12,6.83,5.02,general,standard,0.73,29.2,15.5,12.1,0,1,1.0,11.84
60.66,1.07,0.47,0.51,0.67,1.55,3.2,general,high,0.89,30.3,37.4,22.9,0,0,1.0,8.39
189.35,1.54,0.18,0.47,0.16,2.36,10.13,perishable,standard,0.78,33.4,11.1,9.7,1,1,1.2,25.62
82.08,2.26,0.68,0.84,0.34,0.76,2.25,perishable,standard,0.76,32.4,45.4,32.8,0,0,1.2,28.14
313.36,2.09,0.2,0.38,0.74,9.58,1.0,perishable,low,0.95,29.8,9.9,10.2,0,0,1.2,49.17
83.97,2.3,0.56,0.44,0.29,9.53,0.31,hazmat,standard,0.69,28.5,41.4,29.1,0,0,1.4,38.42
131.82,1.35,0.37,0.27,0.3,1.33,2.68,perishable,standard,0.71,32.5,25.7,20.6,0,1,1.2,17.15
85.12,1.95,0.03,0.13,0.49,3.7,6.39,hazmat,high,0.85,31.6,1.6,1.6,0,0,1.4,10.15
224.21,1.43,0.06,0.9,0.25,0.18,0.59,hazmat,standard,0.7,32.2,4.3,2.2,1,1,1.4,23.43
247.05,2.14,0.7,0.83,0.41,11.69,8.29,luxury,high,0.79,29.7,47.6,40.2,0,0,1.0,40.98
207.86,2.32,0.38,0.82,0.23,10.3,5.72,luxury,high,0.86,26.1,25.6,14.4,0,1,1.0,30.51
78.54,1.86,0.48,0.34,0.54,6.51,0.63,general,standard,0.92,29.4,28.3,16.9,1,1,1.0,27.86
209.69,1.87,0.76,0.22,0.03,21.73,4.22,luxury,standard,0.93,30.0,37.8,42.3,0,0,1.0,27.14
50.74,2.0,0.28,0.64,0.46,8.84,3.17,furniture,high,0.87,27.6,15.7,13.0,1,2,1.0,12.14
33.54,2.18,0.14,0.53,0.35,1.82,1.12,perishable,standard,0.87,28.2,7.6,7.6,0,0,1.2,11.99
127.89,1.2,0.35,0.32,0.43,2.67,3.3,general,critical,0.78,28.2,25.3,13.1,0,0,1.0,5.55
188.41,2.19,0.16,0.8,0.28,10.6,0.03,general,low,0.52,31.5,10.3,8.7,0,0,1.0,47.05
264.56,1.25,0.28,0.23,0.59,3.78,0.15,medicine,standard,0.84,29.7,19.3,14.0,0,1,1.2,17.3
28.51,1.93,0.03,0.84,0.33,7.69,3.45,furniture,standard,0.73,29.4,1.5,1.2,1,0,1.0,8.37
57.81,1.54,0.38,0.94,0.59,1.44,1.03,furniture,standard,0.99,30.3,28.6,19.8,0,1,1.0,11.23
92.86,2.26,0.46,0.77,0.61,3.72,3.3,general,critical,0.69,24.6,25.2,17.2,0,1,1.0,22.44
132.88,1.55,0.34,0.71,0.22,2.96,2.87,medicine,high,0.8,27.9,24.5,13.4,0,1,1.2,21.7
288.71,1.89,0.2,0.42,0.37,0.06,3.99,general,critical,0.76,34.1,11.7,10.3,0,0,1.0,33.66
145.92,1.64,0.28,0.25,0.28,0.56,0.36,furniture,high,0.81,33.0,18.1,10.9,0,0,1.0,13.04
166.23,1.69,0.75,0.3,0.09,5.77,2.53,medicine,low,0.9,31.2,52.3,39.2,0,0,1.2,30.74
216.47,1.82,0.52,0.41,0.21,6.28,1.27,medicine,standard,0.8,35.0,38.7,30.8,1,0,1.2,44.1
214.37,1.95,0.41,0.51,0.09,2.29,3.26,general,high,0.8,29.4,27.8,21.9,0,0,1.0,34.83
172.57,1.39,0.39,0.92,0.28,0.59,5.52,medicine,critical,0.71,27.1,28.3,21.9,1,0,1.2,27.53
194.05,1.65,0.53,0.49,0.24,0.08,2.55,general,standard,0.92,31.7,41.1,18.9,1,1,1.0,30.55
184.43,1.39,0.46,0.92,0.29,6.11,2.39,luxury,standard,0.71,36.9,27.5,19.2,1,1,1.0,38.24
12.12,1.27,0.1,0.32,0.19,4.5,0.64,medicine,low,0.64,27.6,6.3,3.5,0,0,1.2,5.26
148.65,2.47,0.53,0.83,0.2,5.45,6.78,hazmat,high,0.83,29.4,39.9,20.0,0,1,1.4,59.37
184.04,1.28,0.5,0.67,0.56,0.85,0.69,medicine,high,0.97,32.2,25.0,26.6,0,0,1.2,11.13
217.89,1.2,0.25,0.28,0.1,0.61,0.54,general,standard,0.97,27.3,19.1,13.8,0,0,1.0,9.1
201.85,1.41,0.67,0.21,0.36,3.04,5.91,general,standard,0.9,30.8,36.4,29.5,0,1,1.0,20.46
87.54,2.5,0.21,0.1,0.57,1.1,14.74,medicine,low,0.9,27.6,14.1,7.7,0,0,1.2,26.51
106.9,1.84,0.32,0.41,0.39,2.86,0.77,medicine,low,0.94,24.9,20.1,12.9,0,0,1.2,20.98
42.1,1.96,0.32,0.32,0.1,7.87,2.34,medicine,high,0.65,28.9,19.3,15.5,1,1,1.2,19.57
47.49,2.67,0.65,0.95,0.62,1.15,0.24,furniture,high,0.74,29.4,37.8,30.2,0,0,1.0,16.42
186.21,1.23,0.26,0.77,0.43,2.15,14.04,medicine,low,0.8,29.6,14.0,12.4,0,1,1.2,23.89
116.47,2.36,0.19,0.18,0.25,7.28,4.2,perishable,high,0.67,33.7,14.4,10.1,0,0,1.2,25.65
252.71,1.63,0.17,0.75,0.68,2.6,7.32,perishable,standard,0.82,34.3,11.1,7.0,0,0,1.2,29.14
66.58,1.14,0.43,0.34,0.25,4.24,2.84,hazmat,critical,0.77,29.0,27.3,23.4,0,1,1.4,13.47
40.56,1.09,0.24,0.82,0.47,1.18,4.88,perishable,standard,0.85,32.1,13.6,11.2,1,0,1.2,6.51
243.71,2.02,0.04,0.51,0.17,10.21,2.58,luxury,standard,0.87,24.2,2.2,2.2,1,1,1.0,40.26
115.86,1.27,0.65,0.3,0.28,1.95,2.5,perishable,low,0.67,28.8,32.1,27.1,0,0,1.2,18.29
116.36,1.43,0.47,0.86,0.22,3.12,3.88,perishable,standard,0.75,26.4,37.1,27.0,0,1,1.2,14.59
16.56,1.68,0.66,0.96,0.09,1.1,5.03,general,critical,0.9,31.9,44.9,33.1,0,2,1.0,12.57
174.41,1.03,0.7,0.54,0.23,1.16,8.46,perishable,standard,0.9,34.8,48.8,36.2,0,2,1.2,17.49
111.27,1.61,0.36,0.47,0.59,2.88,4.86,general,critical,0.71,29.8,20.9,21.4,1,0,1.0,14.94
59.22,1.08,0.04,0.68,0.19,1.09,9.27,general,standard,0.84,30.9,3.2,2.0,1,1,1.0,4.8
150.7,1.15,0.19,0.32,0.5,25.0,1.05,hazmat,high,0.65,26.2,13.1,9.0,0,0,1.4,18.26
216.07,1.34,0.24,0.94,0.3,4.13,1.21,luxury,high,0.9,25.8,17.6,13.8,1,1,1.0,11.65
107.97,1.25,0.27,0.68,0.48,0.32,1.07,general,high,0.91,29.5,21.4,11.2,0,0,1.0,6.46
184.31,1.04,0.29,0.76,0.49,0.48,0.44,medicine,standard,0.73,34.1,20.5,15.2,0,0,1.2,9.55
189.71,1.28,0.52,0.81,0.17,3.1,3.54,furniture,standard,0.77,31.8,28.3,29.9,0,0,1.0,14.64
25.4,2.18,0.22,0.82,0.45,0.26,2.0,luxury,low,0.64,29.1,11.4,9.1,0,1,1.0,15.27
49.36,1.77,0.25,0.77,0.25,6.86,3.72,perishable,high,0.73,27.0,17.9,14.0,0,0,1.2,12.39
76.62,1.75,0.34,0.35,0.09,6.14,2.97,furniture,high,0.68,27.6,16.7,18.9,0,2,1.0,15.99
69.17,2.08,0.12,0.7,0.26,7.06,3.45,general,standard,0.93,28.7,7.8,6.1,1,0,1.0,16.41
133.34,2.53,0.61,0.65,0.55,6.99,1.74,general,low,0.92,30.5,35.8,30.3,0,1,1.0,39.16
212.36,1.81,0.53,0.93,0.54,1.01,0.89,general,high,0.86,25.7,41.1,29.8,1,0,1.0,41.28
145.13,2.6,0.18,0.77,0.61,11.21,4.6,medicine,low,0.78,36.0,12.6,7.8,0,0,1.2,42.29
171.28,2.0,0.05,0.6,0.56,9.06,4.93,perishable,standard,0.94,28.9,3.9,2.7,0,1,1.2,36.67
179.57,1.35,0.06,0.93,0.28,3.86,10.79,general,low,0.78,26.5,4.2,3.0,1,3,1.0,25.49
143.78,2.32,0.13,0.88,0.24,1.43,1.21,luxury,standard,0.86,27.9,7.5,6.7,0,0,1.0,23.53
92.32,1.59,0.48,0.36,0.45,11.7,7.25,general,standard,0.82,26.5,38.4,28.1,0,0,1.0,12.36
61.78,1.35,0.4,0.93,0.39,7.3,0.13,general,critical,0.96,29.3,26.7,16.7,0,0,1.0,7.09
100.49,1.26,0.29,0.52,0.28,0.02,0.19,hazmat,standard,0.59,27.6,15.5,17.1,0,1,1.4,19.81
226.76,2.73,0.16,0.35,0.08,2.52,4.23,perishable,standard,0.8,31.7,11.8,7.1,0,0,1.2,75.4
90.19,2.08,0.5,0.25,0.34,2.36,0.74,furniture,standard,0.78,30.0,36.6,28.2,0,1,1.0,22.54
28.98,1.9,0.3,0.72,0.35,4.5,1.18,medicine,standard,0.67,33.6,18.6,17.9,1,1,1.2,10.03
175.99,1.48,0.11,0.68,0.35,1.45,8.16,general,high,0.8,25.9,7.4,4.2,0,1,1.0,12.87
30.28,1.57,0.25,0.64,0.3,11.37,4.02,hazmat,low,0.81,27.1,15.6,12.6,1,0,1.4,15.62
103.74,1.94,0.41,0.84,0.22,0.82,7.32,perishable,standard,0.85,36.9,30.2,17.4,1,0,1.2,43.45
94.07,2.27,0.3,0.98,0.26,1.53,2.41,general,high,0.81,32.4,20.2,11.5,0,2,1.0,30.44
124.87,1.7,0.21,0.22,0.54,1.35,5.35,hazmat,standard,0.91,31.6,12.2,11.2,0,0,1.4,19.63
67.09,1.92,0.46,0.84,0.11,0.79,1.44,hazmat,low,0.83,23.3,23.7,17.5,0,1,1.4,36.56
117.2,1.38,0.3,0.75,0.4,2.21,0.69,furniture,high,0.88,31.0,19.9,16.4,0,1,1.0,12.58
135.2,1.35,0.49,0.52,0.4,1.35,0.93,luxury,standard,0.84,31.2,36.6,19.0,0,1,1.0,10.21
23.76,1.55,0.37,0.41,0.21,3.56,10.32,hazmat,high,0.81,33.2,18.7,18.8,0,0,1.4,12.88
50.65,1.62,0.15,0.66,0.19,13.92,3.44,medicine,high,0.81,29.2,8.7,8.0,0,0,1.2,11.15
193.73,2.47,0.16,0.75,0.59,0.24,0.92,hazmat,standard,0.89,30.3,12.0,8.6,0,0,1.4,67.19
135.89,1.38,0.35,0.55,0.62,7.57,0.87,luxury,high,0.86,28.3,26.5,17.5,0,0,1.0,10.45
173.11,1.59,0.07,0.33,0.07,8.91,4.28,medicine,low,0.76,32.8,4.9,2.7,1,0,1.2,16.95
110.44,2.8,0.61,0.75,0.57,0.38,4.22,hazmat,high,0.81,31.5,45.4,31.6,0,1,1.4,62.09
288.48,1.24,0.25,0.22,0.36,2.22,5.93,general,high,0.74,31.7,18.9,10.9,0,1,1.0,15.1
76.04,2.03,0.25,0.27,0.23,9.75,6.08,luxury,standard,0.88,32.8,19.2,14.0,0,0,1.0,15.69
302.34,1.11,0.26,0.64,0.19,4.4,0.47,perishable,high,0.58,29.0,17.4,13.2,0,0,1.2,11.41
56.3,2.1,0.41,0.51,0.55,3.98,0.56,perishable,critical,0.83,34.2,32.7,20.7,0,2,1.2,17.47
188.23,1.82,0.74,0.65,0.18,2.03,2.0,perishable,low,0.69,34.8,46.4,32.0,1,1,1.2,52.65
201.09,1.56,0.22,0.83,0.24,0.39,7.62,hazmat,low,0.91,28.8,11.9,12.7,1,0,1.4,40.37
169.23,2.31,0.6,0.82,0.59,1.94,0.07,furniture,high,0.65,29.9,34.8,22.1,1,0,1.0,57.2
168.95,1.2,0.23,0.62,0.08,0.16,6.51,luxury,high,0.76,25.6,17.6,13.5,0,2,1.0,13.67
44.44,1.8,0.07,0.88,0.38,1.9,0.37,hazmat,standard,0.81,25.8,4.6,3.7,0,1,1.4,18.34
162.88,2.36,0.53,0.39,0.3,12.98,5.93,luxury,critical,0.82,29.8,41.7,18.7,1,2,1.0,42.72
67.77,1.23,0.48,0.57,0.31,8.5,0.55,perishable,low,0.74,29.1,38.2,23.7,0,2,1.2,19.15
109.45,2.06,0.38,0.68,0.19,1.01,10.89,medicine,critical,0.97,35.0,30.1,18.4,0,0,1.2,21.75
128.83,2.0,0.69,0.5,0.27,2.65,4.2,perishable,high,0.61,34.5,38.9,33.4,1,1,1.2,53.24
197.9,2.27,0.04,0.93,0.07,7.48,3.64,medicine,standard,0.78,29.5,2.7,1.5,1,0,1.2,51.97
67.16,1.48,0.1,0.98,0.34,16.59,13.89,general,high,0.8,29.3,8.0,6.0,0,1,1.0,12.7
27.41,2.24,0.07,0.1,0.04,4.18,4.52,general,high,0.76,30.5,4.1,4.2,0,0,1.0,10.68
201.51,1.43,0.23,0.83,0.57,1.81,3.17,general,standard,0.93,33.3,15.1,8.4,0,1,1.0,18.43
245.76,1.37,0.05,1.0,0.34,3.85,18.97,medicine,high,0.81,34.1,4.0,2.2,0,0,1.2,25.47
221.13,1.95,0.35,0.88,0.28,15.62,7.09,general,critical,0.79,34.2,19.6,18.9,0,0,1.0,23.67
170.42,1.53,0.47,0.9,0.32,6.44,7.7,furniture,critical,0.83,25.7,26.4,23.6,1,1,1.0,31.72
206.17,1.62,0.52,0.89,0.11,0.02,2.18,furniture,standard,0.81,32.2,31.7,30.1,0,1,1.0,26.89
185.07,2.73,0.73,0.17,0.56,6.52,0.04,furniture,high,0.74,30.1,38.6,30.6,0,0,1.0,48.28
224.32,2.21,0.44,0.25,0.22,6.12,3.11,general,standard,0.87,34.2,25.7,18.6,1,1,1.0,57.21
209.31,2.43,0.18,0.41,0.32,7.95,3.66,medicine,standard,0.85,22.7,10.6,10.6,1,0,1.2,58.93
74.57,2.16,0.19,0.29,0.33,6.59,0.08,luxury,critical,0.64,30.7,11.4,7.9,0,0,1.0,13.61
141.45,2.17,0.56,0.58,0.12,1.57,2.28,perishable,standard,0.68,33.8,29.7,23.4,0,1,1.2,32.32
294.55,1.64,0.27,0.33,0.01,20.39,1.7,general,standard,0.86,25.6,15.2,10.8,1,2,1.0,33.13
121.47,2.07,0.75,0.25,0.31,5.0,1.94,luxury,high,0.76,33.2,45.6,36.4,0,1,1.0,23.27
167.34,1.09,0.29,0.27,0.24,9.24,4.98,medicine,low,0.79,28.3,15.7,15.5,0,0,1.2,12.61
107.96,1.93,0.25,0.77,0.44,0.04,6.1,hazmat,low,0.75,33.4,14.2,10.8,0,2,1.4,34.84
242.65,1.17,0.36,0.26,0.39,1.63,13.37,furniture,low,0.67,29.0,21.9,18.7,1,0,1.0,17.85
91.28,2.04,0.43,0.55,0.07,11.03,3.85,general,critical,0.76,31.3,27.1,22.6,0,1,1.0,20.91
143.18,1.29,0.2,0.91,0.41,0.29,6.77,general,standard,0.94,28.5,10.4,7.4,0,1,1.0,11.68
22.33,1.43,0.41,0.59,0.44,1.78,1.38,hazmat,high,0.62,31.5,26.2,16.3,1,1,1.4,33.89
49.01,1.56,0.41,0.28,0.48,0.26,0.56,perishable,standard,0.88,34.5,25.2,19.8,0,0,1.2,12.97
313.15,1.51,0.54,0.48,0.23,0.67,2.96,general,high,0.79,30.0,35.5,29.5,0,0,1.0,25.77
199.33,2.08,0.12,0.73,0.19,3.01,2.65,general,low,0.57,25.8,6.0,4.3,1,0,1.0,39.13
100.14,2.29,0.13,0.57,0.42,2.13,5.03,luxury,standard,0.81,30.0,9.5,5.4,1,0,1.0,19.37
88.88,2.04,0.61,0.79,0.09,13.44,1.93,perishable,standard,0.86,34.3,36.2,26.3,0,1,1.2,25.95
159.3,2.4,0.13,0.19,0.5,1.72,0.89,luxury,low,0.73,32.4,9.6,6.8,0,0,1.0,38.94
216.05,2.5,0.48,0.41,0.03,6.92,2.42,hazmat,standard,0.73,29.5,34.7,25.4,0,0,1.4,79.36
28.72,1.17,0.67,0.24,0.24,0.84,2.97,perishable,high,0.71,29.6,45.3,24.6,0,0,1.2,14.2
135.08,1.59,0.01,0.94,0.12,0.02,3.49,perishable,high,0.7,24.9,0.6,0.6,0,0,1.2,12.6
85.69,2.05,0.08,0.3,0.56,2.75,3.48,furniture,high,0.68,25.9,6.1,3.6,1,0,1.0,15.65
239.03,1.77,0.43,0.82,0.43,5.65,4.52,general,low,0.76,30.2,25.6,25.0,0,1,1.0,39.79
53.19,1.46,0.45,0.27,0.21,7.14,0.41,general,standard,0.87,28.5,26.5,15.8,0,0,1.0,9.81
103.29,1.62,0.45,0.91,0.42,0.33,3.43,hazmat,high,0.75,36.0,31.3,20.3,0,0,1.4,24.61
67.94,1.79,0.46,0.18,0.29,4.5,11.98,medicine,critical,0.59,34.1,30.7,19.0,0,0,1.2,15.84
143.23,2.43,0.43,0.37,0.13,0.98,5.16,furniture,critical,0.92,28.8,30.8,17.2,1,0,1.0,41.53
31.37,2.07,0.54,0.22,0.31,3.59,6.55,perishable,high,0.83,33.7,34.7,19.6,1,1,1.2,34.09
143.62,2.57,0.68,0.39,0.36,11.09,0.09,general,standard,0.93,24.5,35.7,33.3,0,1,1.0,38.22
103.1,1.54,0.7,0.57,0.49,0.2,1.48,hazmat,low,0.96,33.8,45.2,33.8,0,3,1.4,51.84
110.18,1.59,0.42,0.97,0.78,4.67,2.31,general,high,0.79,30.1,28.5,15.4,0,1,1.0,17.61
93.82,2.5,0.33,0.39,0.47,2.94,19.77,general,critical,0.66,33.8,19.6,19.0,0,0,1.0,32.65
88.77,1.26,0.88,0.33,0.12,0.44,1.56,furniture,high,0.7,34.8,56.6,49.3,0,0,1.0,15.37
89.56,2.03,0.09,0.68,0.45,8.5,10.86,luxury,high,0.78,26.6,6.0,3.5,0,0,1.0,20.03
117.27,1.31,0.14,0.39,0.22,18.92,1.08,medicine,high,0.79,35.7,8.8,6.1,0,1,1.2,16.04
110.51,2.18,0.51,0.39,0.4,8.26,3.2,luxury,high,0.77,36.3,28.9,26.4,0,0,1.0,20.46
36.57,2.02,0.17,0.96,0.2,1.49,0.78,medicine,critical,0.87,33.0,13.0,9.0,0,0,1.2,8.32
69.64,1.54,0.16,0.3,0.67,1.82,0.65,furniture,high,0.83,30.3,12.5,9.6,0,2,1.0,11.02
44.92,1.56,0.32,0.21,0.38,6.38,0.13,general,standard,0.71,24.6,20.7,14.5,0,0,1.0,10.39
56.91,1.4,0.55,0.92,0.05,4.8,2.25,perishable,standard,0.8,33.5,29.9,29.6,1,0,1.2,26.51
224.02,1.3,0.43,0.67,0.56,2.11,1.88,furniture,high,0.87,26.2,30.1,18.0,0,0,1.0,14.12
94.5,2.25,0.43,0.68,0.19,1.38,2.03,medicine,standard,0.66,31.8,28.5,19.8,0,0,1.2,19.92
153.42,1.34,0.21,0.73,0.32,2.06,0.36,perishable,high,0.79,26.0,12.1,8.8,0,2,1.2,19.22
116.1,1.18,0.43,0.46,0.83,7.01,0.5,general,standard,0.74,29.3,30.5,25.8,1,0,1.0,19.07
18.45,1.07,0.18,0.57,0.05,8.16,6.21,medicine,low,0.7,35.2,14.3,7.7,1,0,1.2,8.96
57.24,1.23,0.2,0.78,0.16,2.09,1.32,furniture,standard,0.8,33.1,15.8,12.0,0,0,1.0,5.58
121.96,1.16,0.52,0.6,0.59,4.35,0.92,perishable,standard,0.97,28.5,40.9,26.5,0,0,1.2,12.05
55.25,2.1,0.26,0.63,0.29,0.26,0.04,general,standard,0.81,28.6,19.4,14.6,0,0,1.0,14.97
82.48,1.37,0.77,0.95,0.24,2.19,8.95,hazmat,high,0.73,25.9,41.4,33.0,0,1,1.4,34.84
156.02,2.59,0.25,0.47,0.05,3.81,0.94,furniture,standard,0.66,32.9,14.5,13.0,1,1,1.0,33.44
244.37,3.09,0.06,0.38,0.24,12.76,3.54,general,critical,0.91,28.8,4.6,2.2,1,2,1.0,46.06
134.42,1.25,0.1,0.2,0.23,0.28,1.95,furniture,high,0.88,28.3,7.7,5.7,0,0,1.0,5.12
172.95,2.27,0.48,0.19,0.27,7.41,4.85,luxury,low,0.83,23.9,32.4,18.5,0,1,1.0,44.03
120.92,2.13,0.66,0.5,0.13,4.56,2.05,hazmat,critical,0.83,34.1,43.2,29.7,0,0,1.4,32.35
157.5,1.3,0.37,0.38,0.26,1.82,3.32,furniture,standard,0.94,32.2,21.0,19.8,0,1,1.0,15.5
101.72,1.83,0.1,0.57,0.05,6.72,9.89,furniture,low,0.89,35.6,6.6,4.1,0,0,1.0,16.72
270.81,1.08,0.27,0.15,0.03,0.73,2.4,medicine,low,0.76,23.2,19.3,12.2,0,0,1.2,9.0
78.65,1.48,0.14,0.71,0.54,5.72,1.25,general,critical,0.62,29.2,8.2,5.2,1,0,1.0,12.48
127.02,1.93,0.55,0.1,0.34,0.08,5.88,furniture,standard,0.83,27.1,32.3,20.5,1,0,1.0,34.95
212.32,1.91,0.37,0.11,0.2,1.32,13.38,luxury,low,0.89,29.3,22.1,19.5,0,0,1.0,35.69
91.94,1.33,0.0,0.19,0.6,1.56,7.45,medicine,standard,0.87,33.5,0.0,0.0,0,0,1.2,12.04
167.49,1.67,0.02,0.12,0.06,0.43,10.68,luxury,standard,0.7,29.8,1.2,1.1,1,1,1.0,20.01
237.38,1.1,0.37,0.36,0.31,1.56,4.22,hazmat,standard,0.81,30.8,29.3,19.6,1,2,1.4,36.01
167.49,1.74,0.79,0.87,0.36,7.32,0.14,general,standard,0.7,27.3,54.2,45.2,0,2,1.0,28.09
70.72,1.13,0.13,0.24,0.03,0.07,0.9,general,standard,0.67,35.9,6.7,5.8,1,0,1.0,4.61
191.53,3.06,0.45,0.84,0.4,3.15,1.06,furniture,high,0.88,35.5,35.2,22.4,0,0,1.0,44.25
60.66,1.65,0.29,0.6,0.23,3.57,1.03,perishable,standard,0.82,26.0,17.6,11.8,1,0,1.2,12.75
79.72,1.78,0.13,0.22,0.14,7.12,1.33,furniture,low,0.88,27.8,8.3,7.2,0,0,1.0,16.57
135.01,1.48,0.74,0.91,0.32,12.52,0.61,general,standard,0.85,32.3,38.5,41.4,0,0,1.0,16.51
13.28,1.13,0.65,0.56,0.4,6.71,2.88,luxury,low,0.59,30.1,39.1,26.1,0,0,1.0,8.83
266.85,2.27,0.51,0.61,0.34,5.9,4.85,general,high,0.78,29.3,40.9,29.1,1,0,1.0,70.21
120.15,1.93,0.45,0.59,0.63,5.98,1.65,furniture,critical,0.71,30.9,31.6,19.7,0,0,1.0,19.97
183.64,1.72,0.22,0.87,0.16,0.61,3.04,perishable,standard,0.66,29.6,11.8,11.7,0,0,1.2,25.24
156.27,1.81,0.27,0.82,0.14,8.43,0.26,general,critical,0.94,34.6,16.6,15.0,0,0,1.0,14.17
217.12,1.54,0.35,0.19,0.34,0.4,3.8,luxury,standard,0.7,28.3,19.5,15.0,1,0,1.0,16.69
204.77,1.33,0.37,0.66,0.13,0.75,4.77,luxury,critical,0.96,32.7,22.5,14.9,1,0,1.0,13.73
73.06,1.56,0.16,0.97,0.24,3.23,3.2,luxury,high,0.94,25.9,8.9,8.3,0,0,1.0,6.64
203.38,2.18,0.14,0.71,0.48,17.6,9.38,perishable,critical,0.77,25.0,10.3,6.4,0,0,1.2,44.2
245.22,1.18,0.61,0.87,0.33,6.93,8.67,general,standard,0.77,34.9,39.9,26.3,0,0,1.0,17.56
109.64,1.8,0.16,0.29,0.1,0.51,2.71,medicine,high,0.88,32.8,10.2,6.2,0,0,1.2,17.14
227.81,1.74,0.13,0.7,0.2,0.32,2.02,perishable,standard,0.66,25.9,7.7,6.4,0,0,1.2,37.61
123.6,1.15,0.25,0.71,0.12,4.72,0.82,furniture,standard,0.72,31.6,19.2,11.8,0,1,1.0,8.63
154.58,2.38,0.43,0.18,0.6,0.46,3.36,furniture,standard,0.75,30.4,32.9,19.4,1,1,1.0,47.1
44.8,1.57,0.44,0.45,0.09,1.1,0.42,luxury,low,0.77,30.1,33.7,23.5,0,1,1.0,17.06
281.29,2.61,0.66,0.46,0.38,6.63,4.53,general,standard,0.97,24.3,33.6,24.1,0,1,1.0,79.26
28.88,2.49,0.22,0.77,0.46,4.65,0.23,medicine,standard,0.79,27.1,14.9,10.0,0,0,1.2,17.31
50.34,2.34,0.41,0.6,0.27,0.93,6.24,general,high,0.74,29.4,22.4,16.7,0,1,1.0,9.92
137.29,2.19,0.51,0.25,0.57,1.28,4.52,luxury,high,0.83,32.6,37.9,26.1,0,0,1.0,26.94
103.08,1.52,0.42,0.41,0.13,1.88,1.03,medicine,low,0.73,29.9,21.8,23.5,0,0,1.2,17.75
142.34,2.18,0.17,0.13,0.09,7.02,11.62,perishable,standard,0.76,34.6,9.6,9.6,0,0,1.2,33.8
56.95,2.06,0.33,0.41,0.52,2.27,0.51,perishable,high,0.76,29.5,25.5,11.9,0,0,1.2,17.02
237.86,2.46,0.6,0.13,0.16,5.7,10.08,furniture,standard,0.89,30.3,36.4,28.3,0,1,1.0,61.19
102.91,1.71,0.24,0.99,0.36,6.3,6.25,hazmat,high,0.79,32.7,17.2,11.1,0,1,1.4,25.33
155.93,1.25,0.2,0.82,0.15,3.98,0.03,perishable,standard,0.75,35.4,14.0,8.1,0,0,1.2,13.43
163.58,1.45,0.47,0.96,0.49,7.1,3.89,perishable,critical,0.77,35.9,24.6,18.8,1,1,1.2,21.61
275.95,1.69,0.55,0.5,0.61,0.74,13.16,perishable,standard,0.83,34.0,42.3,31.7,1,0,1.2,66.61
213.5,2.68,0.47,0.43,0.11,4.05,1.37,medicine,low,0.76,27.9,25.9,22.8,1,0,1.2,74.45
88.62,1.59,0.1,0.98,0.62,12.82,1.7,general,critical,0.81,30.8,6.7,4.6,0,3,1.0,16.43
112.23,1.89,0.45,0.87,0.12,1.98,0.7,hazmat,standard,0.59,32.8,34.0,17.6,1,0,1.4,54.4
115.9,2.03,0.4,0.72,0.19,0.6,3.95,general,standard,0.77,30.3,32.0,17.2,0,2,1.0,25.66
112.26,1.69,0.05,0.43,0.65,1.9,3.27,furniture,standard,0.89,31.9,3.3,2.7,0,1,1.0,10.82
173.51,1.85,0.12,0.32,0.16,1.97,5.66,general,standard,0.89,24.9,8.5,5.8,0,0,1.0,21.95
85.23,1.61,0.23,0.54,0.32,11.86,0.78,hazmat,high,0.82,30.3,13.1,11.0,1,1,1.4,22.32
252.71,1.66,0.07,0.31,0.47,14.81,1.58,general,high,0.9,32.5,4.8,3.5,0,1,1.0,36.38
9.8,2.66,0.75,0.26,0.27,5.11,5.78,general,standard,0.82,32.9,45.8,40.5,1,0,1.0,18.98
54.85,1.79,0.86,0.39,0.54,3.96,2.95,medicine,critical,0.88,33.1,64.0,44.3,1,0,1.2,24.9
117.09,1.43,0.78,0.2,0.39,2.19,0.85,perishable,critical,0.77,28.5,51.5,43.6,1,0,1.2,24.17
197.35,1.07,0.26,0.55,0.17,4.42,0.41,furniture,standard,0.64,29.8,14.7,11.2,0,0,1.0,7.83
64.77,1.65,0.37,0.83,0.28,0.6,0.18,luxury,low,0.86,32.5,25.9,16.5,0,0,1.0,13.29
286.58,1.4,0.22,0.95,0.26,9.01,0.81,hazmat,standard,0.87,25.8,15.8,11.5,1,0,1.4,27.99
154.97,1.09,0.33,0.48,0.51,0.04,6.51,medicine,standard,0.91,27.0,22.0,15.1,1,1,1.2,13.67
194.67,3.02,0.81,0.97,0.23,0.83,0.36,perishable,standard,0.86,30.8,46.4,30.3,1,0,1.2,93.17
113.59,1.51,0.21,0.74,0.6,2.51,0.28,general,low,0.88,33.1,13.6,8.9,1,0,1.0,12.33
21.61,1.18,0.36,0.15,0.12,1.11,1.86,furniture,standard,0.71,30.0,20.1,13.9,1,0,1.0,2.69
47.04,1.04,0.12,0.48,0.23,4.64,2.47,hazmat,standard,0.79,28.4,7.4,5.0,1,1,1.4,8.88
134.18,1.38,0.11,0.96,0.09,17.13,5.8,medicine,critical,0.88,30.8,6.2,4.3,0,1,1.2,13.2
79.61,2.15,0.6,0.32,0.19,11.26,3.46,perishable,standard,0.74,27.9,45.3,29.2,1,1,1.2,46.93
150.06,1.17,0.47,0.18,0.45,10.75,1.66,furniture,standard,0.78,32.6,35.8,24.5,0,0,1.0,8.72
183.16,1.76,0.15,0.36,0.48,0.61,1.68,general,high,0.63,29.9,11.9,7.6,0,2,1.0,35.27
136.56,2.72,0.17,0.64,0.73,3.94,1.85,hazmat,critical,0.75,30.6,12.4,8.4,1,0,1.4,52.69
66.41,1.54,0.39,0.84,0.6,18.95,1.07,perishable,standard,0.94,30.0,23.9,21.8,0,0,1.2,15.38
94.1,1.44,0.23,0.54,0.29,3.59,1.03,hazmat,standard,0.81,26.3,18.2,10.1,1,0,1.4,17.62
120.86,1.67,0.05,0.66,0.26,1.93,7.71,perishable,high,0.63,29.3,2.9,2.7,0,0,1.2,15.94
69.93,1.42,0.28,0.9,0.07,0.87,13.32,furniture,critical,0.75,33.3,16.5,12.2,0,1,1.0,9.02
178.29,2.2,0.16,0.66,0.26,5.04,0.4,medicine,high,0.92,28.8,10.0,9.1,1,1,1.2,32.29
135.79,1.11,0.17,0.58,0.19,3.45,4.68,medicine,standard,0.73,29.9,11.5,8.1,0,0,1.2,4.47
171.13,1.28,0.06,0.15,0.23,0.56,0.02,furniture,high,0.97,26.7,3.6,2.9,1,0,1.0,3.23
103.52,1.2,0.14,0.7,0.53,2.48,1.13,hazmat,critical,0.84,29.5,9.2,6.6,0,0,1.4,8.48
72.6,1.52,0.22,0.59,0.28,5.0,3.48,medicine,standard,0.89,28.7,12.6,12.7,0,0,1.2,9.37
189.92,2.44,0.06,0.85,0.09,2.96,1.49,general,standard,0.82,26.3,4.2,2.2,0,0,1.0,34.46
165.37,1.59,0.24,0.57,0.49,6.74,1.11,general,high,0.72,31.5,12.4,10.2,0,1,1.0,18.39
181.77,2.05,0.68,0.35,0.15,3.79,0.64,furniture,high,0.9,28.9,51.2,23.9,0,0,1.0,36.54
141.9,1.32,0.85,0.26,0.53,12.35,9.02,hazmat,standard,0.79,32.0,56.3,49.5,0,0,1.4,31.29
191.54,1.53,0.27,0.72,0.69,0.52,0.78,luxury,standard,0.88,30.2,18.8,15.1,0,1,1.0,16.7
217.13,1.82,0.17,0.51,0.48,0.85,0.67,perishable,standard,0.89,26.4,13.3,7.5,0,0,1.2,27.53
98.67,1.82,0.48,0.69,0.38,0.72,1.01,furniture,critical,0.99,32.0,34.3,28.2,1,1,1.0,21.18
244.4,1.65,0.09,0.85,0.12,3.42,9.05,perishable,standard,0.78,29.3,4.8,4.5,0,1,1.2,36.85
184.96,2.12,0.16,0.39,0.26,2.43,0.15,general,low,0.91,29.3,12.8,5.7,0,0,1.0,35.82
175.45,1.16,0.31,0.67,0.63,4.53,0.52,medicine,high,0.95,23.2,16.2,14.4,0,0,1.2,10.39
120.13,2.2,0.21,0.94,0.24,5.37,6.4,furniture,high,0.64,31.1,14.4,9.7,1,1,1.0,32.46
310.35,1.26,0.36,0.29,0.79,0.72,6.25,medicine,high,0.63,30.3,19.9,18.1,0,0,1.2,22.05
254.95,1.44,0.38,0.87,0.39,3.63,1.07,medicine,low,0.82,26.7,20.8,21.7,1,0,1.2,33.17
245.87,2.69,0.45,0.26,0.75,5.79,1.01,perishable,high,0.91,30.0,23.6,26.5,0,1,1.2,77.96
171.3,1.45,0.14,0.42,0.38,4.12,6.5,luxury,high,0.85,31.6,9.5,8.2,1,1,1.0,18.13
222.4,1.33,0.02,0.49,0.52,9.17,1.53,hazmat,low,0.87,32.8,1.1,0.9,0,0,1.4,15.7
236.21,1.05,0.5,0.64,0.15,8.33,0.16,perishable,high,0.93,28.1,26.0,21.3,0,0,1.2,9.2
136.13,2.41,0.62,0.26,0.25,3.23,4.6,perishable,high,0.91,32.9,31.2,30.5,0,1,1.2,49.03
119.83,1.45,0.04,0.54,0.07,2.09,5.87,general,low,0.82,33.4,3.0,1.5,1,1,1.0,15.22
48.62,2.86,0.39,0.95,0.3,2.77,2.76,hazmat,high,0.77,33.7,26.4,17.9,1,0,1.4,54.22
116.75,2.03,0.32,0.4,0.15,16.0,2.72,general,standard,0.76,34.2,20.6,15.5,1,0,1.0,28.02
179.45,1.19,0.51,0.3,0.41,8.53,5.9,general,low,0.89,30.1,32.8,24.2,1,0,1.0,26.69
121.15,1.42,0.22,0.14,0.21,8.07,3.15,perishable,high,0.91,31.4,12.7,10.8,0,0,1.2,11.33
84.43,1.23,0.16,0.74,0.59,4.49,4.42,general,standard,0.84,31.7,8.5,6.2,0,0,1.0,6.39
224.08,1.03,0.13,0.55,0.4,2.97,7.47,general,critical,0.9,27.6,8.8,7.2,0,1,1.0,9.34
176.15,1.64,0.52,0.58,0.36,16.18,9.42,perishable,high,0.81,29.3,29.3,25.6,1,0,1.2,47.4
84.62,1.25,0.24,0.98,0.22,0.08,13.59,luxury,high,0.88,30.5,18.3,9.3,0,0,1.0,9.05
93.19,1.33,0.37,0.32,0.26,0.94,2.26,perishable,standard,0.82,26.6,24.9,19.6,1,1,1.2,10.05
89.66,2.61,0.36,0.85,0.57,4.93,0.47,hazmat,high,0.92,35.4,21.8,16.3,1,0,1.4,32.19
136.23,1.23,0.25,0.26,0.45,0.94,2.43,hazmat,low,0.83,27.6,18.1,13.0,0,0,1.4,14.67
246.13,1.56,0.07,0.51,0.22,0.01,6.61,general,standard,0.82,29.5,4.0,2.7,0,0,1.0,13.13
121.52,1.35,0.57,0.69,0.34,1.43,4.95,general,critical,0.89,30.4,43.2,25.1,0,0,1.0,8.58
114.6,1.95,0.06,0.87,0.23,0.91,1.03,medicine,high,0.98,31.5,3.4,2.5,1,1,1.2,19.14
139.71,2.51,0.58,0.75,0.29,13.43,0.24,general,standard,0.94,32.8,45.3,31.6,0,0,1.0,25.56
104.23,1.22,0.8,0.66,0.26,6.9,1.58,perishable,high,0.8,31.9,49.5,37.7,0,0,1.2,12.59
111.6,1.69,0.66,0.12,0.49,3.9,0.79,luxury,high,0.86,34.2,33.7,37.4,0,0,1.0,17.95
90.71,1.32,0.11,0.6,0.28,2.67,5.86,perishable,low,0.84,35.4,8.4,5.4,0,0,1.2,8.43
111.8,1.31,0.11,0.43,0.46,3.49,1.49,medicine,high,0.66,30.9,8.6,5.8,0,1,1.2,8.95
120.61,2.15,0.35,0.97,0.23,4.44,4.61,perishable,standard,0.77,27.8,26.6,15.0,0,1,1.2,34.08
53.77,1.56,0.35,0.39,0.14,3.16,2.14,furniture,critical,0.8,31.7,20.6,16.3,0,0,1.0,5.02
137.82,2.68,0.04,0.19,0.04,1.19,7.62,general,high,0.85,26.5,2.8,1.6,1,0,1.0,30.79
279.27,1.34,0.44,0.23,0.33,1.19,7.0,hazmat,standard,0.91,26.5,27.9,18.6,0,1,1.4,29.81
174.68,1.63,0.54,0.72,0.37,3.49,0.32,general,standard,0.86,34.8,32.7,29.1,1,0,1.0,33.62
108.31,2.27,0.38,0.47,0.33,1.58,3.95,medicine,low,0.78,26.8,27.8,21.4,1,0,1.2,46.05
148.1,2.44,0.06,0.46,0.58,0.62,1.26,furniture,standard,0.81,32.0,4.7,2.7,0,0,1.0,37.01
89.04,1.56,0.32,0.44,0.4,0.26,1.56,luxury,standard,0.95,24.2,25.2,14.3,0,1,1.0,8.65
48.31,1.53,0.1,0.96,0.5,0.16,3.77,perishable,high,0.56,26.0,7.7,4.5,0,0,1.2,11.52
159.4,1.3,0.21,0.23,0.14,3.54,1.04,perishable,standard,0.78,26.4,12.8,8.7,0,0,1.2,13.83
152.46,1.14,0.15,0.86,0.67,10.41,0.51,furniture,high,0.9,30.8,10.0,7.9,0,0,1.0,11.93
40.79,1.1,0.59,0.87,0.27,1.24,0.78,general,critical,0.77,32.8,38.0,24.3,1,0,1.0,15.82
194.42,1.32,0.25,0.69,0.53,0.84,0.69,furniture,critical,0.87,24.0,17.7,11.6,1,0,1.0,11.93
260.12,1.4,0.45,0.34,0.66,14.46,1.1,hazmat,high,0.95,30.7,23.9,23.2,0,0,1.4,25.82
168.77,2.58,0.39,0.66,0.22,0.39,4.88,general,high,0.87,28.1,26.0,15.0,0,1,1.0,37.12
135.45,1.67,0.14,0.16,0.23,0.91,0.22,furniture,standard,0.84,28.2,8.0,8.2,0,1,1.0,16.43
218.08,2.15,0.28,0.94,0.18,1.56,0.28,perishable,standard,0.73,33.2,19.4,15.2,1,0,1.2,54.57
253.77,2.09,0.29,0.7,0.72,3.37,2.71,perishable,high,0.88,31.3,22.6,15.5,0,0,1.2,37.3
46.8,1.7,0.29,0.23,0.18,0.29,0.27,perishable,high,0.93,32.2,20.0,15.1,1,2,1.2,11.07
93.48,1.87,0.45,0.8,0.11,6.25,2.07,luxury,high,0.84,34.0,32.3,17.0,1,0,1.0,25.07
99.95,1.96,0.17,0.38,0.42,8.71,3.46,general,low,0.82,30.7,13.4,6.1,1,0,1.0,16.78
192.85,1.46,0.47,0.14,0.17,4.34,4.26,perishable,high,0.87,32.2,35.9,23.9,0,0,1.2,21.84
56.1,1.42,0.29,0.31,0.14,7.72,2.07,perishable,critical,0.92,32.9,21.8,13.3,1,0,1.2,7.91
113.9,1.92,0.52,0.68,0.34,4.57,5.36,general,standard,0.95,34.7,26.3,20.0,0,0,1.0,18.4
161.45,1.78,0.54,0.69,0.16,3.85,8.35,medicine,standard,0.75,33.6,32.1,27.9,1,0,1.2,44.52
96.11,2.33,0.2,0.96,0.34,6.66,1.34,general,low,0.91,29.4,13.4,9.7,1,0,1.0,23.08
106.49,2.58,0.48,0.44,0.22,11.25,0.17,general,high,0.64,26.0,35.1,17.0,1,0,1.0,40.88
145.67,1.95,0.68,0.8,0.13,6.98,1.14,perishable,critical,0.85,36.3,48.5,26.3,0,0,1.2,29.35
115.71,1.98,0.48,0.54,0.26,1.58,2.55,perishable,high,0.85,28.6,34.5,27.1,0,1,1.2,29.42
89.9,2.41,0.43,0.77,0.28,1.19,0.58,medicine,high,0.82,33.3,27.8,19.8,0,0,1.2,31.04
110.18,1.81,0.54,0.55,0.22,1.71,3.45,luxury,critical,0.94,31.0,31.0,22.8,0,0,1.0,14.39
151.53,1.97,0.18,0.52,0.06,3.19,3.91,general,high,0.63,29.4,10.5,10.1,0,1,1.0,27.96
197.42,1.42,0.55,0.45,0.44,2.97,5.31,medicine,critical,0.6,28.6,35.4,32.8,0,0,1.2,24.78
41.08,1.63,0.59,0.13,0.1,2.1,0.3,perishable,standard,0.9,30.4,43.0,30.9,1,0,1.2,29.41
186.04,1.48,0.06,0.86,0.29,0.78,5.92,luxury,high,0.78,28.8,3.1,2.4,1,0,1.0,13.62
275.18,1.48,0.48,0.67,0.26,20.96,2.3,furniture,critical,0.84,27.5,29.3,25.8,1,0,1.0,17.79
143.32,1.01,0.1,0.53,0.27,6.57,8.12,hazmat,critical,0.84,24.3,5.6,3.8,1,0,1.4,9.41
71.43,1.33,0.26,0.59,0.19,1.1,3.04,luxury,standard,0.74,31.0,15.6,14.5,1,0,1.0,8.87
213.97,2.6,0.21,0.28,0.27,3.4,2.63,perishable,standard,0.95,32.1,15.3,11.5,1,0,1.2,53.54
165.09,1.99,0.67,0.96,0.15,1.99,5.08,general,standard,0.73,27.4,52.6,34.0,0,0,1.0,37.71
193.16,1.69,0.18,0.34,0.54,10.73,1.41,medicine,high,0.82,32.1,14.4,8.0,0,1,1.2,25.12
121.69,1.3,0.13,0.1,0.26,7.1,0.48,general,standard,0.77,27.3,8.6,5.4,0,0,1.0,6.66
243.55,1.7,0.17,0.64,0.09,1.86,8.25,perishable,standard,0.9,27.6,11.9,9.9,0,0,1.2,38.38
168.55,2.06,0.4,0.84,0.32,9.34,1.42,luxury,standard,0.68,29.5,27.0,21.7,0,2,1.0,36.15
186.91,1.23,0.42,0.67,0.29,0.45,3.01,general,high,0.83,25.4,30.8,14.7,0,0,1.0,11.84
150.22,2.15,0.37,0.35,0.4,7.16,2.19,perishable,standard,0.77,32.7,21.7,16.6,1,1,1.2,40.57
164.06,1.4,0.37,0.48,0.81,1.56,2.03,perishable,critical,0.7,29.4,27.0,17.9,1,0,1.2,20.03
8.43,1.07,0.14,0.74,0.25,1.36,4.59,hazmat,high,0.81,27.2,7.0,6.1,1,0,1.4,5.53
65.72,1.67,0.38,0.71,0.45,3.67,1.39,perishable,critical,0.76,29.9,29.0,18.0,0,0,1.2,11.04
217.26,2.81,0.52,0.51,0.36,1.24,2.01,perishable,critical,0.89,27.2,36.3,30.6,0,1,1.2,57.01
232.07,1.86,0.03,0.1,0.35,0.17,4.82,perishable,low,0.73,33.5,1.7,1.6,0,1,1.2,45.46
73.06,2.51,0.46,0.6,0.46,1.18,1.87,furniture,standard,0.79,32.1,36.7,24.2,0,2,1.0,25.88
124.84,1.08,0.09,0.5,0.48,0.5,3.21,perishable,high,0.83,25.4,6.9,4.7,0,0,1.2,2.02
170.12,2.06,0.15,0.38,0.17,2.36,0.56,perishable,standard,0.94,33.2,8.8,7.8,0,0,1.2,23.9
40.98,1.19,0.67,0.75,0.4,6.14,3.13,furniture,standard,0.91,28.2,35.1,25.1,1,1,1.0,23.6
40.41,1.44,0.82,0.46,0.43,9.21,0.76,medicine,high,0.77,29.7,65.9,44.6,0,0,1.2,15.53
222.67,1.98,0.18,0.59,0.35,3.73,7.13,hazmat,standard,0.76,35.0,10.3,6.9,0,1,1.4,51.28
242.97,1.16,0.13,0.26,0.17,12.33,1.67,furniture,standard,0.79,29.9,10.1,6.8,1,0,1.0,3.92
134.86,1.39,0.25,0.23,0.49,1.42,7.34,general,standard,0.76,33.0,20.1,9.1,0,0,1.0,14.01
203.98,2.21,0.11,0.52,0.18,1.25,4.83,luxury,standard,0.77,33.6,8.7,6.6,1,0,1.0,31.15
141.44,1.76,0.08,0.23,0.44,12.75,0.43,perishable,high,0.88,30.9,5.0,4.8,0,0,1.2,16.97
168.7,1.6,0.41,0.93,0.44,12.21,2.33,general,standard,0.89,29.7,31.8,21.0,0,0,1.0,17.34
121.74,1.18,0.03,0.58,0.54,1.27,7.04,perishable,critical,0.86,28.7,2.0,1.2,0,0,1.2,10.37
151.2,1.64,0.38,0.6,0.25,4.94,2.18,general,standard,0.72,25.9,29.2,17.6,0,0,1.0,15.58
185.03,1.42,0.54,0.72,0.66,7.13,1.45,furniture,standard,0.8,24.5,41.0,23.8,1,0,1.0,29.87
73.27,1.36,0.43,0.56,0.27,0.59,0.77,luxury,standard,0.93,25.9,31.8,15.6,0,0,1.0,7.81
87.95,1.61,0.36,0.67,0.38,2.5,6.98,general,critical,0.72,35.7,20.2,20.9,1,0,1.0,11.72
19.94,1.38,0.59,0.32,0.37,0.52,14.34,medicine,low,0.78,28.0,46.6,32.8,1,3,1.2,38.82
145.03,1.14,0.05,0.3,0.65,2.13,1.15,perishable,high,0.96,28.5,3.9,2.1,0,0,1.2,2.09
199.96,2.28,0.24,0.16,0.63,1.02,6.89,medicine,critical,0.73,33.2,15.3,10.5,1,0,1.2,39.13
42.34,1.72,0.48,0.51,0.36,2.68,4.91,hazmat,low,0.72,28.8,26.9,23.3,1,0,1.4,42.67
124.16,1.28,0.51,0.49,0.12,4.69,7.08,medicine,critical,0.9,31.3,34.4,19.6,0,0,1.2,9.61
212.35,1.17,0.44,0.91,0.53,4.07,1.18,luxury,standard,0.72,30.7,29.4,15.5,0,0,1.0,10.25
107.73,2.73,0.35,0.22,0.36,12.68,11.6,general,high,0.84,30.9,21.3,13.6,0,0,1.0,23.29
24.88,1.6,0.36,0.66,0.32,3.43,8.2,perishable,standard,0.69,31.9,20.3,16.5,1,0,1.2,10.77
120.96,1.24,0.45,0.32,0.23,3.37,3.24,furniture,low,0.7,34.5,25.2,21.2,0,1,1.0,14.2
98.64,1.53,0.16,0.83,0.42,1.14,1.1,general,high,0.85,28.4,9.9,6.6,0,0,1.0,8.67
59.3,2.29,0.19,0.24,0.33,1.6,4.59,furniture,standard,0.96,30.7,12.5,10.9,1,0,1.0,15.47
178.22,1.88,0.27,0.17,0.31,0.08,9.41,hazmat,high,0.76,31.1,15.3,12.5,1,0,1.4,33.19
76.91,1.07,0.05,0.41,0.29,12.97,2.85,hazmat,critical,0.79,25.7,3.4,3.0,0,0,1.4,4.03
224.03,2.45,0.26,0.81,0.28,23.51,4.68,perishable,standard,0.94,29.3,15.7,15.6,1,1,1.2,74.13
118.63,1.51,0.17,0.29,0.18,0.58,1.4,medicine,high,0.77,31.9,13.2,9.0,1,1,1.2,21.74
170.02,1.71,0.48,0.36,0.23,2.92,7.87,general,high,0.81,28.2,25.4,24.2,1,0,1.0,42.96
155.58,2.13,0.38,0.68,0.16,0.08,5.37,general,standard,0.53,32.5,21.3,17.0,1,0,1.0,36.01
30.72,2.36,0.46,0.42,0.08,13.03,6.69,perishable,high,0.92,33.0,26.7,16.3,0,1,1.2,16.05
71.66,1.59,0.43,0.68,0.4,0.63,4.02,perishable,critical,0.86,35.0,25.0,25.6,0,0,1.2,14.14
110.56,1.77,0.15,0.76,0.18,3.0,3.08,perishable,critical,0.73,33.7,11.6,7.6,1,0,1.2,17.2
73.84,2.41,0.44,0.32,0.31,5.47,1.01,furniture,standard,0.69,30.6,22.1,22.3,0,0,1.0,22.44
141.33,1.49,0.41,0.5,0.6,2.2,0.69,general,standard,0.86,32.4,27.1,15.5,1,1,1.0,25.53
134.53,1.91,0.46,0.33,0.15,2.59,2.51,general,high,0.76,25.5,34.4,27.1,1,0,1.0,27.99
84.09,2.31,0.35,0.75,0.28,1.78,2.1,general,standard,0.89,27.5,26.8,12.9,1,1,1.0,27.21
156.97,2.35,0.07,0.56,0.08,2.85,5.4,furniture,high,0.73,31.7,3.5,2.9,1,1,1.0,38.28
81.58,1.39,0.41,0.16,0.22,1.68,0.78,general,high,0.79,35.8,28.1,16.6,0,0,1.0,8.97
185.07,1.72,0.35,0.77,0.3,2.63,4.18,furniture,low,0.7,26.2,27.9,18.8,1,0,1.0,32.8
214.89,2.01,0.34,0.81,0.56,4.25,1.3,general,high,0.79,28.4,25.2,12.0,0,0,1.0,36.06
97.44,1.28,0.28,0.35,0.15,1.5,0.79,general,standard,0.88,23.8,14.5,10.3,0,0,1.0,7.06
133.78,1.46,0.13,0.66,0.13,0.16,2.35,perishable,standard,0.65,33.5,10.3,6.7,1,0,1.2,16.86
139.92,1.52,0.33,0.95,0.11,4.24,6.79,furniture,standard,0.88,29.0,24.5,15.1,1,0,1.0,15.61
145.43,1.27,0.25,0.41,0.12,0.25,2.29,perishable,standard,0.86,35.8,16.0,13.5,0,0,1.2,12.33
144.33,2.07,0.05,0.88,0.69,4.61,0.48,furniture,critical,0.72,33.7,3.4,2.0,1,0,1.0,15.2
56.07,1.69,0.66,0.96,0.18,0.69,7.73,general,high,0.76,30.4,39.2,35.9,1,0,1.0,25.21
38.37,1.1,0.71,0.54,0.79,6.21,0.89,medicine,standard,0.72,23.9,45.8,34.1,1,0,1.2,21.35
329.05,1.76,0.25,0.31,0.65,3.46,1.37,perishable,low,0.77,25.3,14.1,11.5,1,0,1.2,45.95
139.13,2.01,0.15,0.24,0.27,13.19,3.93,general,high,0.86,30.6,10.8,8.2,1,1,1.0,18.61
126.79,2.24,0.69,0.55,0.28,1.41,7.61,medicine,standard,0.61,24.9,45.4,33.4,0,0,1.2,43.28
132.56,1.76,0.51,0.91,0.23,6.58,11.65,furniture,low,0.84,32.6,29.2,20.2,0,0,1.0,29.56
147.12,1.84,0.69,0.69,0.37,11.37,1.03,general,standard,0.85,26.6,51.4,26.8,0,1,1.0,21.77
47.53,1.92,0.18,0.79,0.05,13.23,0.66,perishable,standard,0.78,28.9,14.1,10.2,1,0,1.2,17.12
111.56,2.6,0.06,0.5,0.38,2.01,7.97,perishable,low,0.74,31.7,4.0,3.0,0,1,1.2,49.86
87.53,1.43,0.75,0.38,0.23,1.92,0.5,general,standard,0.74,30.2,53.1,27.0,1,2,1.0,26.98
36.64,1.57,0.39,0.98,0.36,0.65,1.56,general,standard,0.92,31.3,21.2,23.2,0,0,1.0,8.79
199.08,2.29,0.08,0.29,0.24,7.88,1.21,furniture,high,0.91,26.4,6.0,3.9,0,0,1.0,24.32
209.47,2.13,0.15,0.94,0.63,7.16,4.81,medicine,critical,0.79,30.4,8.2,8.8,1,0,1.2,32.23
167.06,1.08,0.15,0.9,0.72,3.45,8.11,general,standard,0.6,33.9,11.8,8.9,0,1,1.0,12.34
123.17,1.38,0.61,0.21,0.47,3.85,1.06,perishable,standard,0.82,31.8,34.4,32.7,1,0,1.2,30.7
48.76,1.1,0.76,0.36,0.15,2.66,0.83,general,standard,0.78,26.9,57.3,41.2,0,0,1.0,13.03
235.07,2.75,0.78,0.85,0.27,11.28,4.49,medicine,standard,0.72,29.3,38.4,34.8,0,0,1.2,73.65
37.27,2.63,0.54,0.38,0.15,3.24,5.16,medicine,low,0.86,27.4,30.3,22.4,0,0,1.2,22.33
92.07,1.45,0.6,0.6,0.18,2.83,0.16,general,low,0.81,34.8,44.1,26.1,1,0,1.0,22.42
245.77,1.79,0.33,0.61,0.58,1.81,3.04,perishable,standard,0.69,28.3,25.6,11.9,0,0,1.2,40.45
117.27,2.06,0.12,0.75,0.57,23.54,2.19,general,low,0.78,33.2,8.0,5.2,0,0,1.0,26.08
65.07,1.62,0.5,0.95,0.51,4.72,7.76,luxury,high,0.84,26.0,31.4,22.8,0,0,1.0,16.58
193.94,1.22,0.23,0.12,0.27,0.82,0.94,luxury,standard,0.87,32.4,13.0,8.9,0,0,1.0,5.72
309.45,2.52,0.09,0.94,0.34,7.0,1.44,general,standard,0.85,29.9,6.2,4.0,0,0,1.0,62.17
139.66,1.06,0.18,0.85,0.26,18.79,1.58,furniture,high,0.75,27.3,9.0,7.9,1,0,1.0,5.65
245.26,1.4,0.45,0.21,0.27,8.13,1.42,general,low,0.81,29.9,22.9,23.2,1,2,1.0,29.4
147.59,1.98,0.02,0.71,0.23,9.02,9.12,perishable,standard,0.71,29.4,1.2,1.0,1,1,1.2,30.49
183.89,3.23,0.14,0.7,0.59,4.86,10.52,general,high,0.68,27.3,11.2,5.9,0,0,1.0,61.98
145.7,1.35,0.56,0.35,0.48,2.21,7.15,medicine,low,0.76,34.1,43.9,23.2,0,0,1.2,19.28
307.07,1.5,0.03,0.79,0.44,4.35,7.32,general,standard,0.69,30.3,1.8,1.3,1,1,1.0,29.52
16.11,1.65,0.25,0.88,0.45,1.8,3.46,luxury,critical,0.95,28.6,16.5,13.2,0,0,1.0,5.96
192.23,2.24,0.34,0.32,0.07,1.84,3.93,perishable,critical,0.8,35.5,21.8,18.0,0,1,1.2,36.78
19.34,1.75,0.1,0.85,0.31,1.08,0.4,luxury,standard,0.9,37.2,7.3,5.8,1,0,1.0,4.56
131.87,2.13,0.04,0.78,0.1,14.94,1.5,general,standard,0.82,29.5,2.3,1.9,0,2,1.0,23.7
121.28,1.42,0.73,0.17,0.45,1.03,3.83,perishable,standard,0.81,25.5,38.6,26.4,0,0,1.2,10.82
141.45,2.15,0.29,0.72,0.12,0.23,6.29,hazmat,high,0.89,32.3,17.9,11.1,1,0,1.4,32.63
74.31,1.42,0.56,0.24,0.29,8.11,0.17,medicine,high,0.77,29.9,30.3,31.6,1,0,1.2,32.7
193.07,2.42,0.06,0.28,0.35,4.91,8.86,perishable,standard,0.81,26.5,4.5,3.5,0,1,1.2,47.89
64.54,1.51,0.05,0.2,0.46,1.88,1.7,perishable,standard,0.82,25.2,3.2,2.4,0,0,1.2,1.82
92.78,1.6,0.18,0.76,0.44,1.21,7.44,hazmat,high,0.89,24.4,10.1,7.5,0,0,1.4,22.43
71.19,1.69,0.57,0.94,0.29,5.4,1.97,perishable,high,0.93,33.5,44.2,30.6,0,2,1.2,23.49
221.42,2.57,0.28,0.36,0.28,6.77,0.81,general,standard,0.88,35.0,19.4,11.5,0,1,1.0,46.79
69.11,1.71,0.17,0.55,0.46,5.06,4.39,medicine,standard,0.71,29.4,9.4,7.2,0,1,1.2,15.91
312.35,1.46,0.48,0.55,0.18,3.52,4.0,medicine,standard,0.74,27.1,24.0,23.5,1,1,1.2,41.6
91.32,1.13,0.63,0.11,0.29,0.27,7.07,general,critical,0.62,33.0,32.7,35.9,1,0,1.0,21.13
103.6,1.24,0.07,0.38,0.24,5.55,6.59,furniture,standard,0.67,31.4,5.0,3.8,1,1,1.0,13.03
183.85,2.04,0.16,0.29,0.28,3.31,3.13,general,critical,0.78,28.7,10.4,6.4,0,0,1.0,23.98
174.74,2.24,0.7,0.11,0.57,3.38,1.08,perishable,standard,0.83,24.6,40.1,27.1,0,0,1.2,39.66
232.82,1.62,0.04,0.22,0.82,2.61,0.66,furniture,high,0.84,25.8,2.5,2.3,0,0,1.0,16.1
222.27,1.55,0.12,0.61,0.29,4.39,1.05,luxury,high,0.93,28.7,7.4,6.7,0,1,1.0,19.71
67.97,1.65,0.36,0.72,0.1,0.81,8.34,hazmat,high,0.91,31.3,28.2,21.5,0,0,1.4,17.98
156.26,1.43,0.63,1.0,0.28,2.29,6.89,perishable,high,0.67,30.1,38.8,33.2,1,0,1.2,25.0
166.74,2.69,0.32,0.74,0.3,3.86,0.17,luxury,critical,0.68,28.6,16.0,16.1,0,0,1.0,41.35
39.97,2.31,0.34,0.18,0.64,2.68,6.4,perishable,critical,0.88,24.1,21.1,18.8,0,0,1.2,15.31
100.66,1.09,0.43,0.5,0.09,0.76,0.14,furniture,critical,0.88,25.3,27.9,25.7,0,0,1.0,6.99
58.94,1.59,0.28,0.7,0.3,3.87,0.64,hazmat,critical,0.85,32.5,21.7,12.0,1,2,1.4,16.46
141.7,2.12,0.38,0.54,0.42,0.89,1.01,luxury,standard,0.75,29.8,25.0,13.5,0,0,1.0,23.96
33.27,2.02,0.45,0.38,0.12,1.59,0.48,luxury,standard,0.78,35.0,23.9,20.4,1,0,1.0,10.52
54.96,2.89,0.12,0.15,0.41,6.11,0.55,general,standard,0.63,34.9,9.5,5.8,1,1,1.0,16.96
155.43,1.44,0.24,0.46,0.28,2.11,0.34,hazmat,standard,0.9,28.1,12.2,9.2,0,2,1.4,19.26
76.01,1.78,0.34,0.41,0.5,1.46,4.47,furniture,standard,0.67,26.8,25.2,14.2,0,1,1.0,15.16
41.67,1.23,0.54,0.87,0.34,2.92,0.2,general,high,0.65,30.0,29.5,27.5,1,0,1.0,14.78
179.62,1.42,0.43,0.25,0.58,16.03,4.09,medicine,critical,0.58,29.6,29.0,22.1,0,0,1.2,20.35
170.41,1.36,0.34,0.97,0.31,3.15,4.05,perishable,high,0.74,26.5,21.1,17.1,1,2,1.2,20.26
150.15,2.4,0.43,0.85,0.34,6.09,1.7,perishable,standard,0.7,26.9,24.3,15.9,0,0,1.2,52.41
99.57,1.16,0.13,0.33,0.38,1.72,1.64,perishable,critical,0.98,33.8,7.4,6.9,1,0,1.2,1.11
131.76,1.89,0.08,0.13,0.21,1.49,0.43,luxury,high,0.8,27.6,6.2,4.5,1,0,1.0,16.98
50.96,1.74,0.2,0.52,0.55,7.96,1.85,medicine,high,0.91,29.6,14.2,7.5,0,0,1.2,9.96
203.25,1.73,0.23,0.68,0.34,4.51,0.13,perishable,high,0.74,30.6,14.3,13.7,0,0,1.2,30.28
216.13,2.57,0.48,0.38,0.62,1.78,2.26,perishable,low,0.73,26.6,33.9,23.0,0,1,1.2,78.9
124.32,2.98,0.62,0.11,0.1,1.91,15.67,hazmat,low,0.85,27.4,44.4,34.7,0,1,1.4,70.96
208.55,1.21,0.5,0.96,0.16,6.34,0.43,perishable,high,0.93,33.3,29.9,28.4,0,1,1.2,22.32
50.82,1.57,0.37,0.41,0.21,7.67,8.83,furniture,high,0.68,29.0,28.8,18.0,0,1,1.0,13.71
325.0,1.39,0.12,0.94,0.29,0.89,0.21,medicine,high,0.62,30.1,8.9,5.6,0,0,1.2,25.93
131.05,1.63,0.48,0.39,0.12,5.1,5.17,hazmat,high,0.72,32.0,32.5,28.1,0,0,1.4,29.04
97.3,1.84,0.19,0.68,0.17,4.55,9.87,furniture,standard,0.86,29.9,11.3,7.8,0,0,1.0,8.96
116.63,2.07,0.51,0.63,0.82,6.35,10.42,general,standard,0.91,32.1,30.4,17.9,1,0,1.0,37.84
229.36,1.49,0.19,0.83,0.21,1.15,0.99,general,standard,0.74,31.3,12.9,7.2,1,0,1.0,21.71
229.53,1.99,0.39,0.92,0.42,24.89,2.34,perishable,critical,0.7,26.8,27.0,20.8,0,1,1.2,37.99
142.61,2.18,0.53,0.51,0.58,1.1,0.78,medicine,high,0.87,27.9,34.9,23.2,0,0,1.2,38.36
93.02,2.05,0.51,0.48,0.38,10.23,0.74,luxury,critical,0.81,31.4,30.3,18.4,0,1,1.0,12.38
70.73,1.21,0.46,0.82,0.5,5.93,1.4,furniture,standard,0.86,34.2,36.6,21.8,0,0,1.0,10.61
202.36,1.83,0.12,0.22,0.27,3.98,4.25,perishable,high,0.66,33.4,8.0,5.5,1,0,1.2,28.44
202.3,1.32,0.44,0.33,0.34,1.34,11.77,furniture,standard,0.67,34.5,33.4,21.3,0,2,1.0,26.59
181.74,1.66,0.15,0.21,0.36,4.26,9.09,perishable,standard,0.89,28.9,7.7,7.0,0,0,1.2,25.5
173.01,2.51,0.23,0.37,0.18,2.44,13.72,perishable,high,0.91,28.9,16.9,13.7,0,1,1.2,41.0
96.42,1.7,0.12,0.59,0.52,8.23,9.42,perishable,critical,0.75,28.7,8.2,6.7,1,2,1.2,20.79
112.56,2.65,0.45,0.72,0.09,0.25,0.78,perishable,high,0.8,23.6,32.0,16.2,0,1,1.2,30.75
228.1,1.28,0.63,0.35,0.07,3.16,6.06,hazmat,high,0.88,29.6,35.8,35.2,0,0,1.4,25.84
165.88,2.43,0.34,0.73,0.6,24.56,0.62,general,standard,0.85,28.3,20.2,18.5,1,1,1.0,36.91
190.34,1.54,0.14,0.48,0.19,7.65,0.6,general,high,0.91,30.0,7.4,5.2,1,0,1.0,10.23
147.03,2.0,0.29,0.77,0.3,2.93,4.86,perishable,high,0.85,30.6,20.7,11.9,1,0,1.2,29.71
172.17,1.75,0.23,0.58,0.41,3.49,2.93,perishable,standard,0.88,27.7,15.3,12.3,1,0,1.2,22.29
267.24,1.86,0.55,0.88,0.34,0.93,3.38,hazmat,high,0.88,32.6,29.3,26.7,1,0,1.4,65.18
73.43,1.1,0.27,0.86,0.32,2.88,6.37,general,standard,0.88,29.2,17.8,10.8,0,0,1.0,11.1
189.48,1.57,0.14,0.48,0.19,7.73,0.91,general,standard,0.71,26.8,6.9,6.9,0,0,1.0,15.53
178.64,1.09,0.09,0.83,0.18,4.05,1.87,perishable,low,0.77,24.9,6.0,4.7,0,1,1.2,7.7
148.78,1.74,0.72,0.62,0.18,4.26,0.57,medicine,high,0.66,25.1,57.8,30.0,0,0,1.2,32.23
52.91,1.33,0.45,0.32,0.42,3.66,8.78,perishable,standard,0.89,28.6,32.5,26.4,0,1,1.2,17.23
99.36,1.32,0.56,0.2,0.07,9.83,5.9,perishable,standard,0.63,33.4,29.5,25.2,1,1,1.2,28.04
173.46,1.66,0.11,0.14,0.36,7.18,2.4,furniture,standard,0.86,26.7,8.4,5.9,1,1,1.0,24.34
165.95,1.18,0.6,0.32,0.25,0.04,2.87,furniture,low,0.82,31.1,36.8,30.7,1,1,1.0,32.03
37.99,1.21,0.71,0.17,0.69,4.21,9.36,medicine,high,0.77,31.1,37.6,30.8,0,1,1.2,17.02
100.12,1.8,0.13,0.27,0.1,4.22,0.45,luxury,high,0.8,29.5,7.7,7.0,0,0,1.0,20.17
108.4,2.09,0.77,0.48,0.38,6.46,4.71,medicine,standard,0.84,25.5,55.1,38.2,0,0,1.2,32.21
120.92,1.36,0.26,0.24,0.35,1.52,1.18,general,standard,0.8,31.4,15.5,13.8,1,0,1.0,10.84
100.33,1.76,0.2,0.76,0.06,22.9,9.73,general,standard,0.79,34.0,14.5,10.0,0,0,1.0,20.49
82.18,1.44,0.07,0.11,0.49,3.68,1.97,medicine,standard,0.87,28.4,4.8,3.5,1,0,1.2,9.81
140.88,1.75,0.32,0.93,0.21,7.91,0.06,luxury,standard,0.9,34.5,25.7,18.9,0,1,1.0,13.76
269.06,1.28,0.5,0.45,0.2,2.27,4.12,luxury,high,0.88,26.5,38.3,27.8,0,0,1.0,11.62
127.64,2.36,0.42,0.2,0.33,3.02,0.74,luxury,low,0.86,25.4,22.7,18.1,1,1,1.0,30.45
186.98,1.22,0.55,0.11,0.4,5.68,8.17,luxury,critical,0.91,27.8,42.8,30.2,1,0,1.0,17.37
140.43,1.17,0.3,0.93,0.25,6.44,0.85,perishable,high,0.95,26.6,23.3,17.3,1,0,1.2,11.49
92.91,1.99,0.48,0.51,0.17,0.72,1.09,luxury,standard,0.99,33.9,30.2,26.8,1,1,1.0,31.28
153.11,2.78,0.25,0.88,0.14,0.61,4.18,general,standard,0.68,27.0,18.4,12.6,0,0,1.0,41.91
138.35,1.36,0.35,0.59,0.26,6.14,7.2,perishable,low,0.87,33.9,25.4,19.9,1,0,1.2,30.93
158.61,2.25,0.18,0.21,0.36,0.05,0.07,general,standard,0.79,29.3,9.0,9.1,1,1,1.0,24.27
70.8,1.97,0.42,0.69,0.23,11.5,2.33,perishable,standard,0.79,32.1,21.2,14.7,0,0,1.2,21.04
143.08,1.75,0.3,0.76,0.38,6.53,0.6,general,standard,0.77,33.3,19.4,12.8,0,0,1.0,12.43
36.03,1.41,0.71,0.57,0.25,8.1,2.41,perishable,high,0.98,26.9,36.4,33.4,1,0,1.2,22.21
99.05,2.58,0.43,0.35,0.48,6.65,5.36,furniture,low,0.9,32.3,27.0,18.8,0,0,1.0,35.22
199.07,1.2,0.67,0.85,0.17,4.51,1.25,general,critical,0.85,35.0,43.2,32.8,0,1,1.0,9.91
131.91,2.43,0.03,0.19,0.26,21.95,2.15,perishable,standard,0.64,30.2,2.3,1.7,0,2,1.2,38.02
248.38,2.34,0.61,0.58,0.1,0.11,0.29,luxury,high,0.72,26.7,42.8,29.3,1,1,1.0,71.23
102.41,1.59,0.27,0.85,0.42,2.66,7.91,medicine,high,0.77,32.8,14.8,11.8,0,1,1.2,22.29
170.0,1.13,0.34,0.46,0.29,14.46,6.11,furniture,low,0.8,33.0,23.2,16.7,0,0,1.0,11.7
128.91,1.41,0.31,0.46,0.19,1.54,1.85,medicine,low,0.93,27.7,24.5,15.1,0,1,1.2,26.68
70.96,2.11,0.72,0.36,0.72,3.35,1.24,luxury,low,0.86,32.7,55.2,29.6,0,2,1.0,30.54
151.54,1.99,0.76,0.43,0.12,6.78,7.93,general,critical,0.89,31.3,43.1,28.3,0,0,1.0,16.78
94.27,2.37,0.14,0.41,0.24,2.19,3.42,perishable,low,0.79,30.7,9.6,8.2,1,0,1.2,24.06
107.79,2.32,0.6,0.43,0.43,4.8,4.42,furniture,standard,0.74,28.9,40.9,26.5,0,0,1.0,24.37
18.34,1.74,0.56,0.17,0.21,8.28,2.17,furniture,high,0.78,34.1,33.9,25.7,0,0,1.0,10.4
154.95,1.95,0.46,0.39,0.51,0.73,0.95,luxury,critical,0.75,28.2,35.4,20.1,0,0,1.0,21.4
252.66,1.89,0.22,0.95,0.4,3.87,0.85,perishable,critical,0.73,29.7,16.2,12.8,0,1,1.2,33.51
139.56,1.35,0.39,0.44,0.57,0.02,0.87,medicine,low,0.92,31.8,31.0,14.0,0,0,1.2,16.59
283.81,1.75,0.09,0.94,0.44,0.71,1.18,perishable,critical,0.86,28.9,5.9,5.0,0,0,1.2,21.64
92.69,1.41,0.58,0.13,0.36,16.17,12.83,furniture,standard,0.87,26.7,41.2,21.8,0,0,1.0,14.36
198.71,1.56,0.72,0.67,0.26,0.16,6.7,luxury,standard,0.82,30.4,41.0,31.6,0,0,1.0,17.3
199.47,2.62,0.29,0.45,0.29,3.73,0.17,perishable,low,0.75,33.3,17.3,11.3,1,0,1.2,76.66
191.17,2.33,0.24,0.41,0.66,1.18,7.28,perishable,standard,0.64,25.8,18.3,8.5,1,0,1.2,46.4
87.27,2.09,0.5,0.62,0.26,0.82,10.06,general,standard,0.92,30.3,35.4,20.1,0,1,1.0,18.29
115.27,1.72,0.47,0.2,0.31,4.96,1.34,medicine,high,0.8,30.8,35.5,27.0,0,1,1.2,20.53
107.68,2.24,0.2,0.76,0.34,8.9,3.8,general,standard,0.83,34.8,10.4,10.1,0,0,1.0,19.47
115.83,1.17,0.37,0.84,0.39,3.19,4.88,perishable,standard,0.91,34.8,20.3,14.0,1,0,1.2,10.6
116.02,1.17,0.79,0.13,0.16,0.09,0.37,general,standard,0.86,32.1,49.8,46.6,0,0,1.0,5.79
260.07,1.81,0.26,0.24,0.08,5.51,0.99,medicine,low,0.81,26.7,15.5,15.1,1,0,1.2,30.13
190.37,1.87,0.84,0.2,0.22,4.8,1.67,perishable,critical,0.81,31.0,61.6,49.1,0,0,1.2,34.84
138.61,2.25,0.09,0.95,0.2,16.91,3.71,perishable,standard,0.7,29.9,4.9,3.7,0,1,1.2,38.28
137.63,1.16,0.2,0.72,0.14,5.56,1.5,general,low,0.83,30.4,10.5,11.0,0,0,1.0,3.82
38.8,1.35,0.23,0.36,0.24,2.84,2.29,luxury,standard,0.77,33.0,17.9,12.8,1,0,1.0,9.68
126.84,1.95,0.36,0.19,0.35,3.49,0.33,perishable,standard,0.75,26.5,20.0,12.8,1,0,1.2,23.88
74.16,2.9,0.45,0.7,0.48,7.05,1.32,general,standard,0.64,29.0,33.7,16.4,0,0,1.0,37.33
95.09,2.41,0.13,0.18,0.14,4.61,13.25,perishable,high,0.87,30.2,9.2,4.8,0,0,1.2,24.72
309.14,1.57,0.41,0.93,0.58,1.95,8.73,perishable,standard,0.94,32.9,32.1,23.4,0,0,1.2,48.57
223.01,1.09,0.27,0.34,0.4,1.42,5.52,perishable,high,0.82,28.8,13.3,13.6,1,0,1.2,6.86
191.13,2.11,0.24,0.34,0.37,6.33,0.53,general,standard,0.82,28.9,17.4,12.4,0,0,1.0,31.96
56.19,1.96,0.33,0.51,0.29,2.99,8.53,furniture,critical,0.79,30.1,21.8,18.5,0,0,1.0,8.12
38.98,1.71,0.24,0.95,0.45,1.93,0.4,general,critical,0.72,25.8,15.0,8.7,1,1,1.0,10.12
87.35,1.69,0.45,0.45,0.19,8.72,1.25,perishable,standard,0.76,26.0,25.4,21.1,0,1,1.2,21.73
44.86,1.26,0.7,0.41,0.14,1.89,0.86,luxury,high,0.73,33.3,49.7,34.0,1,1,1.0,22.92
190.43,2.19,0.15,0.63,0.16,7.91,0.78,perishable,high,0.94,31.9,9.8,8.8,1,1,1.2,43.13
194.57,2.51,0.25,0.98,0.12,5.45,4.67,perishable,standard,0.86,29.2,14.5,12.8,0,0,1.2,46.19
262.59,2.39,0.04,0.32,0.32,4.6,0.55,general,standard,0.96,26.0,3.0,2.0,0,2,1.0,50.07
161.46,2.07,0.03,0.88,0.08,0.08,8.24,medicine,low,0.84,35.1,2.0,1.1,0,0,1.2,39.01
95.21,1.27,0.6,0.55,0.55,15.17,2.15,luxury,standard,0.83,36.2,45.5,28.3,0,2,1.0,17.21
98.92,1.06,0.37,0.81,0.07,2.55,0.18,hazmat,low,0.7,26.6,21.9,20.7,1,0,1.4,11.86
168.07,1.75,0.26,0.43,0.4,8.93,7.46,luxury,standard,0.78,28.4,13.3,9.3,0,0,1.0,26.21
205.97,1.61,0.18,0.51,0.13,3.39,4.83,perishable,standard,0.8,28.0,11.9,7.9,0,1,1.2,28.68
181.15,2.17,0.1,0.45,0.45,2.04,6.23,luxury,low,0.79,30.6,5.9,4.7,0,2,1.0,37.48
185.59,1.87,0.04,0.56,0.13,6.14,2.55,perishable,low,0.81,31.4,2.4,2.0,1,0,1.2,29.99
38.31,2.83,0.26,0.24,0.44,2.77,6.83,furniture,critical,0.83,29.8,16.6,15.3,1,0,1.0,13.54
187.75,2.0,0.28,0.85,0.35,16.17,0.16,luxury,low,0.77,29.8,20.7,13.5,0,2,1.0,35.96
279.57,1.54,0.17,0.45,0.15,0.3,3.84,perishable,high,0.78,33.0,10.3,10.1,1,0,1.2,23.08
172.67,1.12,0.55,0.4,0.4,0.67,0.19,perishable,low,0.94,31.9,40.5,29.9,1,0,1.2,25.92
69.47,1.28,0.19,0.85,0.3,1.4,1.09,luxury,high,0.83,30.3,10.9,9.8,0,0,1.0,7.1
114.03,1.52,0.04,0.29,0.12,1.47,4.57,furniture,standard,0.92,25.8,3.0,2.1,1,1,1.0,11.79
25.41,1.19,0.4,0.75,0.25,8.09,1.95,medicine,high,0.95,33.0,26.9,23.3,1,1,1.2,16.13
106.51,1.22,0.22,0.41,0.08,2.62,5.46,furniture,high,0.7,31.5,13.1,12.7,0,0,1.0,12.9
53.25,2.09,0.4,0.61,0.36,9.27,0.75,hazmat,standard,0.88,35.1,23.7,20.1,0,0,1.4,18.15
54.32,1.25,0.15,0.56,0.06,10.27,4.19,perishable,high,0.89,31.2,11.3,7.7,0,0,1.2,8.29
93.98,1.76,0.45,0.62,0.38,11.69,2.41,perishable,standard,0.82,30.4,31.1,17.1,0,1,1.2,24.81
67.96,1.96,0.08,0.62,0.26,11.48,0.63,hazmat,standard,0.8,24.1,5.3,3.2,1,1,1.4,21.08
90.69,1.76,0.26,0.72,0.58,4.61,4.48,perishable,high,0.69,33.0,13.4,12.1,0,0,1.2,17.95
164.05,1.35,0.28,0.52,0.45,0.05,5.35,general,standard,0.79,28.7,13.9,15.6,0,0,1.0,11.47
236.72,1.23,0.1,0.54,0.48,5.9,12.82,perishable,critical,0.85,28.0,5.7,5.1,0,1,1.2,14.74
111.02,1.59,0.29,0.78,0.29,3.24,14.47,furniture,low,0.78,31.5,15.8,12.8,0,0,1.0,16.37
237.38,1.62,0.21,0.29,0.13,5.11,4.28,perishable,standard,0.93,23.7,13.4,11.2,0,0,1.2,28.08
139.71,2.67,0.26,0.8,0.18,10.43,3.06,furniture,standard,0.85,31.0,19.7,11.1,0,0,1.0,30.62
170.42,1.73,0.25,0.11,0.14,0.81,4.37,hazmat,low,0.71,24.8,17.1,10.9,0,2,1.4,35.3
131.78,1.66,0.38,0.62,0.21,2.36,2.39,medicine,standard,0.78,29.7,23.7,22.3,0,0,1.2,16.89
115.38,1.64,0.5,0.49,0.53,2.78,2.07,hazmat,high,0.9,26.0,28.0,22.9,1,1,1.4,34.77
210.69,2.36,0.15,0.67,0.46,8.73,0.4,general,standard,0.71,33.5,10.3,6.9,0,1,1.0,43.0
107.99,1.1,0.47,0.54,0.25,1.56,8.74,general,standard,0.78,27.3,32.8,23.5,1,0,1.0,17.51
226.49,1.62,0.44,0.81,0.1,1.47,6.39,luxury,critical,0.65,30.2,28.4,16.9,1,0,1.0,25.13
71.79,1.6,0.37,0.28,0.26,0.34,12.62,general,high,0.59,34.3,23.6,15.7,0,0,1.0,16.62
279.08,2.03,0.41,0.34,0.74,2.37,4.86,perishable,standard,0.74,31.3,26.1,15.4,0,3,1.2,57.8
81.63,1.37,0.12,0.62,0.16,1.9,1.14,general,low,0.72,31.9,9.7,6.1,0,0,1.0,10.66
66.97,2.63,0.31,0.31,0.48,1.34,3.9,hazmat,high,0.78,32.1,23.2,14.9,0,1,1.4,33.02
134.81,2.44,0.25,0.95,0.29,0.84,1.72,perishable,critical,0.69,29.4,12.9,14.4,0,0,1.2,33.55
112.78,1.14,0.57,0.87,0.55,3.52,3.21,perishable,high,0.86,29.9,44.1,28.1,0,1,1.2,17.79
244.06,1.13,0.22,0.78,0.41,10.4,5.92,general,standard,0.93,28.8,17.2,10.8,0,0,1.0,12.05
82.42,2.16,0.44,0.78,0.44,0.49,14.49,general,high,0.67,28.3,24.1,26.1,0,1,1.0,27.15
166.47,1.94,0.22,0.68,0.08,0.68,0.66,general,standard,0.64,32.7,13.0,11.8,0,1,1.0,27.7
227.01,1.26,0.0,0.76,0.34,2.15,1.84,furniture,high,0.78,25.6,0.0,0.0,1,0,1.0,7.48
87.7,1.24,0.03,0.13,0.19,0.44,11.07,perishable,critical,0.7,28.8,1.7,1.5,1,1,1.2,10.59
33.87,2.31,0.72,0.62,0.31,1.35,0.7,furniture,high,0.92,28.0,54.7,26.6,1,0,1.0,26.61
32.78,2.23,0.13,0.34,0.31,6.89,0.3,perishable,standard,0.88,32.1,8.1,6.7,0,1,1.2,13.37
167.61,1.41,0.02,0.19,0.46,1.36,1.86,general,high,0.68,23.2,1.0,1.1,0,1,1.0,17.22
162.77,1.58,0.48,0.97,0.09,3.35,8.4,general,high,0.91,31.2,25.2,19.0,0,1,1.0,21.72
223.87,1.47,0.26,0.95,0.3,0.69,2.15,luxury,standard,0.66,35.6,17.5,14.7,0,2,1.0,23.44
125.16,1.42,0.04,0.92,0.15,5.3,3.47,furniture,standard,0.84,27.5,2.7,1.8,1,1,1.0,14.6
105.72,1.03,0.18,0.68,0.13,6.16,0.97,furniture,standard,0.8,35.6,11.8,7.0,1,0,1.0,3.51
51.02,1.9,0.43,0.1,0.5,3.19,0.09,general,high,0.84,25.2,26.3,16.6,0,1,1.0,11.57
119.14,1.05,0.57,0.37,0.25,2.68,0.41,furniture,critical,0.94,29.6,29.5,23.5,0,2,1.0,7.18
288.06,2.01,0.24,0.12,0.26,0.1,3.11,medicine,high,0.75,23.0,15.0,12.9,1,0,1.2,53.63
102.99,1.14,0.21,0.4,0.31,10.02,2.94,luxury,critical,0.89,29.7,14.8,7.6,0,0,1.0,5.11
47.57,1.48,0.19,0.37,0.26,8.9,0.72,hazmat,high,0.68,26.3,14.1,8.0,0,0,1.4,11.13
167.23,2.35,0.39,0.61,0.23,0.81,1.01,luxury,critical,0.66,31.6,26.4,19.5,1,2,1.0,36.79
166.31,1.97,0.16,0.23,0.25,4.06,1.81,medicine,standard,0.95,30.6,8.8,9.0,0,0,1.2,29.8
175.98,1.29,0.02,0.39,0.42,2.97,2.03,perishable,high,0.93,28.5,1.0,0.9,0,0,1.2,11.95
106.99,2.25,0.42,0.91,0.49,9.04,6.12,medicine,standard,0.71,36.1,31.3,19.8,0,0,1.2,36.26
34.57,1.8,0.4,0.31,0.28,2.09,3.62,general,standard,0.65,29.2,29.4,22.0,1,1,1.0,25.72
203.92,1.84,0.23,0.54,0.33,0.79,1.28,general,high,0.89,30.3,12.4,11.3,0,0,1.0,20.3
125.95,2.74,0.19,0.21,0.3,4.71,5.38,furniture,high,0.94,26.4,14.9,7.1,0,1,1.0,30.39
163.03,1.33,0.04,0.78,0.39,0.15,4.53,perishable,high,0.81,30.0,2.8,1.4,0,1,1.2,9.75
239.01,1.34,0.38,0.17,0.49,1.05,3.98,furniture,standard,0.76,30.5,23.7,19.7,0,0,1.0,17.31
139.87,1.85,0.11,0.25,0.12,1.2,4.79,hazmat,high,0.88,31.0,8.1,4.1,0,0,1.4,25.83
147.28,1.14,0.27,0.99,0.68,12.92,2.33,perishable,low,0.89,30.0,18.8,15.3,0,0,1.2,14.27
167.98,1.72,0.42,0.37,0.17,2.6,11.24,luxury,standard,0.83,28.2,32.8,24.0,1,1,1.0,41.18
128.94,1.57,0.17,0.11,0.13,1.5,5.03,medicine,standard,0.67,33.4,12.5,7.0,0,0,1.2,17.36
192.49,2.3,0.28,0.31,0.55,0.29,1.44,general,critical,0.69,32.0,16.4,11.0,0,0,1.0,31.97
157.24,2.12,0.19,0.49,0.21,0.26,0.1,furniture,standard,0.81,24.4,10.7,9.5,1,0,1.0,28.59
129.01,1.13,0.02,0.52,0.3,3.03,1.47,furniture,standard,0.89,33.9,1.0,1.2,1,0,1.0,4.27
202.48,1.55,0.2,0.47,0.25,4.14,2.52,general,standard,0.92,33.5,15.2,11.1,0,1,1.0,19.36
174.23,1.78,0.02,0.22,0.29,1.2,1.39,hazmat,high,0.73,26.2,1.2,0.9,0,1,1.4,40.13
146.22,1.37,0.2,0.27,0.6,1.65,0.21,general,low,0.91,33.3,15.0,8.8,0,0,1.0,13.71
80.42,1.61,0.63,0.7,0.06,13.43,0.48,perishable,high,0.91,25.1,48.5,30.9,0,0,1.2,21.93
223.89,1.54,0.18,0.98,0.33,1.19,16.6,luxury,high,0.79,29.2,11.1,7.7,0,1,1.0,19.02
60.66,1.55,0.01,0.77,0.59,3.57,0.68,perishable,low,0.81,28.4,0.7,0.4,1,0,1.2,9.77
36.95,1.94,0.24,0.79,0.61,10.25,2.15,medicine,critical,0.8,25.7,16.9,13.8,0,0,1.2,12.28
133.16,1.15,0.11,0.49,0.21,4.61,1.07,hazmat,standard,0.67,29.7,7.8,5.5,1,0,1.4,6.31
225.96,1.45,0.79,0.42,0.17,4.83,6.65,furniture,high,0.72,34.4,52.2,33.6,0,0,1.0,20.51
231.87,1.72,0.18,0.82,0.23,3.82,2.04,hazmat,low,0.81,34.5,12.4,10.3,0,0,1.4,40.81
251.58,2.58,0.24,0.72,0.27,4.0,1.07,general,low,0.71,30.1,13.2,11.6,0,0,1.0,57.92
114.02,1.66,0.4,0.5,0.29,5.27,6.34,general,high,0.69,33.7,27.9,15.8,0,0,1.0,20.64
119.83,1.47,0.46,0.78,0.36,2.52,2.44,perishable,critical,0.75,27.2,29.2,17.7,0,0,1.2,15.36
239.78,1.42,0.01,0.16,0.42,4.22,1.41,general,standard,0.81,36.2,0.6,0.6,1,1,1.0,11.96
94.02,1.52,0.73,0.16,0.11,0.25,1.67,general,low,0.53,30.6,45.5,32.1,0,0,1.0,18.8
101.46,2.26,0.4,0.74,0.36,7.57,2.13,furniture,standard,0.76,31.5,26.0,18.8,1,0,1.0,35.73
32.66,1.32,0.2,0.98,0.56,5.89,2.19,general,standard,0.74,32.0,15.7,11.6,0,0,1.0,4.24
184.21,2.09,0.17,0.24,0.55,6.91,1.37,furniture,high,0.65,26.5,11.3,6.3,1,2,1.0,42.82
70.59,1.38,0.19,0.95,0.27,3.9,20.95,general,critical,0.86,26.5,13.7,7.9,0,1,1.0,12.01
107.17,1.27,0.18,0.97,0.29,3.76,3.27,hazmat,low,0.93,25.4,10.4,6.4,1,0,1.4,14.72
259.46,1.25,0.27,0.19,0.27,0.61,2.98,luxury,high,0.93,25.3,16.4,15.3,0,2,1.0,12.32
223.06,2.25,0.23,0.51,0.4,2.31,2.23,hazmat,high,0.8,28.1,11.7,9.1,0,0,1.4,65.57
63.78,1.63,0.07,0.49,0.58,0.64,5.93,perishable,standard,0.79,26.7,4.5,2.7,0,0,1.2,11.89
228.05,1.28,0.47,0.29,0.44,2.88,0.47,perishable,standard,0.91,27.0,33.9,23.0,0,1,1.2,21.07
242.62,1.5,0.17,0.5,0.38,0.71,6.81,furniture,standard,0.74,29.9,10.8,6.8,0,1,1.0,17.19
104.91,1.76,0.73,0.85,0.35,4.35,0.9,perishable,standard,0.81,35.7,48.5,29.8,0,0,1.2,28.1
187.47,1.8,0.28,0.92,0.21,1.97,12.79,hazmat,high,0.71,27.5,14.6,10.1,0,0,1.4,27.23
42.14,1.06,0.9,0.4,0.02,0.92,6.34,perishable,standard,0.91,31.0,45.0,38.8,0,0,1.2,12.9
188.89,2.42,0.2,0.3,0.3,7.85,5.14,luxury,low,0.81,26.1,12.9,8.1,1,0,1.0,51.68
72.87,1.11,0.74,0.57,0.36,11.25,7.7,perishable,standard,0.83,32.0,38.8,42.0,0,1,1.2,19.57
195.26,1.33,0.28,0.37,0.64,25.27,2.73,perishable,high,0.75,26.5,21.0,15.6,0,0,1.2,11.43
205.35,2.4,0.06,0.58,0.25,17.35,5.54,furniture,low,0.71,32.6,3.5,3.5,0,0,1.0,61.01
54.33,1.44,0.76,0.66,0.32,3.04,14.22,medicine,critical,0.6,29.5,49.2,44.6,0,1,1.2,23.12
177.0,1.6,0.22,0.82,0.16,0.54,4.07,furniture,critical,0.81,31.3,17.6,8.2,0,1,1.0,19.28
154.98,3.0,0.1,0.69,0.24,3.99,2.07,perishable,high,0.81,29.7,6.3,3.5,0,1,1.2,47.78
89.53,1.25,0.49,0.58,0.52,16.91,8.64,perishable,standard,0.62,34.3,31.3,28.0,0,0,1.2,15.96
77.0,2.5,0.63,0.71,0.39,1.93,1.5,perishable,standard,0.76,28.6,47.2,36.0,0,0,1.2,28.5
62.8,2.24,0.36,0.3,0.08,0.7,9.03,general,high,0.78,33.8,20.6,19.8,0,0,1.0,14.88
185.85,1.58,0.29,0.94,0.43,3.42,0.23,furniture,low,0.93,30.2,15.4,12.6,1,0,1.0,15.6
223.8,1.76,0.58,0.68,0.55,0.77,1.09,luxury,low,0.85,24.6,28.9,28.1,0,0,1.0,34.57
53.0,1.65,0.23,0.86,0.31,6.86,0.58,general,standard,0.72,32.0,17.1,11.5,0,0,1.0,9.16
160.01,1.04,0.11,0.3,0.14,5.49,18.76,perishable,high,0.86,33.8,8.6,5.2,0,1,1.2,5.33
132.4,1.68,0.48,0.71,0.34,0.07,0.93,furniture,standard,0.94,29.6,31.1,22.4,0,1,1.0,21.8
158.03,1.41,0.13,0.12,0.4,0.5,8.83,medicine,standard,0.8,28.6,8.7,5.0,1,0,1.2,16.21
191.59,1.48,0.06,0.23,0.6,8.93,8.97,general,critical,0.71,31.4,3.4,3.0,0,1,1.0,15.39
110.73,2.24,0.54,0.22,0.33,1.37,3.96,hazmat,low,0.65,32.3,36.6,26.3,0,0,1.4,45.51
125.95,2.64,0.26,0.9,0.55,3.44,0.72,perishable,low,0.77,30.8,16.8,12.6,0,1,1.2,47.09
127.52,2.39,0.34,0.52,0.33,0.85,11.71,furniture,high,0.98,31.0,24.8,18.1,1,0,1.0,32.08
38.02,2.03,0.3,0.71,0.32,6.61,1.46,general,standard,0.79,30.3,22.8,10.9,0,0,1.0,11.72
233.89,1.67,0.08,0.98,0.51,6.96,5.97,perishable,high,0.7,33.2,5.3,3.1,0,0,1.2,24.61
160.05,1.55,0.59,0.89,0.13,4.57,1.04,luxury,low,0.89,33.3,46.2,26.1,1,0,1.0,32.36
60.66,1.45,0.05,0.65,0.58,2.02,6.6,general,standard,0.76,33.9,3.9,2.1,1,1,1.0,7.44
23.39,1.16,0.18,0.33,0.21,4.05,1.16,perishable,standard,0.91,29.3,10.0,8.5,1,0,1.2,6.4
230.23,1.38,0.28,0.24,0.3,0.79,8.92,perishable,high,0.81,28.7,17.6,13.7,1,0,1.2,21.02
189.96,1.5,0.17,0.71,0.55,13.29,2.93,general,standard,0.81,33.7,9.0,7.1,1,1,1.0,16.07
175.34,1.16,0.69,0.41,0.15,9.11,0.81,furniture,high,0.66,34.3,44.5,34.4,0,0,1.0,12.35
134.92,1.39,0.14,0.48,0.2,1.09,2.31,perishable,high,0.96,31.3,10.9,5.0,0,0,1.2,10.94
117.79,2.32,0.02,0.71,0.44,5.08,1.57,furniture,critical,0.74,32.4,1.1,0.8,0,0,1.0,24.12
60.93,1.19,0.53,0.82,0.62,1.44,0.29,general,high,0.93,34.2,33.0,30.9,0,0,1.0,6.17
131.68,1.64,0.61,0.6,0.12,0.89,1.15,perishable,high,0.83,28.7,48.2,30.1,0,1,1.2,28.18
49.02,2.84,0.39,0.87,0.19,1.31,2.5,hazmat,standard,0.87,33.7,30.7,15.6,1,0,1.4,44.82
100.24,1.85,0.12,0.86,0.53,3.94,1.31,medicine,standard,0.93,28.4,9.5,4.2,1,0,1.2,18.55
255.06,2.12,0.02,0.6,0.44,0.8,2.49,hazmat,high,0.85,28.9,1.1,1.0,0,0,1.4,49.59
80.83,1.2,0.11,0.17,0.35,1.26,0.38,general,standard,0.9,29.7,8.7,6.1,0,1,1.0,3.66
105.14,1.83,0.44,0.72,0.16,11.52,4.12,furniture,standard,0.74,26.8,24.5,25.3,0,1,1.0,19.79
152.37,1.58,0.12,0.44,0.27,2.69,0.25,general,critical,0.84,31.6,8.5,5.7,0,1,1.0,17.81
83.56,2.57,0.27,0.8,0.25,7.11,8.58,general,standard,0.87,33.3,18.3,14.7,1,0,1.0,19.02
190.81,2.79,0.6,0.17,0.45,0.37,5.6,furniture,high,0.88,30.9,47.8,24.3,0,0,1.0,55.64
112.69,1.68,0.63,0.51,0.15,10.66,0.34,luxury,critical,0.94,34.2,44.8,31.8,0,0,1.0,14.31
268.25,1.67,0.42,0.48,0.49,4.74,6.43,perishable,standard,0.91,33.2,28.0,22.5,0,0,1.2,41.2
309.03,1.28,0.06,0.27,0.57,4.94,4.89,general,high,0.89,27.9,4.8,2.3,1,2,1.0,14.48
154.43,2.04,0.11,0.6,0.71,1.32,8.71,medicine,standard,0.86,35.8,6.5,5.1,1,0,1.2,33.31
150.88,1.79,0.09,0.58,0.4,1.71,20.58,luxury,standard,0.94,31.7,5.5,4.7,0,0,1.0,21.82
213.41,2.51,0.54,0.53,0.27,3.34,1.14,furniture,high,0.71,31.8,34.7,26.9,0,0,1.0,43.66
250.62,1.53,0.3,0.4,0.46,6.37,0.93,perishable,standard,0.81,31.1,20.8,16.6,1,2,1.2,33.56
82.25,1.05,0.55,0.93,0.21,1.58,0.61,perishable,standard,0.77,32.2,32.1,30.7,0,1,1.2,12.2
123.44,1.7,0.32,0.81,0.13,9.64,1.37,luxury,standard,0.74,28.3,19.8,11.7,1,0,1.0,14.81
179.95,1.83,0.44,0.86,0.33,20.36,0.06,general,high,0.98,26.2,23.1,18.4,1,0,1.0,25.01
67.21,1.37,0.45,0.35,0.41,3.6,2.71,luxury,high,0.83,33.2,25.8,18.4,0,0,1.0,6.4
175.41,1.66,0.38,0.96,0.61,5.19,0.09,perishable,standard,0.81,31.0,29.8,16.5,1,0,1.2,49.39
162.3,1.39,0.47,0.39,0.06,14.93,0.62,furniture,standard,0.68,26.2,26.5,17.3,0,0,1.0,12.79
177.56,1.24,0.06,0.19,0.03,5.18,3.73,furniture,high,0.71,28.4,3.1,3.4,0,0,1.0,6.84
193.49,2.26,0.38,0.84,0.46,5.3,3.34,luxury,standard,0.95,33.3,28.8,16.3,1,0,1.0,39.92
164.04,1.35,0.45,0.13,0.42,0.26,1.96,perishable,standard,0.79,25.1,28.3,16.8,1,0,1.2,24.28
114.94,1.39,0.18,0.97,0.09,6.27,0.27,general,high,0.95,31.2,9.2,9.2,1,0,1.0,9.97
45.97,1.22,0.45,0.2,0.17,3.36,14.37,perishable,low,0.8,34.0,25.0,26.2,0,0,1.2,15.54
36.18,1.92,0.38,0.23,0.09,5.38,1.64,medicine,low,0.84,36.0,28.9,19.8,0,0,1.2,13.6
80.76,2.08,0.03,0.12,0.26,7.64,2.0,perishable,standard,0.77,25.0,2.2,1.2,1,0,1.2,18.12
205.47,1.57,0.31,0.2,0.64,3.84,23.11,furniture,high,0.84,31.9,16.3,15.4,0,2,1.0,26.16
23.15,1.91,0.1,0.31,0.18,1.42,4.64,hazmat,standard,0.78,30.0,5.6,5.0,0,0,1.4,10.11
26.7,2.03,0.49,0.82,0.43,9.62,1.39,hazmat,standard,0.84,24.7,27.6,22.6,0,0,1.4,13.03
113.07,1.64,0.64,0.11,0.43,8.54,4.17,general,critical,0.96,27.0,35.0,26.5,1,0,1.0,22.79
251.01,1.38,0.39,0.87,0.2,0.74,2.66,general,high,0.94,25.0,19.3,21.2,0,3,1.0,30.55
58.93,1.55,0.49,0.37,0.11,2.24,0.03,medicine,high,0.63,25.4,26.6,18.5,1,0,1.2,32.84
22.54,1.62,0.5,0.9,0.47,10.33,2.85,furniture,standard,0.87,28.8,40.0,24.5,1,3,1.0,20.99
159.07,1.3,0.22,0.48,0.27,7.86,4.5,furniture,standard,0.71,33.8,15.8,11.1,0,1,1.0,12.54
64.23,1.91,0.33,0.74,0.22,11.45,3.52,general,high,0.85,28.5,17.6,11.7,1,1,1.0,16.48
82.41,1.87,0.77,0.23,0.31,1.04,13.92,luxury,critical,0.93,32.7,47.6,43.6,0,0,1.0,11.96
97.45,1.48,0.27,0.59,0.51,4.01,2.69,perishable,low,0.79,32.3,18.5,10.0,0,0,1.2,18.26
229.91,2.28,0.52,0.4,0.09,3.23,1.18,perishable,low,0.62,27.9,38.2,25.4,1,0,1.2,76.27
28.33,2.2,0.41,0.34,0.42,1.18,1.11,perishable,standard,0.88,29.5,31.4,17.1,0,0,1.2,16.01
253.92,2.12,0.39,0.71,0.12,3.48,6.06,hazmat,standard,0.71,29.8,29.1,19.4,0,0,1.4,58.71
123.57,2.39,0.47,0.91,0.3,1.53,0.63,perishable,standard,0.72,29.7,36.9,18.6,0,2,1.2,58.22
85.75,1.09,0.28,0.67,0.22,7.83,2.08,perishable,high,0.89,33.9,16.1,9.8,1,1,1.2,5.78
205.89,1.94,0.14,0.9,0.4,16.44,3.65,perishable,standard,0.86,29.6,9.1,7.0,0,0,1.2,33.56
151.31,1.39,0.28,0.44,0.08,8.52,6.43,luxury,standard,0.8,34.3,15.1,16.5,1,0,1.0,7.67
128.28,1.26,0.03,0.7,0.19,6.2,1.95,furniture,standard,0.66,30.9,1.5,1.3,1,1,1.0,6.6
112.84,2.5,0.34,0.19,0.2,4.22,3.9,general,standard,0.77,34.9,25.4,17.5,1,0,1.0,41.24
230.8,1.74,0.04,0.96,0.29,0.83,4.38,luxury,high,0.79,30.4,2.7,2.2,0,0,1.0,21.81
223.16,1.15,0.15,0.74,0.5,21.12,0.75,hazmat,low,0.83,27.8,10.7,5.5,0,1,1.4,21.08
155.21,1.23,0.14,0.58,0.31,3.02,0.41,luxury,high,0.73,31.6,11.0,8.3,0,0,1.0,11.45
119.3,1.21,0.25,0.88,0.17,0.53,10.23,hazmat,standard,0.68,30.1,17.6,9.8,0,1,1.4,23.99
188.57,1.67,0.58,0.74,0.37,1.86,2.67,general,standard,0.93,32.6,32.1,21.5,1,0,1.0,36.25
67.16,2.09,0.17,0.5,0.43,18.94,4.15,furniture,critical,0.76,26.7,10.8,6.9,0,0,1.0,12.67
181.95,2.52,0.32,0.61,0.44,0.14,0.67,medicine,critical,0.88,25.5,23.9,17.4,0,1,1.2,46.75
162.58,1.05,0.11,0.6,0.22,1.17,2.44,medicine,low,0.62,36.8,5.8,6.5,0,0,1.2,5.21
144.56,1.49,0.26,0.7,0.5,6.06,0.82,perishable,standard,0.63,31.7,18.5,9.8,1,0,1.2,19.06
199.35,1.4,0.35,0.79,0.43,6.53,0.23,general,standard,0.91,35.6,20.9,18.3,0,1,1.0,18.63
147.6,2.01,0.0,0.45,0.06,5.72,9.71,hazmat,standard,0.86,28.4,0.0,0.0,1,1,1.4,37.36
82.25,1.68,0.27,0.79,0.45,3.49,3.55,perishable,critical,0.83,29.1,13.3,10.8,0,0,1.2,13.01
107.62,2.35,0.11,0.35,0.4,1.22,2.33,furniture,high,0.71,27.6,6.2,4.5,0,1,1.0,27.1
143.51,1.99,0.65,0.44,0.03,1.45,7.37,general,standard,0.88,33.9,38.1,23.4,0,0,1.0,29.41
162.93,1.8,0.37,0.44,0.81,1.25,2.75,general,standard,0.62,36.5,22.8,21.2,0,0,1.0,31.5
206.8,1.46,0.53,0.17,0.39,25.98,0.4,general,standard,0.91,30.1,26.7,20.6,1,0,1.0,33.96
88.6,1.41,0.3,0.27,0.32,0.46,6.65,perishable,high,0.84,36.5,19.1,14.0,0,0,1.2,7.47
215.38,1.66,0.15,0.98,0.36,7.12,2.76,general,standard,0.66,24.3,7.4,8.8,1,0,1.0,20.78
277.48,1.39,0.57,0.55,0.17,8.41,2.17,perishable,high,0.89,35.5,43.0,23.2,0,2,1.2,33.6
82.09,1.39,0.54,0.3,0.39,0.11,5.35,furniture,low,0.78,26.5,28.3,24.6,1,0,1.0,26.69
203.79,1.34,0.32,0.45,0.5,0.01,3.56,general,standard,0.89,32.6,16.2,18.7,0,0,1.0,20.28
69.16,2.21,0.49,0.5,0.51,6.28,3.77,general,high,0.85,27.8,26.6,28.1,1,0,1.0,26.48
90.96,1.86,0.15,0.52,0.57,17.88,8.42,hazmat,critical,0.89,28.2,9.2,5.3,0,0,1.4,16.68
147.57,1.82,0.36,0.49,0.14,2.81,2.51,general,standard,0.89,31.2,18.0,19.4,0,3,1.0,27.55
123.94,2.39,0.05,0.81,0.38,8.3,1.35,luxury,standard,0.91,36.1,2.6,2.0,0,0,1.0,20.89
49.33,3.06,0.21,0.42,0.24,5.88,1.52,furniture,low,0.74,31.0,12.9,10.5,0,0,1.0,23.72
250.08,2.36,0.4,0.63,0.19,0.75,12.33,medicine,high,0.74,32.3,26.0,20.8,0,0,1.2,75.61
78.23,1.88,0.31,0.51,0.07,1.88,0.15,medicine,standard,0.91,28.5,22.3,11.3,1,0,1.2,10.14
160.88,1.98,0.38,0.52,0.46,11.12,2.9,furniture,critical,0.66,30.3,27.1,17.5,0,1,1.0,26.04
45.85,1.79,0.22,0.95,0.66,7.3,5.98,general,critical,0.74,33.5,15.0,12.0,1,0,1.0,8.92
68.66,1.57,0.44,0.39,0.2,0.08,5.99,luxury,critical,0.85,27.4,31.0,25.5,0,0,1.0,8.97
42.75,1.27,0.13,0.22,0.39,2.75,9.91,medicine,high,0.77,27.8,6.7,6.8,0,1,1.2,9.77
108.03,1.65,0.16,0.44,0.72,0.39,9.07,furniture,low,0.87,26.5,10.9,7.4,1,1,1.0,21.22
65.3,1.19,0.31,0.22,0.57,0.7,17.19,furniture,high,0.96,29.3,17.4,16.3,1,0,1.0,9.28
184.41,1.14,0.32,0.84,0.27,5.75,1.35,general,high,0.89,31.8,23.3,12.4,0,0,1.0,11.21
143.21,2.07,0.33,0.31,0.35,5.1,1.69,furniture,standard,0.77,37.1,20.6,15.9,1,1,1.0,29.2
104.5,1.22,0.35,0.61,0.33,0.18,4.8,perishable,standard,0.67,24.2,26.4,19.3,0,1,1.2,13.3
95.99,2.73,0.39,0.28,0.28,2.4,1.21,general,standard,0.85,27.4,25.4,16.1,0,1,1.0,21.15
218.91,3.08,0.54,0.15,0.3,1.35,4.5,general,low,0.86,29.5,38.9,26.7,0,1,1.0,67.73
111.54,2.69,0.15,0.39,0.44,8.14,3.72,medicine,standard,0.63,26.8,10.6,8.2,0,0,1.2,42.31
108.69,1.77,0.08,0.99,0.41,2.93,2.48,general,high,0.58,27.8,5.3,4.7,1,1,1.0,20.56
128.03,1.92,0.32,0.98,0.31,2.35,1.04,luxury,standard,0.85,29.7,25.6,16.8,1,0,1.0,34.08
134.72,1.64,0.37,0.53,0.49,3.19,1.39,medicine,low,0.81,23.9,19.1,20.7,1,1,1.2,26.69
74.16,1.73,0.36,0.44,0.21,8.34,7.22,perishable,high,0.7,29.5,27.3,18.1,1,0,1.2,28.24
188.89,1.24,0.74,0.98,0.09,2.14,6.33,medicine,standard,0.79,35.7,59.3,26.1,0,2,1.2,31.49
224.91,2.69,0.28,0.49,0.55,4.77,0.41,furniture,standard,0.82,29.4,20.1,15.1,1,1,1.0,63.57
50.61,1.26,0.33,0.12,0.19,0.66,0.87,perishable,high,0.88,29.2,21.2,15.3,0,1,1.2,11.86
138.58,1.6,0.05,0.96,0.43,4.09,1.1,medicine,standard,0.86,23.8,3.6,2.4,1,0,1.2,17.11
219.26,1.37,0.12,0.86,0.41,5.09,0.97,general,standard,0.89,32.7,7.2,4.4,1,0,1.0,13.32
329.0,2.36,0.4,0.72,0.23,1.33,4.1,medicine,low,0.78,26.6,25.5,23.2,1,0,1.2,97.84
235.57,1.56,0.32,0.88,0.32,2.69,0.62,furniture,standard,0.8,31.6,18.3,18.8,1,1,1.0,19.83
149.64,1.3,0.15,0.23,0.61,4.49,0.74,general,standard,0.76,35.1,9.2,8.7,0,0,1.0,11.68
149.34,1.61,0.11,0.31,0.65,2.09,6.52,general,high,0.83,34.5,8.8,4.6,1,1,1.0,20.34
220.12,1.53,0.28,0.17,0.74,0.8,4.63,general,high,0.87,32.4,16.4,10.5,0,1,1.0,20.23
20.1,1.91,0.36,0.93,0.45,0.18,0.47,furniture,critical,0.85,31.4,24.4,14.1,1,0,1.0,9.18
106.25,1.04,0.32,0.4,0.25,2.32,2.75,medicine,standard,0.77,26.7,24.1,17.5,0,0,1.2,6.25
41.2,1.26,0.61,0.94,0.79,0.18,0.21,furniture,high,0.86,25.5,40.3,35.6,0,1,1.0,9.08
195.02,2.24,0.16,0.53,0.36,1.54,6.22,medicine,standard,0.79,32.3,11.7,6.4,0,0,1.2,42.56
59.88,1.85,0.27,0.75,0.28,3.38,4.25,general,critical,0.75,24.6,20.5,9.9,0,1,1.0,18.24
223.15,1.97,0.39,0.78,0.23,3.04,0.93,furniture,high,0.78,31.1,26.4,19.1,1,1,1.0,50.34
83.09,2.43,0.21,0.37,0.13,4.0,0.01,general,high,0.71,27.3,14.3,11.8,1,3,1.0,30.34
228.1,1.54,0.74,0.51,0.17,3.5,6.16,furniture,low,0.88,27.6,43.9,27.1,1,0,1.0,38.14
205.85,1.25,0.47,0.91,0.49,3.22,0.1,general,high,0.96,31.9,28.5,22.7,0,1,1.0,11.43
149.64,1.3,0.47,0.81,0.05,1.38,9.91,perishable,critical,0.79,23.6,35.6,22.2,1,1,1.2,31.63
280.57,2.06,0.13,0.61,0.38,0.36,1.21,medicine,high,0.95,24.7,6.8,7.0,1,0,1.2,43.57
43.01,1.9,0.58,0.47,0.3,0.49,1.59,general,high,0.62,35.1,30.6,30.1,0,1,1.0,15.71
246.59,1.25,0.08,0.98,0.59,4.43,2.9,medicine,standard,0.87,30.3,6.3,3.0,0,0,1.2,17.37
90.23,2.38,0.59,0.14,0.55,6.77,1.68,luxury,high,0.78,30.1,46.8,27.9,1,0,1.0,32.75
132.29,1.47,0.19,0.79,0.13,0.34,1.23,general,critical,0.89,31.4,12.1,7.5,1,1,1.0,13.71
131.86,2.08,0.41,0.63,0.16,10.72,1.8,perishable,high,0.8,30.1,30.4,22.3,0,0,1.2,33.52
147.38,2.91,0.07,0.93,0.31,10.57,9.55,medicine,critical,0.95,34.7,3.8,3.3,0,0,1.2,47.6
102.59,1.59,0.02,0.77,0.23,5.92,3.61,perishable,high,0.83,30.5,1.4,1.1,1,1,1.2,19.47
120.21,2.12,0.28,0.23,0.28,3.57,0.6,perishable,critical,0.95,33.2,15.2,14.2,0,0,1.2,24.06
73.45,1.71,0.38,0.81,0.26,0.2,2.89,perishable,standard,0.71,29.6,21.3,15.3,1,1,1.2,15.35
41.11,1.63,0.14,0.39,0.55,3.42,1.78,furniture,low,0.88,30.2,9.1,7.2,1,2,1.0,14.93
186.46,1.88,0.27,0.41,0.34,5.4,1.59,furniture,critical,0.78,35.8,21.6,9.9,0,0,1.0,26.28
247.27,2.35,0.08,0.54,0.6,13.96,4.3,luxury,standard,0.98,32.8,4.0,4.3,0,1,1.0,38.0
157.25,2.52,0.14,0.67,0.38,0.3,4.3,hazmat,standard,0.83,34.8,9.9,7.2,1,0,1.4,42.8
41.39,1.69,0.2,0.11,0.13,6.94,7.24,general,standard,0.67,26.2,10.5,7.5,0,0,1.0,10.65
109.11,1.54,0.27,0.96,0.48,5.01,1.18,perishable,standard,0.77,29.0,20.0,10.6,0,1,1.2,21.12
141.9,1.01,0.16,0.67,0.11,4.44,2.64,general,high,0.8,23.1,9.5,8.1,0,0,1.0,3.05
46.87,1.98,0.29,0.47,0.46,0.17,5.55,hazmat,high,0.92,30.0,21.6,13.9,0,0,1.4,18.66
167.37,2.07,0.47,0.69,0.35,0.19,6.25,furniture,standard,0.84,25.7,23.5,22.1,0,0,1.0,28.87
117.24,1.61,0.57,0.71,0.24,5.66,0.42,perishable,high,0.8,27.1,43.7,23.1,0,0,1.2,22.6
95.5,2.4,0.51,0.12,0.13,0.99,2.92,medicine,high,0.71,29.2,30.8,22.9,0,0,1.2,33.51
26.34,1.94,0.42,0.19,0.29,8.95,15.72,hazmat,high,0.79,31.1,24.3,21.6,0,0,1.4,19.33
148.25,1.48,0.03,0.6,0.38,2.9,0.2,medicine,critical,0.82,29.4,1.6,1.2,0,0,1.2,11.04
149.53,1.26,0.31,0.47,0.46,1.16,1.1,general,high,0.72,34.8,17.1,17.6,0,1,1.0,13.04
112.5,1.82,0.51,0.52,0.21,9.7,1.04,furniture,standard,0.91,27.8,34.4,23.4,0,0,1.0,20.29
178.04,1.64,0.25,0.29,0.18,1.21,6.29,luxury,critical,0.82,32.1,14.6,8.8,0,0,1.0,15.24
211.45,1.11,0.09,0.94,0.56,4.49,6.8,hazmat,low,0.71,29.3,4.4,4.3,0,0,1.4,17.17
77.21,1.99,0.19,0.42,0.5,3.08,2.52,general,standard,0.73,27.6,12.3,10.7,0,0,1.0,17.14
62.59,1.7,0.6,0.15,0.34,5.47,0.86,general,standard,0.86,34.1,30.3,28.4,1,1,1.0,24.92
187.59,2.02,0.87,0.68,0.39,2.05,2.75,general,standard,0.94,32.1,51.2,35.3,0,0,1.0,28.68
99.16,1.52,0.54,0.62,0.18,1.94,4.21,general,low,0.69,30.5,29.0,23.7,0,1,1.0,25.46
124.93,1.95,0.3,0.62,0.4,4.85,1.34,general,standard,0.91,29.2,18.3,17.9,0,2,1.0,24.38
254.44,1.35,0.21,0.17,0.54,18.6,0.46,luxury,standard,0.79,25.6,13.7,10.5,0,0,1.0,18.28
186.53,1.69,0.46,0.79,0.67,15.85,2.61,general,standard,0.79,28.7,25.1,17.1,0,0,1.0,23.69
70.57,1.83,0.39,0.4,0.21,0.31,2.04,general,high,0.82,29.3,23.6,15.9,1,0,1.0,13.34
86.67,2.15,0.08,0.96,0.51,4.33,10.18,medicine,low,0.73,30.4,4.3,4.1,0,0,1.2,37.0
148.8,2.13,0.12,0.66,0.18,0.1,2.7,medicine,standard,0.86,24.6,9.5,5.5,0,0,1.2,28.54
159.7,1.36,0.1,0.71,0.18,5.94,3.2,general,high,0.78,30.4,5.8,5.7,0,1,1.0,11.56
67.42,1.76,0.4,0.63,0.16,6.36,2.14,furniture,high,0.81,33.6,31.7,19.2,0,0,1.0,7.14
189.8,2.21,0.25,0.51,0.17,1.18,9.28,luxury,standard,0.77,33.2,12.3,9.8,0,1,1.0,37.12
196.09,1.18,0.23,0.41,0.5,5.88,0.87,general,high,0.68,35.3,16.4,9.3,1,0,1.0,11.47
181.42,1.46,0.46,0.24,0.43,0.44,0.22,perishable,standard,0.96,27.6,32.7,23.7,0,0,1.2,21.9
280.22,1.58,0.01,0.66,0.41,0.74,2.58,general,high,0.76,25.2,0.6,0.4,0,0,1.0,18.08
184.57,2.85,0.51,1.0,0.25,3.62,11.38,general,standard,0.8,32.6,40.3,24.9,0,1,1.0,59.33
51.29,1.38,0.34,0.47,0.76,2.28,2.26,perishable,standard,0.91,27.9,18.1,19.2,1,1,1.2,12.97
71.17,1.13,0.14,0.32,0.16,13.65,2.32,luxury,high,0.92,29.9,10.4,6.5,0,1,1.0,6.7
112.47,1.42,0.78,0.82,0.51,4.78,8.28,general,low,0.85,33.8,43.7,40.3,0,0,1.0,21.55
70.15,1.35,0.26,0.94,0.27,5.81,9.06,hazmat,high,0.78,34.2,18.3,12.0,0,1,1.4,18.23
167.46,2.49,0.49,0.99,0.28,8.81,0.81,perishable,low,0.76,30.7,30.8,22.2,1,1,1.2,75.7
74.42,1.42,0.26,0.87,0.62,8.65,5.3,luxury,standard,0.65,31.9,20.2,13.4,0,1,1.0,16.33
91.53,1.68,0.02,0.56,0.59,7.33,6.75,general,standard,0.73,27.4,1.2,0.8,1,0,1.0,8.54
38.76,1.45,0.15,0.87,0.29,6.41,0.42,general,standard,0.74,34.1,10.9,8.5,0,0,1.0,4.77
235.55,1.5,0.27,0.17,0.27,7.84,7.5,perishable,low,0.97,25.5,19.7,12.1,0,0,1.2,25.59
124.16,1.83,0.39,0.83,0.03,0.3,1.53,perishable,high,0.69,36.0,20.0,13.8,1,1,1.2,31.36
258.68,1.99,0.35,0.19,0.76,4.55,0.79,medicine,high,0.94,34.0,23.2,15.0,1,2,1.2,45.48
140.0,2.46,0.22,0.65,0.17,5.85,11.4,furniture,low,0.87,26.1,16.8,10.4,0,1,1.0,35.28
108.72,1.26,0.28,0.4,0.53,2.9,2.43,luxury,low,0.88,32.0,19.8,15.6,0,0,1.0,8.24
167.89,1.1,0.5,0.6,0.36,8.39,6.47,medicine,standard,0.72,29.9,33.1,26.6,0,0,1.2,16.93
63.01,2.05,0.04,0.37,0.46,6.11,1.17,perishable,standard,0.76,31.8,3.2,2.4,0,0,1.2,14.28
76.14,1.68,0.03,0.15,0.56,0.42,5.03,general,high,0.8,30.3,2.1,1.1,0,1,1.0,10.16
231.0,1.66,0.19,0.81,0.27,8.69,0.95,general,critical,0.84,29.2,11.1,9.8,0,2,1.0,25.2
202.99,1.28,0.23,0.21,0.64,2.16,7.29,general,standard,0.67,27.5,14.0,11.2,0,3,1.0,17.83
106.6,1.53,0.21,0.66,0.45,3.17,0.09,medicine,low,0.55,29.3,16.4,10.0,0,0,1.2,21.6
78.51,2.3,0.19,0.37,0.51,1.93,4.37,furniture,standard,0.76,31.4,14.3,7.2,1,0,1.0,17.72
260.3,1.43,0.07,0.67,0.16,10.34,1.77,perishable,high,0.91,31.4,4.0,2.9,0,2,1.2,26.53
75.08,1.68,0.02,0.48,0.3,2.47,0.44,general,high,0.85,23.4,1.5,0.8,0,0,1.0,5.42
170.87,1.91,0.69,0.89,0.27,13.13,0.46,perishable,standard,0.72,30.8,44.9,38.1,0,0,1.2,40.7
180.19,1.38,0.14,0.75,0.22,11.07,3.59,general,standard,0.65,31.9,10.4,7.6,0,0,1.0,11.46
69.3,1.6,0.66,0.32,0.41,3.97,1.0,general,high,0.61,30.5,50.5,33.3,0,0,1.0,10.94
123.63,2.0,0.32,0.97,0.85,2.01,0.62,furniture,high,0.81,32.3,20.1,13.5,0,1,1.0,26.22
144.91,1.13,0.93,0.33,0.14,0.28,1.2,perishable,standard,0.73,34.2,73.9,36.2,0,0,1.2,19.12
172.42,1.45,0.47,0.24,0.24,0.14,4.91,perishable,high,0.93,37.6,24.8,21.6,0,0,1.2,14.13
41.17,1.62,0.24,0.98,0.28,9.39,6.85,general,low,0.91,30.6,18.2,13.6,0,0,1.0,10.02
101.51,1.64,0.17,0.17,0.32,4.9,14.71,perishable,high,0.66,31.0,12.2,6.6,1,2,1.2,25.22
184.6,1.97,0.38,0.42,0.6,1.69,2.6,luxury,standard,0.73,28.0,29.0,13.9,1,0,1.0,33.63
212.29,2.58,0.22,0.67,0.75,1.05,2.23,furniture,standard,0.67,31.9,16.9,11.8,1,1,1.0,47.75
180.05,3.1,0.33,0.96,0.37,0.34,3.38,medicine,high,0.76,34.3,20.1,18.1,1,0,1.2,71.72
19.88,1.94,0.45,0.36,0.09,2.76,2.66,furniture,standard,0.82,27.2,33.6,25.5,1,1,1.0,24.34
201.87,1.02,0.33,0.69,0.1,2.15,2.15,hazmat,high,0.87,33.3,18.0,13.6,0,1,1.4,12.33
100.49,1.56,0.52,0.12,0.6,2.91,8.92,general,standard,0.82,28.5,30.1,20.3,0,2,1.0,16.42
39.26,1.5,0.05,0.74,0.3,3.39,1.24,general,critical,0.9,32.1,3.2,1.9,0,0,1.0,4.57
180.45,1.51,0.27,0.92,0.34,5.15,4.63,perishable,high,0.77,36.3,13.4,12.6,0,0,1.2,21.06
228.64,1.22,0.18,0.25,0.05,2.06,12.79,general,low,0.95,26.5,9.7,10.0,0,1,1.0,16.03
232.79,2.22,0.04,0.8,0.19,0.19,3.71,luxury,critical,0.77,32.8,3.0,1.7,1,0,1.0,32.19
160.27,1.12,0.15,0.55,0.48,3.22,0.51,perishable,high,0.68,28.7,11.7,6.4,1,0,1.2,4.98
150.63,1.52,0.31,0.64,0.56,4.08,4.01,furniture,standard,0.97,29.8,22.1,12.2,1,0,1.0,12.33
116.69,1.27,0.43,0.74,0.6,1.34,8.33,luxury,high,0.9,26.3,24.4,20.9,0,0,1.0,12.05
236.13,2.17,0.52,0.73,0.4,1.93,9.49,perishable,high,0.64,29.4,40.7,30.7,1,1,1.2,76.89
203.95,1.34,0.14,0.53,0.52,6.25,3.16,general,high,0.95,25.8,9.9,7.6,1,1,1.0,13.44
146.31,1.75,0.4,0.51,0.23,2.67,0.52,perishable,critical,0.75,28.8,28.9,23.2,1,0,1.2,31.98
13.4,2.13,0.14,0.36,0.16,2.97,0.79,perishable,high,0.84,26.8,11.2,6.5,1,1,1.2,7.92
229.46,1.33,0.71,0.25,0.24,5.16,3.13,hazmat,high,0.66,34.4,40.3,29.8,0,1,1.4,31.97
37.3,1.25,0.35,0.87,0.21,6.78,10.29,luxury,standard,0.93,30.4,18.7,19.5,0,0,1.0,6.61
111.64,2.57,0.07,0.84,0.49,3.82,6.85,perishable,standard,0.66,28.6,3.9,3.5,0,0,1.2,30.13
133.65,2.0,0.14,0.87,0.32,5.27,2.41,luxury,standard,0.76,27.9,9.5,5.3,0,0,1.0,20.62
28.03,1.49,0.63,0.98,0.19,8.44,2.57,hazmat,high,0.73,29.0,34.0,23.5,1,2,1.4,41.44
117.37,1.66,0.1,0.42,0.6,0.71,0.34,medicine,critical,0.59,31.9,8.0,4.6,0,0,1.2,13.91
65.31,1.96,0.16,0.5,0.53,0.91,11.91,medicine,high,0.87,24.3,9.6,6.8,0,0,1.2,14.03
142.3,2.31,0.43,0.93,0.39,4.99,5.39,perishable,high,0.72,33.4,32.0,22.0,0,0,1.2,28.12
192.01,2.57,0.01,0.27,0.66,16.1,1.8,hazmat,low,0.81,28.0,0.6,0.4,1,1,1.4,69.07
190.66,1.95,0.35,0.64,0.27,0.04,0.61,luxury,low,0.82,32.6,23.8,19.9,0,0,1.0,35.29
91.33,1.66,0.57,0.72,0.07,1.74,1.52,luxury,high,0.86,28.8,45.7,32.4,1,0,1.0,23.26
214.4,1.9,0.54,0.78,0.1,1.66,10.61,perishable,high,0.79,25.6,34.8,24.6,1,1,1.2,46.96
222.33,2.19,0.53,0.86,0.22,0.84,1.8,hazmat,critical,0.82,30.4,26.3,24.4,0,0,1.4,50.72
172.38,2.66,0.08,0.34,0.09,3.49,4.34,general,standard,0.8,27.2,4.8,4.4,0,2,1.0,37.17
156.23,1.64,0.61,0.64,0.54,5.0,11.1,furniture,critical,0.79,30.5,42.0,28.9,0,0,1.0,23.13
100.97,1.63,0.31,0.94,0.22,4.81,4.65,furniture,critical,0.97,28.9,20.4,13.8,0,1,1.0,16.75
76.68,2.43,0.42,0.91,0.46,16.68,6.49,general,low,0.72,27.5,29.7,18.8,1,1,1.0,41.83
236.45,1.3,0.33,0.63,0.4,1.67,3.25,hazmat,high,0.84,34.5,17.4,14.4,0,0,1.4,19.16
105.94,1.38,0.48,0.34,0.18,3.94,1.46,hazmat,standard,0.81,29.5,36.9,25.4,0,0,1.4,18.27
296.59,1.16,0.01,0.58,0.46,0.38,3.87,perishable,standard,0.75,34.5,0.5,0.5,1,0,1.2,9.88
76.3,1.1,0.43,0.42,0.18,5.36,3.97,furniture,high,0.87,29.7,31.9,15.8,0,1,1.0,7.19
285.19,1.67,0.7,0.71,0.01,9.27,6.66,furniture,high,0.76,32.7,55.4,31.2,1,0,1.0,46.84
187.88,2.14,0.57,0.62,0.49,14.34,0.46,perishable,critical,0.9,29.6,39.4,20.6,1,0,1.2,52.77
123.34,1.42,0.26,0.24,0.45,4.11,4.37,furniture,low,0.76,30.3,14.1,12.8,1,1,1.0,14.79
161.26,2.01,0.58,0.46,0.58,5.98,1.39,medicine,critical,0.72,30.4,43.7,29.8,1,0,1.2,44.3
143.72,1.94,0.54,0.96,0.2,9.05,0.25,perishable,critical,0.79,25.8,26.8,23.9,1,1,1.2,41.83
130.11,2.27,0.33,0.81,0.32,9.37,0.99,perishable,standard,0.7,30.1,19.8,18.9,1,2,1.2,43.12
70.11,2.08,0.25,0.47,0.5,1.67,0.97,perishable,standard,0.83,33.7,13.0,13.0,0,1,1.2,21.88
31.81,2.23,0.07,0.88,0.4,5.28,14.86,perishable,high,0.95,35.1,3.5,3.5,0,2,1.2,21.3
201.62,1.7,0.4,0.53,0.35,14.1,3.14,general,high,0.85,36.8,30.9,19.2,0,0,1.0,25.14
207.13,1.86,0.51,0.54,0.56,13.75,16.02,medicine,standard,0.77,30.1,30.1,25.2,1,0,1.2,55.12
116.27,2.3,0.42,0.84,0.2,1.03,0.81,perishable,standard,0.94,29.2,23.2,17.5,0,0,1.2,30.41
110.97,2.17,0.25,0.76,0.48,12.78,2.81,furniture,standard,0.71,29.7,15.0,10.7,0,0,1.0,31.56
223.05,1.43,0.28,0.11,0.7,13.61,4.53,perishable,high,0.76,30.0,22.1,14.5,1,0,1.2,23.2
202.74,1.36,0.54,0.45,0.31,4.05,2.81,general,high,0.74,32.7,31.7,27.3,1,1,1.0,29.88
56.78,1.09,0.32,0.11,0.37,1.19,4.15,medicine,standard,0.7,30.8,24.2,12.1,0,0,1.2,7.89
221.75,2.46,0.22,0.59,0.69,0.27,1.1,perishable,standard,0.76,30.3,14.5,9.3,1,0,1.2,61.07
181.91,1.84,0.17,0.5,0.31,1.07,0.33,hazmat,high,0.73,29.3,13.5,6.9,0,1,1.4,38.35
144.63,2.16,0.33,0.33,0.37,0.72,2.12,perishable,critical,0.6,25.0,23.9,13.7,1,0,1.2,28.81
53.6,1.85,0.74,0.99,0.09,1.07,0.88,hazmat,low,0.75,32.6,49.7,43.4,0,0,1.4,33.14
44.39,2.44,0.37,0.22,0.51,17.89,9.75,hazmat,standard,0.64,23.8,19.7,19.2,0,1,1.4,40.58
178.8,1.14,0.42,0.9,0.55,0.89,2.71,general,critical,0.71,29.3,31.0,18.8,0,0,1.0,7.52
136.76,1.54,0.13,0.94,0.35,3.74,3.75,perishable,low,0.94,24.4,9.5,4.8,0,0,1.2,18.33
79.88,1.5,0.64,0.9,0.32,1.34,1.55,perishable,low,0.75,28.9,46.2,27.9,0,0,1.2,25.2
288.21,1.17,0.18,0.51,0.62,0.38,0.17,perishable,standard,0.68,32.8,11.6,9.3,1,1,1.2,18.96
235.17,1.47,0.15,0.98,0.33,1.39,0.37,hazmat,standard,0.87,30.9,9.9,5.3,0,0,1.4,27.04
56.7,1.11,0.54,0.11,0.6,5.82,2.28,luxury,standard,0.64,31.6,36.7,31.2,0,1,1.0,9.55
45.57,1.77,0.11,0.37,0.31,1.11,5.27,perishable,high,0.77,32.0,5.6,5.7,0,1,1.2,15.17
148.99,1.51,0.63,0.23,0.31,0.79,2.11,perishable,standard,0.65,28.8,39.5,34.2,0,0,1.2,24.53
183.67,1.21,0.22,0.24,0.31,0.54,2.18,general,low,0.69,31.9,14.1,11.6,1,0,1.0,12.69
216.04,1.42,0.13,0.77,0.14,0.79,3.48,perishable,standard,0.79,30.5,7.9,7.7,0,0,1.2,18.12
169.4,1.39,0.34,0.34,0.43,0.16,1.62,medicine,standard,0.91,25.4,19.6,17.9,0,1,1.2,16.6
161.4,1.83,0.3,0.45,0.59,1.02,5.59,general,high,0.95,26.8,20.3,11.2,1,0,1.0,18.61
250.76,1.57,0.27,0.64,0.24,12.5,11.26,medicine,standard,0.84,30.8,21.5,11.4,0,0,1.2,27.03
298.34,1.54,0.32,0.81,0.39,28.82,6.42,luxury,standard,0.8,31.1,18.6,13.7,1,2,1.0,31.85
182.58,1.24,0.1,0.36,0.23,6.73,8.71,hazmat,critical,0.77,30.8,5.9,3.9,0,0,1.4,7.18
208.4,1.43,0.1,0.85,0.29,3.92,4.4,general,critical,0.98,30.6,7.6,4.3,0,1,1.0,9.4
38.03,1.51,0.2,0.58,0.35,0.33,1.18,general,critical,0.97,27.0,10.5,9.7,0,3,1.0,12.22
287.13,1.19,0.44,0.74,0.38,8.48,0.08,medicine,high,0.86,27.2,31.4,17.0,1,0,1.2,24.6
203.39,2.22,0.4,0.72,0.34,1.01,5.55,perishable,high,0.83,29.6,27.2,14.4,1,0,1.2,53.75
58.33,1.53,0.07,0.9,0.28,6.64,8.33,general,standard,0.93,29.3,5.1,2.6,1,1,1.0,5.97
142.63,2.29,0.21,0.84,0.68,19.64,0.06,luxury,low,0.69,29.7,12.9,8.1,0,0,1.0,41.4
142.68,1.27,0.33,0.89,0.31,8.59,1.79,general,low,0.81,27.3,22.1,19.5,0,0,1.0,12.09
231.62,1.36,0.57,0.71,0.2,4.73,0.32,furniture,critical,0.93,31.5,41.3,22.3,1,0,1.0,20.21
216.68,1.49,0.19,0.21,0.72,1.03,3.97,hazmat,standard,0.89,34.3,13.0,9.5,0,1,1.4,24.4
41.52,1.81,0.79,0.24,0.28,27.44,7.74,medicine,high,0.87,31.9,62.7,46.2,0,1,1.2,30.26
208.29,2.03,0.6,0.84,0.02,0.52,0.58,furniture,standard,0.76,29.1,31.5,33.6,1,0,1.0,36.63
182.26,2.05,0.37,0.66,0.22,6.85,1.2,medicine,standard,0.77,32.2,20.4,14.8,0,0,1.2,43.11
127.35,1.43,0.52,0.13,0.45,1.63,5.51,perishable,standard,0.82,23.0,34.3,28.6,1,1,1.2,24.62
225.6,1.44,0.55,0.24,0.66,0.07,3.16,general,high,0.9,25.9,28.8,25.1,1,1,1.0,29.05
177.14,1.79,0.33,0.89,0.11,1.98,1.92,hazmat,critical,0.86,25.2,17.9,12.1,0,1,1.4,31.7
108.56,1.48,0.1,0.61,0.6,5.32,6.83,medicine,high,0.71,30.7,7.7,4.9,1,1,1.2,18.02
158.57,1.88,0.18,0.2,0.2,12.57,4.08,furniture,low,0.58,33.8,12.6,7.8,0,1,1.0,14.72
219.32,1.5,0.3,0.15,0.17,0.23,2.11,general,critical,0.68,26.1,19.6,13.0,1,1,1.0,17.14
92.63,1.27,0.25,1.0,0.14,8.39,5.33,general,high,0.72,28.8,16.2,11.5,0,1,1.0,10.69
90.59,1.11,0.43,0.37,0.16,3.93,4.79,medicine,standard,0.79,24.8,29.0,21.6,0,0,1.2,7.55
134.27,2.4,0.37,0.69,0.11,3.29,1.68,general,standard,0.62,32.3,19.4,19.2,0,0,1.0,38.99
95.22,2.12,0.39,0.4,0.08,6.98,12.26,furniture,high,0.82,28.5,19.4,14.8,0,1,1.0,24.5
164.69,1.56,0.1,0.79,0.19,1.33,2.29,medicine,low,0.89,33.0,7.6,5.9,0,0,1.2,20.92
154.39,1.3,0.27,0.92,0.42,5.52,17.45,medicine,standard,0.88,29.3,21.3,13.4,0,1,1.2,21.42
99.1,1.44,0.18,0.53,0.07,1.88,13.14,general,critical,0.91,28.2,14.4,6.8,0,1,1.0,8.89
51.79,1.22,0.51,0.92,0.25,5.04,3.67,perishable,high,0.72,25.8,29.3,22.2,0,0,1.2,10.83
141.6,1.75,0.24,0.37,0.46,0.12,2.93,perishable,high,0.76,31.0,11.8,11.1,0,2,1.2,31.18
161.61,1.93,0.65,0.71,0.36,14.06,10.08,general,low,0.87,28.4,36.2,25.2,0,1,1.0,29.98
240.57,1.9,0.46,0.25,0.39,12.17,1.95,hazmat,low,0.82,30.9,26.7,23.4,1,0,1.4,67.94
35.54,1.17,0.38,0.33,0.32,13.75,0.2,hazmat,standard,0.93,32.3,27.7,14.9,0,0,1.4,11.61
121.81,1.76,0.49,0.84,0.27,0.39,0.3,medicine,low,0.78,32.8,35.0,23.5,0,1,1.2,26.47
26.7,1.9,0.34,0.94,0.22,0.83,2.71,medicine,low,0.75,30.8,17.4,14.1,1,0,1.2,12.13
30.04,1.92,0.16,0.75,0.43,11.58,1.06,perishable,standard,0.92,35.7,12.5,8.6,1,1,1.2,11.4
168.66,2.11,0.09,0.24,0.31,6.46,1.19,perishable,standard,0.85,27.2,6.2,3.8,0,0,1.2,38.84
151.27,1.04,0.19,0.12,0.11,3.01,3.08,perishable,standard,0.83,33.5,11.9,11.4,1,2,1.2,13.18
102.59,1.69,0.25,0.17,0.39,1.75,3.96,general,high,0.72,28.3,13.5,13.8,0,1,1.0,18.24
108.65,1.29,0.26,0.39,0.13,9.39,6.34,medicine,high,0.91,26.8,15.1,10.2,0,2,1.2,13.55
124.08,1.3,0.17,0.4,0.8,8.75,8.9,general,standard,0.72,29.3,13.0,9.4,1,0,1.0,9.93
37.65,1.33,0.1,0.14,0.19,1.56,2.12,perishable,standard,0.7,31.6,5.6,5.3,1,0,1.2,6.98
85.56,1.78,0.18,0.99,0.2,3.38,3.67,luxury,high,0.86,27.0,13.9,6.7,0,0,1.0,10.16
108.36,1.91,0.62,0.6,0.17,4.88,7.42,furniture,high,0.88,28.7,49.2,32.3,0,0,1.0,16.7
217.99,1.07,0.28,0.15,0.57,0.62,6.32,furniture,standard,0.7,26.9,17.5,13.2,1,0,1.0,8.47
163.43,1.11,0.31,0.71,0.16,16.84,1.71,medicine,low,0.94,29.4,17.5,18.1,1,0,1.2,12.76
186.59,2.13,0.2,0.88,0.26,7.84,25.0,perishable,standard,0.82,36.0,14.2,11.5,0,1,1.2,43.52
107.79,1.01,0.16,0.33,0.07,5.34,4.3,luxury,standard,0.75,23.5,12.2,6.2,0,2,1.0,12.71
113.99,1.22,0.35,0.82,0.39,9.95,1.65,medicine,high,0.79,30.9,24.5,20.6,0,1,1.2,10.98
114.46,1.59,0.42,0.9,0.45,0.85,15.15,medicine,standard,0.67,33.7,24.7,16.4,1,1,1.2,32.69
32.29,1.98,0.37,0.22,0.47,5.66,22.55,luxury,high,0.78,24.4,29.1,18.4,1,0,1.0,28.23
91.42,1.7,0.32,0.47,0.06,0.51,0.32,perishable,low,0.95,30.2,23.0,18.8,0,0,1.2,14.15
235.93,1.76,0.37,0.18,0.08,1.02,5.23,hazmat,standard,0.81,23.9,18.3,13.4,0,0,1.4,46.36
143.79,1.67,0.57,0.12,0.07,1.49,1.96,perishable,high,0.87,30.9,34.7,34.2,0,0,1.2,21.58
97.85,2.27,0.01,0.79,0.19,3.65,0.66,general,low,0.59,28.5,0.6,0.5,0,0,1.0,20.02
178.16,1.7,0.24,0.17,0.38,0.72,9.77,luxury,low,0.9,34.9,18.9,10.9,0,0,1.0,14.92
266.53,1.89,0.45,0.59,0.39,5.31,4.73,medicine,low,0.75,28.6,26.4,21.7,1,3,1.2,69.28
210.36,1.81,0.16,0.54,0.3,0.6,5.29,perishable,standard,0.86,31.5,9.4,8.5,0,0,1.2,28.43
92.77,2.45,0.28,0.54,0.55,1.64,2.19,hazmat,high,0.72,34.4,18.5,15.9,1,1,1.4,29.81
115.79,1.56,0.14,0.9,0.25,6.78,5.91,medicine,low,0.93,29.1,7.0,5.8,0,1,1.2,23.27
170.05,1.6,0.47,0.63,0.02,6.02,5.9,furniture,high,0.9,33.7,30.8,24.9,0,0,1.0,18.98
212.77,2.61,0.71,0.96,0.35,11.47,0.75,luxury,critical,0.72,31.3,55.0,37.7,0,1,1.0,53.13
94.64,1.39,0.16,0.76,0.43,4.39,5.26,general,low,0.84,31.5,8.9,9.3,0,1,1.0,14.1
40.37,1.34,0.45,0.53,0.31,10.22,2.86,general,standard,0.84,29.6,24.5,18.3,1,0,1.0,9.41
118.7,2.19,0.37,0.21,0.25,9.61,1.86,medicine,high,0.79,32.0,26.2,20.8,0,2,1.2,40.63
135.4,2.02,0.71,0.63,0.12,3.04,3.82,furniture,low,0.71,29.0,39.2,38.7,0,0,1.0,28.09
59.91,2.1,0.36,0.72,0.3,9.56,0.69,furniture,critical,0.9,31.6,27.3,19.4,1,0,1.0,16.27
211.91,2.12,0.23,0.96,0.13,6.26,1.81,medicine,standard,0.74,34.2,12.5,8.3,0,1,1.2,41.02
98.37,1.84,0.35,0.37,0.72,1.0,3.23,perishable,high,0.88,29.4,27.6,14.6,1,1,1.2,34.75
143.75,1.39,0.21,1.0,0.3,4.49,17.85,general,high,0.71,27.6,12.7,10.9,1,0,1.0,14.5
149.77,1.41,0.29,0.16,0.7,2.59,0.73,general,standard,0.74,32.3,14.9,15.1,0,3,1.0,25.28
94.91,1.38,0.72,0.29,0.19,1.99,10.45,perishable,standard,0.92,31.7,39.7,37.0,0,0,1.2,20.99
253.37,1.32,0.17,0.98,0.37,4.66,3.07,general,high,0.81,30.1,11.7,9.6,0,0,1.0,10.88
183.16,1.82,0.47,0.47,0.54,3.23,3.08,perishable,low,0.89,31.5,24.6,25.0,0,0,1.2,31.97
72.91,2.24,0.29,0.99,0.36,24.14,4.89,luxury,high,0.81,26.0,21.4,14.8,0,1,1.0,29.44
126.84,2.47,0.19,0.99,0.07,18.56,0.24,general,standard,0.87,37.1,11.1,11.1,1,1,1.0,37.2
79.57,1.57,0.58,0.37,0.05,5.32,0.28,perishable,critical,0.77,29.4,33.6,30.6,0,0,1.2,10.56
80.15,1.13,0.3,0.53,0.47,1.34,10.39,hazmat,low,0.71,29.1,15.9,12.2,0,0,1.4,18.54
136.61,2.01,0.19,0.29,0.37,4.65,0.9,hazmat,standard,0.83,27.9,15.1,8.8,0,1,1.4,35.69
187.27,1.97,0.29,0.84,0.61,0.97,1.48,perishable,low,0.9,29.8,19.5,12.1,0,0,1.2,33.16
134.61,1.47,0.21,0.23,0.13,7.82,7.11,hazmat,critical,0.9,30.1,15.0,12.1,0,0,1.4,16.5
175.33,1.87,0.52,0.25,0.26,17.61,2.57,luxury,standard,0.83,29.5,34.3,22.7,0,0,1.0,26.56
176.44,1.96,0.64,0.83,0.36,1.29,3.52,perishable,low,0.89,28.4,48.2,33.2,0,1,1.2,48.63
163.51,1.86,0.17,0.8,0.21,2.91,2.98,luxury,standard,0.85,29.4,13.1,9.7,0,2,1.0,32.83
124.77,2.35,0.21,0.81,0.74,1.68,2.2,furniture,critical,0.7,34.8,16.1,8.3,0,1,1.0,25.16
187.44,2.51,0.09,0.29,0.66,0.04,5.2,general,critical,0.62,31.5,6.3,4.7,1,2,1.0,43.61
163.92,1.72,0.41,0.74,0.09,17.53,2.59,general,standard,0.7,23.3,29.1,23.4,1,1,1.0,39.2
145.54,2.49,0.27,0.46,0.16,4.6,1.81,perishable,standard,0.93,31.4,15.4,14.8,0,0,1.2,40.45
161.93,2.28,0.32,0.69,0.26,7.72,0.97,perishable,high,0.7,30.9,22.0,12.5,0,0,1.2,38.95
73.41,1.42,0.53,0.28,0.55,24.21,0.18,furniture,high,0.79,30.1,29.1,25.6,0,0,1.0,15.67
118.36,1.69,0.62,0.93,0.29,0.72,16.53,general,low,0.79,28.6,42.0,37.0,0,2,1.0,30.31
85.53,1.4,0.5,0.63,0.29,0.65,8.47,perishable,low,0.72,28.5,32.5,18.4,0,0,1.2,17.04
65.87,2.36,0.04,0.78,0.52,4.49,4.31,furniture,standard,0.92,31.6,2.6,2.3,0,1,1.0,19.41
255.61,2.21,0.43,0.49,0.42,6.26,2.75,perishable,critical,0.66,31.5,30.1,15.5,0,0,1.2,52.3
137.95,1.66,0.39,0.87,0.19,2.03,14.13,perishable,standard,0.7,25.3,20.8,20.3,1,1,1.2,36.16
250.98,1.59,0.11,0.45,0.68,3.61,0.82,hazmat,standard,0.88,27.1,8.3,4.7,1,1,1.4,32.17
73.81,1.29,0.08,0.36,0.3,1.2,3.57,general,high,0.75,31.2,4.5,3.5,1,0,1.0,6.6
149.66,1.13,0.22,0.98,0.35,4.96,2.22,general,high,0.65,26.9,14.2,7.8,0,2,1.0,12.73
92.42,1.34,0.28,0.54,0.23,0.8,2.57,general,critical,0.75,30.7,15.5,14.4,1,1,1.0,9.17
71.86,1.86,0.28,0.42,0.25,2.02,0.51,general,low,0.7,34.6,15.7,13.3,1,2,1.0,17.37
112.96,2.26,0.23,0.6,0.56,0.07,4.4,hazmat,high,0.63,33.0,11.9,9.9,0,3,1.4,32.69
162.93,2.27,0.45,0.84,0.29,2.96,2.37,general,low,0.67,32.3,29.3,22.5,0,0,1.0,42.61
304.08,1.78,0.54,0.56,0.42,1.25,2.56,general,low,0.68,30.1,34.1,28.4,0,0,1.0,44.42
174.61,1.8,0.11,0.57,0.23,0.08,0.78,perishable,high,0.78,31.5,8.6,5.8,0,1,1.2,23.89
248.35,1.17,0.26,0.57,0.48,13.36,3.07,perishable,high,0.59,31.3,14.8,9.1,1,1,1.2,18.77
213.61,2.13,0.86,0.54,0.35,1.57,2.25,general,standard,0.91,30.5,45.9,44.0,0,0,1.0,40.71
31.24,2.49,0.69,0.73,0.23,17.35,1.47,luxury,standard,0.67,32.1,38.6,39.5,0,1,1.0,21.45
198.07,2.4,0.28,0.85,0.05,8.62,4.71,perishable,critical,0.78,33.2,17.2,14.0,0,1,1.2,44.87
214.88,1.84,0.45,0.66,0.55,8.27,3.29,medicine,standard,0.87,34.0,24.8,23.6,0,1,1.2,35.77
275.47,1.88,0.48,0.39,0.39,8.4,14.92,general,low,0.86,26.5,27.4,18.5,1,1,1.0,55.65
262.19,1.49,0.19,0.83,0.34,0.67,2.94,luxury,standard,0.89,25.2,10.3,11.0,1,0,1.0,19.35
128.65,2.15,0.16,0.19,0.07,7.82,5.77,hazmat,low,0.88,29.2,11.4,8.8,0,0,1.4,40.07
102.76,1.55,0.39,0.44,0.3,8.96,7.82,general,standard,0.85,27.4,29.7,15.0,0,0,1.0,17.16
152.24,2.0,0.4,0.84,0.38,1.16,7.31,furniture,standard,0.74,27.4,22.7,22.3,1,0,1.0,29.43
206.16,1.34,0.21,0.75,0.32,13.12,6.73,general,standard,0.81,28.5,16.3,7.7,1,3,1.0,20.94
97.49,1.28,0.44,0.97,0.19,1.53,1.23,perishable,critical,0.83,26.7,30.8,24.6,1,0,1.2,18.5
228.13,1.41,0.22,0.44,0.61,14.58,3.66,hazmat,high,0.78,26.8,17.7,11.2,1,0,1.4,23.27
257.92,1.44,0.11,0.67,0.43,0.69,16.88,furniture,high,0.71,23.5,5.8,5.3,0,0,1.0,22.42
49.45,1.58,0.06,0.81,0.35,21.13,11.72,furniture,standard,0.88,34.3,3.2,2.2,1,0,1.0,11.13
102.79,1.21,0.5,0.56,0.29,21.18,8.57,luxury,standard,0.91,34.2,27.1,20.4,1,2,1.0,29.18
36.36,1.58,0.45,0.37,0.2,1.93,5.82,perishable,high,0.98,27.7,28.0,20.9,1,0,1.2,20.32
85.04,1.06,0.21,0.21,0.06,5.74,0.37,perishable,high,0.91,32.2,13.9,8.7,1,0,1.2,2.89
174.14,1.73,0.39,0.3,0.47,16.85,2.22,luxury,standard,0.7,24.2,19.9,19.0,1,0,1.0,22.94
98.94,2.55,0.58,0.15,0.39,2.39,1.44,furniture,standard,0.78,27.6,46.0,34.7,0,0,1.0,24.36
154.8,2.57,0.31,0.34,0.25,9.19,1.96,hazmat,critical,0.58,25.1,22.0,15.7,0,0,1.4,47.84
26.49,1.31,0.19,0.21,0.34,1.02,3.5,perishable,high,0.75,28.5,14.3,10.2,0,1,1.2,11.63
75.2,2.09,0.37,0.13,0.55,8.07,2.0,perishable,low,0.82,30.0,23.8,16.7,0,0,1.2,17.22
49.51,1.55,0.11,0.44,0.44,0.46,2.22,hazmat,standard,0.74,28.3,7.6,6.4,0,0,1.4,14.03
55.13,2.41,0.45,0.53,0.72,1.69,3.71,medicine,high,0.79,28.3,24.3,18.1,0,0,1.2,27.04
153.84,1.75,0.37,0.63,0.36,4.01,8.51,furniture,critical,0.98,27.5,27.4,15.8,1,0,1.0,30.59
142.52,1.62,0.27,0.84,0.24,1.3,0.67,medicine,low,0.65,28.3,14.1,14.1,0,1,1.2,22.38
195.61,2.8,0.23,0.15,0.16,0.25,1.26,general,standard,0.61,33.3,13.8,8.3,0,0,1.0,52.94
198.67,1.57,0.47,0.2,0.34,9.36,0.07,furniture,standard,0.75,30.6,36.2,26.6,1,0,1.0,32.41
211.56,2.92,0.28,0.46,0.15,3.4,8.89,general,high,0.76,30.0,14.8,16.0,0,1,1.0,52.88
77.23,1.28,0.43,0.64,0.39,4.92,0.19,medicine,standard,0.97,31.0,34.4,25.1,1,1,1.2,31.26
204.35,1.54,0.13,0.29,0.52,20.75,7.1,furniture,standard,0.73,23.7,7.7,4.6,0,0,1.0,18.42
103.63,1.24,0.47,0.29,0.28,8.26,7.39,general,standard,0.76,35.5,25.5,23.6,0,0,1.0,8.7
224.64,2.77,0.15,0.13,0.71,0.25,0.08,luxury,standard,0.77,25.4,9.9,8.8,0,1,1.0,59.73
211.04,1.43,0.34,0.62,0.17,25.23,8.32,general,standard,0.82,34.5,23.4,12.8,0,2,1.0,23.19
111.21,1.8,0.58,0.61,0.14,24.57,2.63,medicine,standard,0.77,31.0,30.9,32.6,0,0,1.2,29.15
179.16,2.61,0.25,0.56,0.13,9.9,13.12,luxury,standard,0.91,28.4,17.9,11.4,1,0,1.0,44.27
178.5,1.69,0.14,0.94,0.45,10.23,3.3,general,low,0.76,27.0,8.3,6.6,0,1,1.0,25.22
48.89,2.28,0.48,0.53,0.22,10.12,6.26,medicine,standard,0.75,33.2,24.1,24.8,0,0,1.2,27.26
72.43,1.57,0.5,0.82,0.42,4.77,3.6,hazmat,standard,0.81,26.3,34.0,20.6,0,1,1.4,24.34
73.75,1.87,0.26,0.44,0.1,0.98,6.86,general,critical,0.73,29.8,14.7,10.5,0,1,1.0,12.71
175.87,2.25,0.1,0.79,0.17,4.02,5.74,furniture,low,0.81,31.3,5.2,4.3,0,1,1.0,41.39
81.82,1.98,0.85,0.84,0.19,7.69,0.84,perishable,standard,0.74,33.2,61.0,51.0,0,0,1.2,39.86
35.01,1.12,0.2,0.14,0.25,28.39,3.31,perishable,standard,0.84,27.1,12.1,7.5,1,0,1.2,10.28
141.91,1.47,0.63,0.21,0.65,7.32,2.0,general,high,0.84,33.0,39.5,37.3,1,0,1.0,30.43
177.05,2.52,0.33,0.9,0.24,9.27,0.04,furniture,standard,0.72,31.5,25.5,17.7,1,0,1.0,45.49
70.09,1.49,0.09,0.53,0.05,4.23,3.84,hazmat,critical,0.87,27.8,6.1,4.3,0,0,1.4,9.42
190.41,1.33,0.13,0.77,0.28,0.11,0.98,medicine,standard,0.65,27.2,6.5,6.0,1,1,1.2,13.56
149.94,1.73,0.6,0.65,0.36,16.17,8.39,medicine,standard,0.89,31.0,34.3,30.1,1,1,1.2,43.59
189.06,1.11,0.31,0.63,0.57,7.24,4.62,hazmat,high,0.97,28.8,24.3,16.5,0,0,1.4,12.97
245.06,1.23,0.09,0.21,0.25,1.81,0.59,perishable,low,0.81,33.1,5.0,5.4,0,1,1.2,18.23
44.84,1.47,0.09,0.12,0.33,0.85,0.24,medicine,standard,0.94,27.4,4.6,3.4,0,1,1.2,10.34
148.72,2.21,0.56,0.64,0.19,0.28,9.15,perishable,high,0.62,31.3,41.1,29.2,1,2,1.2,64.4
98.66,1.58,0.4,0.98,0.18,0.46,12.99,general,high,0.82,30.3,20.6,23.9,0,0,1.0,14.13
17.54,1.44,0.6,0.67,0.38,2.57,7.45,furniture,high,0.83,33.9,32.5,27.1,1,0,1.0,16.35
287.26,1.12,0.63,0.76,0.3,0.33,1.21,luxury,high,0.67,30.5,42.2,32.5,1,0,1.0,18.89
62.84,2.7,0.71,0.15,0.36,4.71,1.37,hazmat,standard,0.73,32.0,39.3,27.1,1,1,1.4,60.58
117.89,1.63,0.51,0.91,0.4,12.09,1.78,furniture,high,0.78,32.5,30.2,22.3,0,0,1.0,16.89
70.05,1.88,0.59,0.68,0.23,2.18,1.15,general,standard,0.91,22.7,35.9,31.3,0,0,1.0,15.46
95.39,1.49,0.2,0.76,0.66,0.91,5.07,general,standard,0.73,36.8,11.8,9.8,1,0,1.0,17.08
229.09,1.74,0.52,0.88,0.43,1.77,2.81,luxury,standard,0.71,27.7,34.9,29.4,1,0,1.0,46.58
163.46,1.07,0.29,0.7,0.33,5.85,2.88,general,low,0.7,30.7,20.0,17.4,0,0,1.0,9.1
235.21,1.98,0.41,0.22,0.35,0.3,2.74,hazmat,standard,0.85,30.7,30.6,24.2,1,0,1.4,56.92
145.66,1.45,0.33,0.61,0.47,0.41,1.11,medicine,standard,0.83,32.1,24.1,19.0,1,0,1.2,14.62
63.57,1.95,0.25,0.26,0.28,0.04,6.63,furniture,low,0.71,32.9,19.2,14.6,1,0,1.0,17.27
213.2,2.5,0.15,0.83,0.35,1.76,5.51,furniture,standard,0.82,30.2,11.3,7.1,1,2,1.0,59.52
288.99,1.68,0.05,0.43,0.54,0.39,8.17,medicine,standard,0.79,32.7,3.7,2.3,1,1,1.2,37.23
199.28,1.67,0.37,0.19,0.04,5.05,1.98,medicine,low,0.84,30.9,19.7,13.0,1,1,1.2,26.49
240.06,2.11,0.19,0.52,0.3,6.25,0.43,medicine,high,0.74,32.0,10.4,8.7,0,1,1.2,49.37
61.42,2.21,0.1,0.54,0.41,5.54,3.04,medicine,standard,0.94,28.1,7.2,4.1,1,0,1.2,14.8
87.22,1.29,0.68,0.95,0.22,0.65,7.59,medicine,standard,0.78,30.1,37.3,33.3,1,1,1.2,32.4
101.74,1.07,0.6,0.18,0.62,2.74,5.11,furniture,high,0.7,26.9,44.6,32.8,0,1,1.0,9.83
31.09,2.4,0.36,0.32,0.46,7.2,0.33,perishable,standard,0.9,29.2,18.1,19.5,1,1,1.2,12.24
54.06,1.46,0.2,0.84,0.34,1.61,0.5,general,high,0.72,28.0,15.3,11.2,1,0,1.0,4.73
251.67,1.75,0.3,0.34,0.59,1.57,0.65,medicine,standard,0.9,36.0,16.9,13.3,0,0,1.2,34.35
216.66,2.88,0.6,0.93,0.11,1.17,0.79,furniture,low,0.85,29.8,39.3,32.8,0,2,1.0,65.03
208.08,1.75,0.32,0.41,0.2,0.26,13.64,luxury,standard,0.9,29.1,24.2,18.3,1,0,1.0,24.56
240.53,2.35,0.14,0.85,0.44,10.85,2.14,medicine,high,0.66,31.9,9.4,6.7,1,2,1.2,64.88
97.58,2.18,0.45,0.69,0.38,10.16,4.41,perishable,standard,0.83,25.7,36.2,20.5,1,0,1.2,45.41
44.93,1.48,0.47,0.34,0.21,14.71,0.72,perishable,standard,0.7,34.3,30.9,24.3,0,1,1.2,20.23
40.23,1.38,0.07,0.56,0.54,16.63,3.64,furniture,standard,0.86,29.1,4.1,3.3,1,0,1.0,5.42
136.79,1.09,0.36,0.44,0.03,0.15,1.12,perishable,standard,0.68,30.0,27.9,21.1,1,0,1.2,19.22
205.07,1.54,0.36,0.92,0.13,10.5,16.21,general,low,0.8,29.4,25.0,20.9,1,2,1.0,29.46
138.72,1.4,0.18,0.95,0.4,0.09,3.2,luxury,low,0.84,31.4,14.3,8.3,1,0,1.0,15.47
77.58,1.42,0.47,1.0,0.23,6.6,1.62,furniture,critical,0.92,27.0,34.5,22.1,0,0,1.0,10.06
105.01,1.86,0.27,0.89,0.31,4.48,3.97,medicine,high,0.77,28.9,14.5,10.4,1,0,1.2,16.8
133.44,2.84,0.29,0.93,0.57,0.95,3.5,general,standard,0.73,35.8,19.5,17.3,0,0,1.0,45.44
98.97,1.34,0.48,0.67,0.17,0.07,2.48,furniture,standard,0.77,24.3,25.6,26.8,1,0,1.0,17.87
43.13,2.14,0.19,0.53,0.25,6.8,9.58,hazmat,standard,0.84,29.3,11.8,10.3,0,0,1.4,16.26
147.89,1.67,0.55,0.65,0.03,6.31,10.17,furniture,standard,0.76,34.3,39.4,31.5,0,0,1.0,22.37
91.38,1.61,0.3,0.86,0.51,0.76,0.64,general,high,0.94,30.2,21.9,17.7,0,0,1.0,12.22
99.56,1.53,0.09,0.78,0.37,5.98,0.69,general,standard,0.76,28.7,6.8,4.7,1,0,1.0,8.51
96.91,1.51,0.34,0.17,0.03,11.63,19.05,furniture,standard,0.93,31.6,21.3,13.4,1,0,1.0,13.83
95.21,1.2,0.55,0.59,0.14,2.61,4.02,general,high,0.7,30.0,39.5,26.1,1,1,1.0,20.4
206.42,1.32,0.67,0.46,0.11,6.73,0.82,furniture,critical,0.81,30.0,39.3,34.2,1,0,1.0,12.96
291.32,1.28,0.49,0.35,0.21,4.87,0.33,furniture,critical,0.78,30.6,31.8,23.1,1,1,1.0,27.62
195.93,2.14,0.15,0.42,0.39,0.88,5.58,perishable,critical,0.57,29.4,10.2,5.5,1,0,1.2,29.12
190.32,1.96,0.27,0.41,0.45,3.34,9.46,perishable,standard,0.88,31.3,19.0,10.6,1,0,1.2,38.94
124.51,1.51,0.09,0.26,0.24,2.99,6.6,luxury,low,0.94,27.3,7.2,3.4,0,0,1.0,9.05
